site.code ,orchard.type,Orchard.num,Tree,Cultivation ,Herbicides,Com_Mul,Mowing ,Weed_Mats,Cover_Crops,Fire_Mgmt,Acres,Pest_Index,Latitude,Longitutde,elevation,Szn.Max.Avg,Szn.Min.Avg,Szn.Temp.Avg,Szn.Total.Precip,Prox.Water,avgwgt,Firmness, SSC,maturity.index,Tissue,SampleID,TCA,pb1,gentistic.acid,catechin,c.gala,chl.acid,caf.acid,pb2,syr.acid,epicatechin,p.coum,ferulic,rutin,hyperin,isoquercitin,reynoutrin,avicularin,quercitrin,phloridzin,quercetin,phloretin,U1,U2,,
A,Organic ,1,1_1,0,1,0,1,0,1,0,75,1.56,34.04883,116.9434,1466,80.74166667,54.91666667,67.825,9.05,4653,111.67,15.2,9,3,PULP,11PU,860.7902736,0,0,0,0,8737.685623,0,429.9850035,0,1063.979787,0,0,0,0,0,0,0,0,1583.129194,0,0,140.9945435,13.9243466,,
A,Organic ,1,1_2,0,1,0,1,0,1,0,75,1.56,34.04883,116.9434,1466,80.74166667,54.91666667,67.825,9.05,4653,123.67,8.4,12,3,PULP,12PU,857.7486118,0,0,0,0,6057.820309,0,543.2425116,0,0,0,0,0,0,0,0,0,260.8713324,0,0,0,69.0596946,15.9651132,,
A,Organic ,1,1_3,0,1,0,1,0,1,0,75,1.56,34.04883,116.9434,1466,80.74166667,54.91666667,67.825,9.05,4653,74,10.6,11,4,PULP,13PU,838.2831771,735.6427861,0,0,0,9297.646174,0,997.5739452,0,1276.803705,0,0,0,0,0,0,0,0,0,0,0,154.5384295,22.7557904,,
A,Organic ,1,1_4,0,1,0,1,0,1,0,75,1.56,34.04883,116.9434,1466,80.74166667,54.91666667,67.825,9.05,4653,97,14.3,10,5,PULP,14PU,864.2929807,0,0,0,0,7997.384475,47.602408,0,0,997.4519352,0,0,0,0,0,0,0,0,0,0,0,78.1736719,127.57154,,
A,Organic ,1,1_5,0,1,0,1,0,1,0,75,1.56,34.04883,116.9434,1466,80.74166667,54.91666667,67.825,9.05,4653,88.33,15.8,10.5,4,PULP,15PU,829.6875,632.7104809,0,0,0,8682.781255,41.8807951,746.0152509,0,1280.426512,0,0,0,0,0,0,0,0,0,0,0,133.5008918,17.318062,,
A,Organic ,1,1_1,0,1,0,1,0,1,0,75,1.56,34.04883,116.9434,1466,80.74166667,54.91666667,67.825,9.05,4653,111.67,15.2,9,3,SEED,11SD,761.6315554,0,0,0,0,7629.175735,0,1085.221011,0,1298.783875,0,0,0,0,0,124.8336364,0,0,44993.9979,0,6.5073008,0,28.5178519,,
A,Organic ,1,1_2,0,1,0,1,0,1,0,75,1.56,34.04883,116.9434,1466,80.74166667,54.91666667,67.825,9.05,4653,123.67,8.4,12,3,SEED,12SD,840.7718951,0,0,0,0,17361.81527,0,1923.815873,305.672958,1644.443544,0,0,0,0,0,261.366517,0,330.7448812,114660.2204,0,46.2451268,14.317092,52.6029595,,
A,Organic ,1,1_3,0,1,0,1,0,1,0,75,1.56,34.04883,116.9434,1466,80.74166667,54.91666667,67.825,9.05,4653,74,10.6,11,4,SEED,13SD,825.6559767,0,0,0,0,10782.52652,4.6327979,1623.832941,0,1681.102924,0,0,0,0,0,160.3663368,0,45.8448268,61553.50887,0,3.2315064,0,42.2630653,,
A,Organic ,1,1_4,0,1,0,1,0,1,0,75,1.56,34.04883,116.9434,1466,80.74166667,54.91666667,67.825,9.05,4653,97,14.3,10,5,SEED,14SD,853.8693467,0,0,0,0,9164.609697,0,1687.965311,0,1298.438084,0,0,0,0,0,119.0003142,0,0,52965.18052,0,3.6775313,0,39.7454081,,
A,Organic ,1,1_5,0,1,0,1,0,1,0,75,1.56,34.04883,116.9434,1466,80.74166667,54.91666667,67.825,9.05,4653,88.33,15.8,10.5,4,SEED,15SD,867.381317,0,0,0,0,16399.76148,147.4799119,5014.02375,0,2820.757647,0,0,0,0,0,150.944903,0,92.0071139,85567.61518,0,21.9416271,0,60.3365923,,
A,Organic ,1,1_1,0,1,0,1,0,1,0,75,1.56,34.04883,116.9434,1466,80.74166667,54.91666667,67.825,9.05,4653,111.67,15.2,9,3,SKIN,11SK,846.2151394,935.3765263,0,0,0,3430.632166,0,2818.754334,448.6205934,3091.721812,0,0,733.9525339,19574.18936,3262.611494,3806.506989,7381.253132,10007.26836,1310.353284,0,0,29.5221996,76.4627863,,
A,Organic ,1,1_2,0,1,0,1,0,1,0,75,1.56,34.04883,116.9434,1466,80.74166667,54.91666667,67.825,9.05,4653,123.67,8.4,12,3,SKIN,12SK,862.1004566,0,0,0,0,3592.501321,0,2275.97217,340.2122618,2051.514043,0,0,764.0018643,28249.17127,4518.237586,6456.125036,12292.48735,38329.42736,1087.896561,32.4506833,0,23.2426239,56.7504939,,
A,Organic ,1,1_3,0,1,0,1,0,1,0,75,1.56,34.04883,116.9434,1466,80.74166667,54.91666667,67.825,9.05,4653,74,10.6,11,4,SKIN,13SK,805.6899004,1612.731405,0,2442.59337,0,4396.206248,0,4816.648106,321.1873059,3795.295591,0,0,1953.502928,28158.68368,4822.47784,5067.256777,9453.495342,14346.35358,2512.620851,0,0,38.7957858,81.0254579,,
A,Organic ,1,1_4,0,1,0,1,0,1,0,75,1.56,34.04883,116.9434,1466,80.74166667,54.91666667,67.825,9.05,4653,97,14.3,10,5,SKIN,14SK,862.97613,0,381.9398748,1535.173505,0,6366.308663,30.8456508,5057.012963,0,4001.303796,0,0,7244.652772,733.650502,2114.312788,120.4386369,2834.557538,2636.506315,4869.09428,0,0,58.6126098,0,,
A,Organic ,1,1_5,0,1,0,1,0,1,0,75,1.56,34.04883,116.9434,1466,80.74166667,54.91666667,67.825,9.05,4653,88.33,15.8,10.5,4,SKIN,15SK,830.9046455,1066.054641,0,0,0,3628.752461,0,3198.235757,403.7727179,4307.680349,0,0,262.4574162,7133.389107,1692.238192,1872.977221,3882.837358,5998.375311,2351.170188,0,0,35.2791959,71.8067562,,
A,Conventional ,2,2_1,0,1,0,1,0,1,0,75,1.56,34.04883,116.9434,1466,80.74166667,54.91666667,67.825,9.05,4653,49.67,15.3,11,4,PULP,21PU,871.8317086,0,0,0,0,6907.402534,0,0,0,639.1081086,0,0,0,0,0,0,0,0,1115.272956,0,0,171.7732998,0,,
A,Conventional ,2,2_2,0,1,0,1,0,1,0,75,1.56,34.04883,116.9434,1466,80.74166667,54.91666667,67.825,9.05,4653,38.67,9.86,12,4,PULP,22P,837.044335,0,0,0,0,8811.123358,0,965.1314742,0,2067.680433,0,0,0,0,0,0,0,0,1647.867282,0,0,54.7513889,21.8495639,,
A,Conventional ,2,2_3,0,1,0,1,0,1,0,75,1.56,34.04883,116.9434,1466,80.74166667,54.91666667,67.825,9.05,4653,68,11.8,11,4,PULP,23PU,834.5776031,0,394.3439256,369.728319,0,18884.15305,0,1263.374622,297.0483136,1971.557157,0,0,0,0,0,0,0,0,1103.808168,0,0,91.8956248,20.6991218,,
A,Conventional ,2,2_4,0,1,0,1,0,1,0,75,1.56,34.04883,116.9434,1466,80.74166667,54.91666667,67.825,9.05,4653,73,15.4,10.5,4,PULP,24PU,847.0588235,6418.184611,0,2382.587758,0,64860.14364,275.233939,13212.19282,0,11017.12467,84.3311975,0,0,0,0,0,0,0,1975.512438,0,0,352.3151673,142.4144323,,
A,Conventional ,2,2_5,0,1,0,1,0,1,0,75,1.56,34.04883,116.9434,1466,80.74166667,54.91666667,67.825,9.05,4653,81.33,11.4,10,5,PULP,25PU,871.3846154,0,0,0,0,16937.84304,45.476126,2815.732225,339.9017705,2686.335617,0,0,0,0,0,247.6890987,0,176.3763054,90116.14206,0,18.4082923,7.1990068,74.1025799,,
A,Conventional ,2,2_1,0,1,0,1,0,1,0,75,1.56,34.04883,116.9434,1466,80.74166667,54.91666667,67.825,9.05,4653,49.67,15.3,11,4,SEED,21SD,813.4035424,0,0,273.6201956,0,20165.53328,22.8364379,6610.847841,417.7232364,4032.973831,0,0,0,0,0,252.7658374,0,168.8881282,90637.06829,0,61.8871589,60.3397918,101.6464322,,
A,Conventional ,2,2_2,0,1,0,1,0,1,0,75,1.56,34.04883,116.9434,1466,80.74166667,54.91666667,67.825,9.05,4653,38.67,9.86,12,4,SEED,22SD,859.9190283,0,584.2254458,0,0,10548.66587,0,818.1049694,0,1099.410607,0,0,0,0,0,0,0,0,90273.53311,0,7.3567905,0,27.1733751,,
A,Conventional ,2,2_3,0,1,0,1,0,1,0,75,1.56,34.04883,116.9434,1466,80.74166667,54.91666667,67.825,9.05,4653,68,11.8,11,4,SEED,23SD,774.8290014,600.9041708,0,0,0,18043.05162,18.3134621,6101.575597,367.5957254,3952.867378,0,0,0,0,0,265.6478473,0,182.9071695,90278.47181,0,28.3420472,0,99.154797,,
A,Conventional ,2,2_4,0,1,0,1,0,1,0,75,1.56,34.04883,116.9434,1466,80.74166667,54.91666667,67.825,9.05,4653,73,15.4,10.5,4,SEED,24SD,824.4541485,430.002979,0,148.4216518,0,14824.8607,0,6086.765182,328.050958,4144.889552,0,0,0,0,0,193.1608236,0,111.0026562,60631.29543,0,16.3136174,22.7398081,85.5619203,,
A,Conventional ,2,2_5,0,1,0,1,0,1,0,75,1.56,34.04883,116.9434,1466,80.74166667,54.91666667,67.825,9.05,4653,81.33,11.4,10,5,SEED,25SD,863.4146341,0,0,0,0,5145.437674,0,2167.328424,377.1051782,2070.282345,0,0,12579.85126,942.8669276,3290.170399,348.3368934,4824.536542,6953.384999,2069.082573,0,0,77.370414,57.1738334,,
A,Conventional ,2,2_1,0,1,0,1,0,1,0,75,1.56,34.04883,116.9434,1466,80.74166667,54.91666667,67.825,9.05,4653,49.67,15.3,11,4,SKIN,21SK,846.2151394,1605.385949,0,1417.604206,0,11469.86742,0,3070.349806,1180.349023,5315.667505,0,0,226.8415793,2460.686699,2172.904954,1807.193358,3642.462327,4523.626942,2685.928922,0,0,54.7273106,76.2837391,,
A,Conventional ,2,2_2,0,1,0,1,0,1,0,75,1.56,34.04883,116.9434,1466,80.74166667,54.91666667,67.825,9.05,4653,38.67,9.86,12,4,SKIN,22SK,819.6816208,1331.993164,0,0,0,4711.688104,0,3581.712581,665.2408748,4566.337909,0,0,0,7949.265222,1624.998869,3413.387697,5481.48382,10479.36169,2816.852719,0,0,29.8167183,87.5166509,,
A,Conventional ,2,2_3,0,1,0,1,0,1,0,75,1.56,34.04883,116.9434,1466,80.74166667,54.91666667,67.825,9.05,4653,68,11.8,11,4,SKIN,23SK,826.8613139,0,0,0,0,7128.134711,0,2631.251437,868.358672,4518.234858,0,0,294.2940013,2711.85775,2224.794191,2021.227061,3752.039108,5811.44309,1753.077944,0,0,28.9461452,66.6052149,,
A,Conventional ,2,2_4,0,1,0,1,0,1,0,75,1.56,34.04883,116.9434,1466,80.74166667,54.91666667,67.825,9.05,4653,73,15.4,10.5,4,SKIN,24SK,869.6008188,1913.385098,0,0,0,11879.95799,21.1298825,6017.569613,855.6147272,8242.286455,0,0,351.8769442,4494.828541,3059.082104,3047.822168,5903.093971,6070.276834,3579.608434,0,0,55.6313839,132.977829,,
A,Conventional ,2,2_5,0,1,0,1,0,1,0,75,1.56,34.04883,116.9434,1466,80.74166667,54.91666667,67.825,9.05,4653,81.33,11.4,10,5,SKIN,25SK,864.7328244,1799.157783,0,0,0,21447.0823,0,0,968.274026,3420.255512,0,0,0,0,0,0,0,0,879.064445,0,889.9412694,89.1507737,0,,
B,Organic ,3,3_1,1,0,1,1,0,1,0,30,1.72,35.27926,120.6921,15,69.625,46.68333333,58.16666667,9.49,197,138.67,20.1,13,4,PULP,31PU,863.8535841,0,0,0,0,554.7748863,23.0402576,0,0,0,0,0,691.2925149,0,0,0,0,438.1792575,0,0,0,20.2694153,0,,
B,Organic ,3,3_2,1,0,1,1,0,1,0,30,1.72,35.27926,120.6921,15,69.625,46.68333333,58.16666667,9.49,197,118.33,17.8,15,5,PULP,32PU,855.1585304,0,0,0,0,0,0,0,0,0,0,0,0,0,0,0,0,0,0,0,0,0,0,,
B,Organic ,3,3_3,1,0,1,1,0,1,0,30,1.72,35.27926,120.6921,15,69.625,46.68333333,58.16666667,9.49,197,122,20.7,12,3,PULP,33PU,844.1132638,0,0,0,0,0,0,0,0,0,0,0,0,0,0,0,0,0,0,0,0,0,0,,
B,Organic ,3,3_4,1,0,1,1,0,1,0,30,1.72,35.27926,120.6921,15,69.625,46.68333333,58.16666667,9.49,197,120.33,20.8,13,4,PULP,34PU,846.2151394,0,0,0,0,0,0,0,0,0,0,0,0,0,0,0,0,0,0,0,0,8.2720188,0,,
B,Organic ,3,3_5,1,0,1,1,0,1,0,30,1.72,35.27926,120.6921,15,69.625,46.68333333,58.16666667,9.49,197,109.67,20.8,14,4,PULP,35PU,818.8915663,0,0,0,0,786.1176351,46.8618563,0,0,0,0,0,0,0,0,0,0,0,0,0,0,53.4870736,0,,
B,Organic ,3,3_1,1,0,1,1,0,1,0,30,1.72,35.27926,120.6921,15,69.625,46.68333333,58.16666667,9.49,197,138.67,20.1,13,4,SEED,31SD,844.1132638,0,0,0,0,8815.413416,0,945.6252214,0,1137.471141,0,0,0,0,0,111.945064,0,0,44062.17298,0,15.432204,6.9363443,30.8158567,,
B,Organic ,3,3_2,1,0,1,1,0,1,0,30,1.72,35.27926,120.6921,15,69.625,46.68333333,58.16666667,9.49,197,118.33,17.8,15,5,SEED,32SD,865.6138563,0,266.732373,249.3117817,0,7948.273103,0,408.2946458,0,565.0914045,0,0,0,0,0,128.9820519,0,0,51427.02395,0,0,0,20.0625588,,
B,Organic ,3,3_3,1,0,1,1,0,1,0,30,1.72,35.27926,120.6921,15,69.625,46.68333333,58.16666667,9.49,197,122,20.7,12,3,SEED,33SD,810.3004292,0,0,0,0,0,0,0,0,0,0,0,0,0,0,0,0,0,0,0,123.5029287,0,0,,
B,Organic ,3,3_4,1,0,1,1,0,1,0,30,1.72,35.27926,120.6921,15,69.625,46.68333333,58.16666667,9.49,197,120.33,20.8,13,4,SEED,34SD,810.6870229,0,0,0,0,18397.51536,260.5725546,3759.061244,0,1957.965028,0,0,0,0,0,0,0,626.8712718,65480.32503,0,73.1274952,0,35.4100217,,
B,Organic ,3,3_5,1,0,1,1,0,1,0,30,1.72,35.27926,120.6921,15,69.625,46.68333333,58.16666667,9.49,197,109.67,20.8,14,4,SEED,35SD,856.4516129,0,0,0,0,0,0,0,0,0,0,0,0,0,0,0,0,0,3415.75777,0,16.1002244,0,0,,
B,Organic ,3,3_1,1,0,1,1,0,1,0,30,1.72,35.27926,120.6921,15,69.625,46.68333333,58.16666667,9.49,197,138.67,20.1,13,4,SKIN,31SK,841.1881188,1324.328658,0,0,2351.454155,3609.053576,0,10832.53641,592.5755043,11781.64605,0,0,2060.946683,27395.23992,4189.16349,5200.891608,11968.01852,16810.96037,2009.673781,3.3260633,0,49.8938204,171.999067,,
B,Organic ,3,3_2,1,0,1,1,0,1,0,30,1.72,35.27926,120.6921,15,69.625,46.68333333,58.16666667,9.49,197,118.33,17.8,15,5,SKIN,32SK,863.8535841,0,0,0,1673.019831,3897.030678,0,9905.048588,0,10420.7966,0,0,859.685618,14919.69921,2478.642944,3229.641659,7824.392696,10665.0385,2062.641245,8.2219369,0,49.680833,152.5371862,,
B,Organic ,3,3_4,1,0,1,1,0,1,0,30,1.72,35.27926,120.6921,15,69.625,46.68333333,58.16666667,9.49,197,122,20.7,12,3,SKIN,34SK,868.2677568,0,500.3821775,0,0,3744.988587,0,9521.646102,579.6466944,992.0207062,0,0,0,3481.388574,0,1463.437606,3573.405445,3862.014878,2812.577375,0,0,23.794479,0,,
B,Organic ,3,3_3,1,0,1,1,0,1,0,30,1.72,35.27926,120.6921,15,69.625,46.68333333,58.16666667,9.49,197,120.33,20.8,13,4,SKIN,33SK,832.9411765,0,0,0,0,1072.731151,0,501.0694927,336.0511193,894.3201907,0,0,228.3240211,4190.305929,1387.788843,1755.504832,4016.147475,6448.301088,0,36.5543626,0,59.2305055,164.9477462,,
B,Organic ,3,3_5,1,0,1,1,0,1,0,30,1.72,35.27926,120.6921,15,69.625,46.68333333,58.16666667,9.49,197,109.67,20.8,14,4,SKIN,35SK,850.4504505,0,0,0,0,6139.999351,0,10062.79753,598.1722917,13792.33187,0,0,302.2632613,12481.46966,1994.125042,3273.987591,7213.455371,9807.568359,2289.801808,0,0,82.4509826,173.1208634,,
B,Conventional ,4,4_1,1,1,1,1,0,1,0,40,1.94,35.77103,120.6372,245,78.73333333,43.06666667,60.89166667,11.66,608,78,18.4,14,4,PULP,41PU,822.0609579,0,0,0,0,7081.313287,15.5573147,512.0176304,0,576.4254239,0,0,0,0,0,0,0,0,777.0731072,0,0,107.1179531,12.2765667,,
B,Conventional ,4,4_2,1,1,1,1,0,1,0,40,1.94,35.77103,120.6372,245,78.73333333,43.06666667,60.89166667,11.66,608,67,16.8,15.5,4,PULP,42PU,801.8876829,0,0,0,0,8490.287958,0,0,0,0,0,0,0,0,0,0,0,0,0,0,0,95.2103655,0,,
B,Conventional ,4,4_3,1,1,1,1,0,1,0,40,1.94,35.77103,120.6372,245,78.73333333,43.06666667,60.89166667,11.66,608,60.67,18,15.5,5,PULP,43PU,864.2929807,0,0,0,0,0,0,0,0,0,0,0,0,0,0,0,0,0,0,0,0,0,0,,
B,Conventional ,4,4_4,1,1,1,1,0,1,0,40,1.94,35.77103,120.6372,245,78.73333333,43.06666667,60.89166667,11.66,608,95.67,14.7,12.5,4,PULP,44PU,849.6,0,0,0,0,5735.159076,27.6882808,256.4540061,0,763.6868546,0,0,0,0,0,0,0,0,0,0,0,85.6707307,9.3966531,,
B,Conventional ,4,4_5,1,1,1,1,0,1,0,40,1.94,35.77103,120.6372,245,78.73333333,43.06666667,60.89166667,11.66,608,73.67,17.4,13,5,PULP,45PU,847.9041916,0,0,0,0,4559.517678,0,0,0,0,0,0,0,0,0,0,0,0,0,0,0,63.6893127,0,,
B,Conventional ,4,4_1,1,1,1,1,0,1,0,40,1.94,35.77103,120.6372,245,78.73333333,43.06666667,60.89166667,11.66,608,78,18.4,14,4,SEED,41SD,805.6899004,0,0,0,0,191.1209334,0,0,0,0,0,0,0,0,0,0,0,0,9057.918149,0,341.8486713,0,0,,
B,Conventional ,4,4_2,1,1,1,1,0,1,0,40,1.94,35.77103,120.6372,245,78.73333333,43.06666667,60.89166667,11.66,608,67,16.8,15.5,4,SEED,42SD,858.6154624,0,0,0,0,13381.0177,240.7609784,1781.410737,0,0,0,0,0,0,0,0,0,274.3994383,89574.68434,0,37.9770622,0,23.1640959,,
B,Conventional ,4,4_3,1,1,1,1,0,1,0,40,1.94,35.77103,120.6372,245,78.73333333,43.06666667,60.89166667,11.66,608,60.67,18,15.5,5,SEED,43SD,821.2663122,0,0,0,0,0,0,0,0,0,0,0,0,0,0,0,0,0,1044.688122,0,0,0,0,,
B,Conventional ,4,4_4,1,1,1,1,0,1,0,40,1.94,35.77103,120.6372,245,78.73333333,43.06666667,60.89166667,11.66,608,95.67,14.7,12.5,4,SEED,44SD,826.459144,0,0,0,0,17486.76016,114.809542,5632.821873,0,2783.637033,0,0,0,0,0,212.1205432,0,888.32355,76753.72462,0,0,0,69.5118786,,
B,Conventional ,4,4_5,1,1,1,1,0,1,0,40,1.94,35.77103,120.6372,245,78.73333333,43.06666667,60.89166667,11.66,608,73.67,17.4,13,5,SEED,45SD,848.3275087,0,0,0,0,4993.225876,0,396.7740651,0,0,0,0,0,0,0,0,0,0,38270.12024,0,0,0,14.6868853,,
B,Conventional ,4,4_1,1,1,1,1,0,1,0,40,1.94,35.77103,120.6372,245,78.73333333,43.06666667,60.89166667,11.66,608,78,18.4,14,4,SKIN,41SK,837.4568753,956.0272261,0,0,0,5086.725349,0,8585.578605,490.9707561,6774.781294,0,0,539.4815178,19119.64756,4226.577855,4313.839284,7525.202226,10510.09677,2537.872202,0,0,43.4330746,120.5666853,,
B,Conventional ,4,4_2,1,1,1,1,0,1,0,40,1.94,35.77103,120.6372,245,78.73333333,43.06666667,60.89166667,11.66,608,67,16.8,15.5,4,SKIN,42SK,843.694141,809.006444,0,257.71008,0,6391.381326,0,960.1837669,307.8127906,2366.583912,0,0,663.4130894,11720.00817,3168.092299,3319.435347,6096.180512,8759.355661,3711.154644,0,0,47.5261225,74.0306675,,
B,Conventional ,4,4_3,1,1,1,1,0,1,0,40,1.94,35.77103,120.6372,245,78.73333333,43.06666667,60.89166667,11.66,608,60.67,18,15.5,5,SKIN,43SK,868.7116564,1026.433587,0,0,0,6071.15728,0,7228.72073,430.1570651,5051.194564,0,0,1351.44363,26243.51076,5197.285591,4940.160963,9411.916565,12347.41255,4164.035491,0,0,52.7810998,23.3626805,,
B,Conventional ,4,4_4,1,1,1,1,0,1,0,40,1.94,35.77103,120.6372,245,78.73333333,43.06666667,60.89166667,11.66,608,95.67,14.7,12.5,4,SKIN,44SK,853.8693467,988.2881294,0,0,0,3585.683453,0,4533.793523,423.8843153,4531.980581,0,0,0,4437.950624,1844.088862,1548.571069,3092.217407,3636.03609,2445.326866,0,0,34.0033322,96.4638004,,
B,Conventional ,4,4_5,1,1,1,1,0,1,0,40,1.94,35.77103,120.6372,245,78.73333333,43.06666667,60.89166667,11.66,608,73.67,17.4,13,5,SKIN,45SK,839.1111111,0,0,0,0,3476.849042,0,3358.790233,378.6118183,2652.977548,0,0,540.105723,11498.13831,3013.568254,2868.929456,5572.328544,6312.486505,1836.649961,0,0,26.0397075,82.8627777,,
Q,Organic ,5,5_1,1,0,1,1,0,1,0,3.5,1.61,35.1985,119.0442,105,79.575,55.03333333,67.30833333,0,20000,67.67,24.4,19,5,PULP,51PU,796.2511715,0,0,0,0,6349.222703,0,382.2623869,0,464.1197099,0,0,0,0,0,0,0,0,0,0,0,59.0427027,11.1065895,,
Q,Organic ,5,5_2,1,0,1,1,0,1,0,3.5,1.61,35.1985,119.0442,105,79.575,55.03333333,67.30833333,0,20000,85,20.7,19,5,PULP,52PU,865.1731161,0,0,0,0,10417.82616,0,929.6409566,0,851.7423802,0,0,0,1567.893569,0,318.6297959,1197.85832,913.3604387,797.487864,0,0,82.6984333,0,,
Q,Organic ,5,5_3,1,0,1,1,0,1,0,3.5,1.61,35.1985,119.0442,105,79.575,55.03333333,67.30833333,0,20000,67,17.7,18.5,3,PULP,53PU,852.1564694,0,0,0,0,5944.90132,0,359.8759324,0,546.6879167,0,0,0,0,0,0,0,335.2570563,867.1600235,0,0,44.1962072,0,,
Q,Organic ,5,5_4,1,0,1,1,0,1,0,3.5,1.61,35.1985,119.0442,105,79.575,55.03333333,67.30833333,0,20000,71.67,19.2,19.5,7,PULP,54PU,1809.584665,0,0,0,0,13269.68237,0,737.0135974,0,1536.721449,0,0,0,0,0,0,0,0,1887.334265,0,0,101.2948004,0,,
Q,Organic ,5,5_5,1,0,1,1,0,1,0,3.5,1.61,35.1985,119.0442,105,79.575,55.03333333,67.30833333,0,20000,87.33,14.2,20,5,PULP,55PU,825.2549781,0,0,0,0,7551.319827,0,1355.331604,0,1149.066864,0,0,0,0,0,0,0,0,0,0,0,67.6954086,15.155061,,
Q,Organic ,5,5_1,1,0,1,1,0,1,0,3.5,1.61,35.1985,119.0442,105,79.575,55.03333333,67.30833333,0,20000,67.67,24.4,19,5,SEED,51SD,845.7939273,0,0,0,0,6933.707758,86.0322544,1190.272816,0,936.3707055,0,0,0,0,0,0,0,0,68165.5828,0,0,0,36.6079484,,
Q,Organic ,5,5_2,1,0,1,1,0,1,0,3.5,1.61,35.1985,119.0442,105,79.575,55.03333333,67.30833333,0,20000,85,20.7,19,5,SEED,52SD,844.9527598,0,0,0,0,2206.0684,12.0188374,0,0,0,0,0,0,0,0,0,0,0,39660.97111,0,0,0,0,,
Q,Organic ,5,5_3,1,0,1,1,0,1,0,3.5,1.61,35.1985,119.0442,105,79.575,55.03333333,67.30833333,0,20000,67,17.7,18.5,3,SEED,53SD,834.5776031,0,0,0,0,4562.358409,12.8799485,432.3972079,0,0,0,0,0,0,0,0,0,0,60491.7068,0,0,0,9.3126212,,
Q,Organic ,5,5_4,1,0,1,1,0,1,0,3.5,1.61,35.1985,119.0442,105,79.575,55.03333333,67.30833333,0,20000,71.67,19.2,19.5,7,SEED,54SD,862.5380711,0,0,0,0,2668.752122,0,0,0,0,0,0,0,0,0,0,0,0,34890.27766,0,0,0,0,,
Q,Organic ,5,5_5,1,0,1,1,0,1,0,3.5,1.61,35.1985,119.0442,105,79.575,55.03333333,67.30833333,0,20000,87.33,14.2,20,5,SEED,55SD,827.2638754,0,0,0,0,3613.458373,0,0,0,0,0,0,0,0,0,0,0,0,33496.06012,0,0,0,0,,
Q,Organic ,5,5_1,1,0,1,1,0,1,0,3.5,1.61,35.1985,119.0442,105,79.575,55.03333333,67.30833333,0,20000,67.67,24.4,19,5,SKIN,51SK,843.694141,1311.060293,0,0,0,5931.938275,0,3966.205966,596.3530811,4457.968197,0,0,3871.677257,46820.4903,13873.7601,2133.320662,11719.60885,19239.55354,2832.626741,0,0,42.6578108,72.9732594,,0
Q,Organic ,5,5_2,1,0,1,1,0,1,0,3.5,1.61,35.1985,119.0442,105,79.575,55.03333333,67.30833333,0,20000,85,20.7,19,5,SKIN,52SK,868.7116564,0,0,0,0,5203.858683,0,4250.296913,386.0211714,4688.39302,0,0,2457.060758,55265.59215,10264.52551,8796.222859,14533.36114,23743.03056,2958.587161,0,0,35.5623498,91.7930805,,
Q,Organic ,5,5_3,1,0,1,1,0,1,0,3.5,1.61,35.1985,119.0442,105,79.575,55.03333333,67.30833333,0,20000,67,17.7,18.5,3,SKIN,53SK,827.666829,848.9433783,0,0,0,5943.518745,0,3438.968089,360.2821339,3709.731465,0,0,1077.638038,31074.86902,6910.518977,5096.76498,8402.057863,15827.6204,2211.882567,0,0,14.1817741,34.3369441,,
Q,Organic ,5,5_4,1,0,1,1,0,1,0,3.5,1.61,35.1985,119.0442,105,79.575,55.03333333,67.30833333,0,20000,71.67,19.2,19.5,7,SKIN,54SK,829.2825769,934.4348683,0,0,0,7020.634678,0,4645.239648,366.3941903,3965.993706,0,0,2410.519637,39500.52602,10156.43916,6100.205208,10112.84674,18806.60926,2282.48277,0,0,35.8561605,73.3675848,,
Q,Organic ,5,5_5,1,0,1,1,0,1,0,3.5,1.61,35.1985,119.0442,105,79.575,55.03333333,67.30833333,0,20000,87.33,14.2,20,5,SKIN,55SK,842.8571429,0,0,0,0,4595.40539,0,759.7952041,502.2080117,572.1091827,0,0,1392.036114,25127.26436,6005.054232,4129.328288,6221.633412,11523.23816,1049.917849,616.2328037,0,12.2494156,25.6284268,,
D,Organic ,6,6_1,1,0,1,1,0,1,0,120,1.5,36.6386,119.5089,97,79.53333333,54.45833333,67,0,78,168,19,15,7,PULP,61PU,582.1171634,0,0,0,0,0,0,0,0,0,0,0,0,0,0,0,0,0,0,0,0,0,0,,
D,Organic ,6,6_2,1,0,1,1,0,1,0,120,1.5,36.6386,119.5089,97,79.53333333,54.45833333,67,0,78,89.33,21.6,20,7,PULP,62PU,869.6008188,0,0,0,0,0,0,0,0,0,0,0,0,0,0,0,0,0,0,0,0,0,0,,
D,Organic ,6,6_3,1,0,1,1,0,1,0,120,1.5,36.6386,119.5089,97,79.53333333,54.45833333,67,0,78,100,20.6,16,6,PULP,63PU,775.5362848,0,0,0,0,5.4864591,0,0,0,0,0,0,0,0,0,0,0,0,0,0,0,0,0,,
D,Organic ,6,6_4,1,0,1,1,0,1,0,120,1.5,36.6386,119.5089,97,79.53333333,54.45833333,67,0,78,82.33,17.8,15.5,3,PULP,64PU,850.0250125,0,0,0,0,6822.365094,0,0,0,0,0,0,0,0,0,0,0,0,0,0,0,70.4760553,0,,
D,Organic ,6,6_5,1,0,1,1,0,1,0,120,1.5,36.6386,119.5089,97,79.53333333,54.45833333,67,0,78,82.33,18.3,18,3,PULP,65PU,852.1564694,0,0,0,0,1289.004464,0,0,0,0,0,0,0,0,0,0,0,0,0,0,0,18.351146,0,,
D,Organic ,6,6_1,1,0,1,1,0,1,0,120,1.5,36.6386,119.5089,97,79.53333333,54.45833333,67,0,78,168,19,15,7,SEED,61SD,746.572935,0,0,0,0,0,0,0,0,0,0,0,0,0,0,0,0,0,3660.327818,0,154.3786336,0,0,,
D,Organic ,6,6_2,1,0,1,1,0,1,0,120,1.5,36.6386,119.5089,97,79.53333333,54.45833333,67,0,78,89.33,21.6,20,7,SEED,62SD,819.2864031,0,273.5567994,0,0,3655.18863,0,0,0,0,0,0,0,0,0,0,0,0,52461.9688,0,0,0,0,,
D,Organic ,6,6_3,1,0,1,1,0,1,0,120,1.5,36.6386,119.5089,97,79.53333333,54.45833333,67,0,78,100,20.6,16,6,SEED,63SD,813.0143541,0,0,0,0,0,0,0,0,0,0,0,0,0,0,0,0,0,8548.378374,0,57.0952845,0,0,,
D,Organic ,6,6_4,1,0,1,1,0,1,0,120,1.5,36.6386,119.5089,97,79.53333333,54.45833333,67,0,78,82.33,17.8,15.5,3,SEED,64SD,814.5733461,0,0,0,0,0,0,0,0,0,0,0,0,0,0,0,0,0,10179.0895,0,499.3890274,0,0,,
D,Organic ,6,6_5,1,0,1,1,0,1,0,120,1.5,36.6386,119.5089,97,79.53333333,54.45833333,67,0,78,82.33,18.3,18,3,SEED,65SD,839.5256917,0,0,0,0,5987.477141,0,1477.264464,0,1027.515895,0,0,0,0,0,80.8299077,0,53.3271964,39140.60071,0,4.1720418,0,17.4858614,,
D,Organic ,6,6_1,1,0,1,1,0,1,0,120,1.5,36.6386,119.5089,97,79.53333333,54.45833333,67,0,78,168,19,15,7,SKIN,61SK,860.7902736,0,0,0,0,91.9496385,0,0,0,0,0,0,0,2029.870179,0,677.4594727,1409.228114,3160.996933,0,0,0,0,0,,
D,Organic ,6,6_3,1,0,1,1,0,1,0,120,1.5,36.6386,119.5089,97,79.53333333,54.45833333,67,0,78,89.33,21.6,20,7,SKIN,63SK,804.5454545,0,0,0,0,1303.548822,0,0,0,0,0,0,1427.634997,24580.29138,5721.42355,4123.341113,6322.050191,11069.03079,0,335.4453866,0,11.1926297,75.1354757,,
D,Organic ,6,6_2,1,0,1,1,0,1,0,120,1.5,36.6386,119.5089,97,79.53333333,54.45833333,67,0,78,100,20.6,16,6,SKIN,62SK,828.8780488,686.2749902,0,0,0,3325.799993,0,3640.631309,0,3783.017283,0,0,652.9254014,18415.83029,3791.280798,3858.054711,6679.200922,11520.99761,1576.452797,0,0,0,0,,
D,Organic ,6,6_4,1,0,1,1,0,1,0,120,1.5,36.6386,119.5089,97,79.53333333,54.45833333,67,0,78,82.33,17.8,15.5,3,SKIN,64SK,873.6246787,605.6704101,0,0,0,3124.889996,0,2897.47137,0,4027.578475,0,0,0,3566.710803,1526.501032,183.3499398,2893.477282,5120.710088,0,0,0,11.9628927,62.1163685,,
D,Organic ,6,6_5,1,0,1,1,0,1,0,120,1.5,36.6386,119.5089,97,79.53333333,54.45833333,67,0,78,82.33,18.3,18,3,SKIN,65SK,855.5891239,0,0,0,0,3026.879901,0,3184.843186,355.1068513,2558.801362,0,0,779.0191972,25240.38987,4708.417063,4318.636684,7096.27204,10082.7914,2566.896905,0,0,10.6110476,65.6820015,,
E,Organic ,7,7_1,0,1,0,1,0,0,0,400,1.39,38.16262,121.205,20,77.15833333,48.375,62.74166667,0,1719,200.67,19.2,14,7,PULP,71PU,847.9041916,0,0,0,0,0,0,0,0,0,0,0,0,0,0,0,0,0,0,0,0,0,0,,
E,Organic ,7,7_2,0,1,0,1,0,0,0,400,1.39,38.16262,121.205,20,77.15833333,48.375,62.74166667,0,1719,139.67,20.2,15,7,PULP,72PU,819.6816208,0,0,0,0,116.8757816,0,0,0,0,0,0,0,0,0,0,0,0,0,0,0,9.9027503,0,,
E,Organic ,7,7_3,0,1,0,1,0,0,0,400,1.39,38.16262,121.205,20,77.15833333,48.375,62.74166667,0,1719,128,20.8,12.5,7,PULP,73PU,826.459144,405.6957691,0,0,0,7060.576063,18.7344595,1269.029907,473.8458728,0,0,0,0,0,0,0,0,0,0,0,0,119.2165844,12.5509835,,
E,Organic ,7,7_4,0,1,0,1,0,0,0,400,1.39,38.16262,121.205,20,77.15833333,48.375,62.74166667,0,1719,173.67,18,13,6,PULP,74PU,862.5380711,0,0,0,0,0,0,0,0,0,0,0,0,0,0,0,0,0,0,0,0,0,0,,
E,Organic ,7,7_5,0,1,0,1,0,0,0,400,1.39,38.16262,121.205,20,77.15833333,48.375,62.74166667,0,1719,144,17,15,6,PULP,75PU,858.6154624,0,0,0,0,0,0,0,0,0,0,0,0,0,0,0,0,0,0,0,0,0,0,,
E,Organic ,7,7_1,0,1,0,1,0,0,0,400,1.39,38.16262,121.205,20,77.15833333,48.375,62.74166667,0,1719,200.67,19.2,14,7,SEED,71SD,842.8571429,0,0,0,0,5388.025527,0,318.3892088,0,501.5905231,0,0,0,0,0,0,0,0,45291.14081,0,0,0,8.6976954,,
E,Organic ,7,7_2,0,1,0,1,0,0,0,400,1.39,38.16262,121.205,20,77.15833333,48.375,62.74166667,0,1719,139.67,20.2,15,7,SEED,72SD,868.7116564,0,0,0,0,4667.504091,0,388.3905802,0,0,0,0,0,0,0,0,0,0,44294.1169,0,0,0,7.525321,,
E,Organic ,7,7_3,0,1,0,1,0,0,0,400,1.39,38.16262,121.205,20,77.15833333,48.375,62.74166667,0,1719,128,20.8,12.5,7,SEED,73SD,826.0573651,0,0,0,0,5183.726579,0,320.4088619,0,498.6693812,0,0,0,0,0,0,0,98.1157873,47303.84024,0,0,0,12.9395922,,
E,Organic ,7,7_4,0,1,0,1,0,0,0,400,1.39,38.16262,121.205,20,77.15833333,48.375,62.74166667,0,1719,173.67,18,13,6,SEED,74SD,825.6559767,0,0,0,0,0,0,0,0,0,0,0,0,0,0,0,0,0,4285.815856,0,241.1050122,0,0,,
E,Organic ,7,7_5,0,1,0,1,0,0,0,400,1.39,38.16262,121.205,20,77.15833333,48.375,62.74166667,0,1719,144,17,15,6,SEED,75SD,849.1754123,0,0,0,0,5671.698077,0,346.7425468,0,0,0,0,0,0,0,0,0,0,50019.99461,0,0,0,14.75366,,
E,Organic ,7,7_1,0,1,0,1,0,0,0,400,1.39,38.16262,121.205,20,77.15833333,48.375,62.74166667,0,1719,200.67,19.2,14,7,SKIN,71SK,857.7486118,632.2504246,0,0,0,1605.899291,0,2611.586075,0,5056.937462,0,0,279.9571901,6583.223133,1832.890425,295.4512015,4023.183487,6717.045475,1088.108295,0,0,12.9246631,60.418189,,
E,Organic ,7,7_2,0,1,0,1,0,0,0,400,1.39,38.16262,121.205,20,77.15833333,48.375,62.74166667,0,1719,139.67,20.2,15,7,SKIN,72SK,853.4404822,1364.0563,0,0,1557.897874,3348.821772,0,9004.376054,398.1554659,9000.592326,0,0,6058.185708,799.7827118,2408.51126,226.62829,0,4617.641171,0,0,0,32.841783,141.1418953,,
E,Organic ,7,7_3,0,1,0,1,0,0,0,400,1.39,38.16262,121.205,20,77.15833333,48.375,62.74166667,0,1719,128,20.8,12.5,7,SKIN,73SK,843.2754342,2025.107234,0,0,12254.42171,5823.850736,0,12351.49394,650.3464753,19573.24939,0,0,0,4596.01283,1587.31699,1637.300251,3541.499762,5926.81314,2531.123105,0,0,52.9370443,236.9083214,,
E,Organic ,7,7_4,0,1,0,1,0,0,0,400,1.39,38.16262,121.205,20,77.15833333,48.375,62.74166667,0,1719,173.67,18,13,6,SKIN,74SK,811.8490205,1233.142484,0,0,11539.7851,2835.984948,0,8224.432679,458.6976091,12013.48744,0,0,0,3156.883925,0,992.6098349,2435.046214,3976.856709,1664.33651,0,0,25.1589379,156.3605079,,
E,Organic ,7,7_5,0,1,0,1,0,0,0,400,1.39,38.16262,121.205,20,77.15833333,48.375,62.74166667,0,1719,144,17,15,6,SKIN,75SK,839.9406822,0,0,0,6558.58247,2360.73207,0,0,2830.641491,0,0,0,0,2102.810425,0,884.0015087,1840.378782,3606.016885,901.5028123,0,692.3024571,343.7554603,0,,
E,Conventional ,8,8_1,0,1,0,1,0,0,0,400,1.39,38.16262,121.205,20,77.15833333,48.375,62.74166667,0,1719,140.33,15.1,14.5,7,PULP,81PU,850.8763145,0,0,0,0,4089.994088,0,0,0,645.6884527,0,0,0,0,0,0,0,0,0,0,0,65.9430793,0,,
E,Conventional ,8,8_2,0,1,0,1,0,0,0,400,1.39,38.16262,121.205,20,77.15833333,48.375,62.74166667,0,1719,162.67,16.9,13.5,6,PULP,82PU,842.0218038,0,0,0,0,3757.573858,0,0,0,0,0,0,0,0,0,0,0,0,0,0,0,49.2614122,0,,
E,Conventional ,8,8_3,0,1,0,1,0,0,0,400,1.39,38.16262,121.205,20,77.15833333,48.375,62.74166667,0,1719,134.33,14.9,14,7,PULP,83PU,839.1111111,0,0,0,0,3688.203431,0,0,0,0,0,0,0,0,0,0,0,0,0,0,0,39.6258511,0,,
E,Conventional ,8,8_4,0,1,0,1,0,0,0,400,1.39,38.16262,121.205,20,77.15833333,48.375,62.74166667,0,1719,185,17.2,14,7,PULP,84PU,853.4404822,0,0,0,0,5198.223663,0,0,0,0,0,0,0,0,0,0,0,0,0,0,0,61.1234527,0,,
E,Conventional ,8,8_5,0,1,0,1,0,0,0,400,1.39,38.16262,121.205,20,77.15833333,48.375,62.74166667,0,1719,155.67,17.7,12.5,7,PULP,85PU,834.987715,0,0,0,0,4876.131263,0,0,0,0,0,0,0,0,0,0,0,0,0,0,0,72.9397727,0,,
E,Conventional ,8,8_1,0,1,0,1,0,0,0,400,1.39,38.16262,121.205,20,77.15833333,48.375,62.74166667,0,1719,140.33,15.1,14.5,7,SEED,81SD,841.6047548,0,584.7329432,0,0,4955.898206,0,265.1856518,0,0,0,0,0,0,0,0,0,0,39818.37904,0,0,0,0,,
E,Conventional ,8,8_2,0,1,0,1,0,0,0,400,1.39,38.16262,121.205,20,77.15833333,48.375,62.74166667,0,1719,162.67,16.9,13.5,6,SEED,82SD,845.7939273,0,742.6693352,0,0,6030.798023,0,767.9489217,0,729.4793679,0,0,0,0,0,0,0,0,55179.19027,0,0,0,0,,
E,Conventional ,8,8_3,0,1,0,1,0,0,0,400,1.39,38.16262,121.205,20,77.15833333,48.375,62.74166667,0,1719,134.33,14.9,14,7,SEED,83SD,843.2754342,0,0,0,0,5991.745633,0,172.1722396,0,0,0,0,0,0,0,0,0,0,43283.80847,0,0,0,10.7306781,,
E,Conventional ,8,8_4,0,1,0,1,0,0,0,400,1.39,38.16262,121.205,20,77.15833333,48.375,62.74166667,0,1719,185,17.2,14,7,SEED,84SD,842.0218038,0,489.1324677,0,0,2983.946395,0,0,0,0,0,0,0,0,0,0,0,0,30453.16779,0,0,0,0,,
E,Conventional ,8,8_5,0,1,0,1,0,0,0,400,1.39,38.16262,121.205,20,77.15833333,48.375,62.74166667,0,1719,155.67,17.7,12.5,7,SEED,85SD,857.3158426,0,476.3919439,531.0479588,0,5974.831096,0,282.1763339,0,549.2708933,0,0,0,0,0,0,0,0,42764.91601,0,0,0,16.3041597,,
E,Conventional ,8,8_1,0,1,0,1,0,0,0,400,1.39,38.16262,121.205,20,77.15833333,48.375,62.74166667,0,1719,140.33,15.1,14.5,7,SKIN,81SK,820.4732014,808.3311569,0,0,3169.023107,2172.393242,0,5614.128036,386.755189,5687.351953,0,0,0,1312.581179,0,477.3036656,1555.814465,1604.931456,1510.23174,0,0,22.2138261,105.1469668,,
E,Conventional ,8,8_2,0,1,0,1,0,0,0,400,1.39,38.16262,121.205,20,77.15833333,48.375,62.74166667,0,1719,162.67,16.9,13.5,6,SKIN,82SK,820.4732014,1046.445083,0,0,1644.707016,1950.41484,0,8539.361951,470.8341462,7252.502541,0,0,0,2380.577504,0,961.6898706,2474.858375,3549.797978,1515.900302,0,0,16.8551799,129.2764883,,
E,Conventional ,8,8_3,0,1,0,1,0,0,0,400,1.39,38.16262,121.205,20,77.15833333,48.375,62.74166667,0,1719,134.33,14.9,14,7,SKIN,83SK,829.2825769,1199.796924,0,0,4284.41643,3276.683968,0,7446.435761,457.4724807,8678.91546,0,0,3707.594358,21215.37292,5105.387918,2896.865183,8139.221306,10407.26419,1925.012999,27.840991,0,18.0745129,125.9071162,,
E,Conventional ,8,8_4,0,1,0,1,0,0,0,400,1.39,38.16262,121.205,20,77.15833333,48.375,62.74166667,0,1719,185,17.2,14,7,SKIN,84SK,866.4966854,0,0,0,8825.836948,2771.414028,0,15117.42159,0,13652.47324,0,0,0,10736.7271,2352.744708,2751.094326,5636.515204,10521.18153,2142.124464,0,0,213.1600741,113.9094237,,
E,Conventional ,8,8_5,0,1,0,1,0,0,0,400,1.39,38.16262,121.205,20,77.15833333,48.375,62.74166667,0,1719,155.67,17.7,12.5,7,SKIN,85SK,862.1004566,1188.223318,0,0,0,1971.656441,0,9345.949816,352.415017,10758.96466,0,0,0,2381.445483,1377.437356,1175.891481,2747.390977,4451.585103,1799.920167,0,0,20.7813102,147.8958996,,
F,Conventional ,9,9_1,1,0,0,1,1,1,0,14,1.39,36.99562,121.7716,63,77.61666667,48.25,62.925,14.6,918,133,18.4,13.5,4,PULP,91PU,870.9379805,914.1781752,0,478.8048234,0,10299.02587,0,2561.712083,0,4044.699068,0,0,0,0,0,0,0,459.5361698,0,0,0,193.9763774,43.3223127,,
F,Conventional ,9,9_2,1,0,0,1,1,1,0,14,1.39,36.99562,121.7716,63,77.61666667,48.25,62.925,14.6,918,149.67,20.9,14.5,4,PULP,92PU,844.1132638,0,0,0,0,5832.40734,0,362.3764593,0,957.7134902,0,0,0,0,0,0,0,0,0,0,0,101.0174457,10.2947452,,
F,Conventional ,9,9_3,1,0,0,1,1,1,0,14,1.39,36.99562,121.7716,63,77.61666667,48.25,62.925,14.6,918,147,19.8,13,4,PULP,93PU,847.0588235,0,0,0,0,0,0,0,0,0,0,0,0,0,0,0,0,0,0,0,0,5.3717126,0,,
F,Conventional ,9,9_4,1,0,0,1,1,1,0,14,1.39,36.99562,121.7716,63,77.61666667,48.25,62.925,14.6,918,111.67,20.5,15,5,PULP,94PU,803.0245747,423.2453148,0,0,0,5366.958047,0,748.458513,0,1268.739531,0,0,0,0,0,0,0,0,0,0,0,84.3496486,14.6863598,,
F,Conventional ,9,9_5,1,0,0,1,1,1,0,14,1.39,36.99562,121.7716,63,77.61666667,48.25,62.925,14.6,918,102,20.3,12,4,PULP,95PU,870.4918033,0,0,0,0,5494.827173,17.242542,0,0,0,0,0,0,0,0,0,0,0,0,0,0,106.5891046,0,,
F,Conventional ,9,9_1,1,0,0,1,1,1,0,14,1.39,36.99562,121.7716,63,77.61666667,48.25,62.925,14.6,918,133,18.4,13.5,4,SEED,91SD,824.8543689,0,0,0,0,16527.62456,0,2771.416505,315.5612834,2317.213641,0,0,0,0,0,206.0107819,0,0,76138.48861,0,0.3962311,10.395581,64.1344782,,
F,Conventional ,9,9_2,1,0,0,1,1,1,0,14,1.39,36.99562,121.7716,63,77.61666667,48.25,62.925,14.6,918,149.67,20.9,14.5,4,SEED,92SD,850.0250125,0,1434.348044,0,0,25528.19788,55.9427924,4884.291486,0,3571.040097,0,0,0,0,0,0,945.7038416,0,111490.5568,0,0,0,110.1734813,,
F,Conventional ,9,9_3,1,0,0,1,1,1,0,14,1.39,36.99562,121.7716,63,77.61666667,48.25,62.925,14.6,918,147,19.8,13,4,SEED,93SD,851.3026052,0,0,0,0,21544.09069,15.3066554,3492.574276,336.5241673,2665.759742,0,0,0,0,0,252.1315147,0,88.491954,88287.87611,0,11.8080666,11.974495,72.6108025,,
F,Conventional ,9,9_4,1,0,0,1,1,1,0,14,1.39,36.99562,121.7716,63,77.61666667,48.25,62.925,14.6,918,111.67,20.5,15,5,SEED,94SD,826.8613139,0,0,0,0,7375.313677,0,737.0387299,0,819.9031404,0,0,0,0,0,76.25563,0,0,37641.36971,0,0,0,23.6588435,,
F,Conventional ,9,9_5,1,0,0,1,1,1,0,14,1.39,36.99562,121.7716,63,77.61666667,48.25,62.925,14.6,918,102,20.3,12,4,SEED,95SD,850.4504505,0,0,0,0,19626.08065,0,4023.850079,352.2428632,392.2888215,0,0,0,0,0,155.429945,0,0,98505.77578,0,3.024653,16.0710702,78.7782218,,
F,Conventional ,9,9_1,1,0,0,1,1,1,0,14,1.39,36.99562,121.7716,63,77.61666667,48.25,62.925,14.6,918,133,18.4,13.5,4,SKIN,91SK,862.97613,1593.778784,0,1104.347793,5538.033389,6270.763436,0,14484.5577,784.0872569,19446.58167,0,0,1462.0485,27115.66113,3549.820689,5627.463312,13039.36562,21192.96691,2924.296333,37.2553449,0,83.9818368,234.9521645,,
F,Conventional ,9,9_2,1,0,0,1,1,1,0,14,1.39,36.99562,121.7716,63,77.61666667,48.25,62.925,14.6,918,149.67,20.9,14.5,4,SKIN,92SK,864.7328244,1072.124978,0,0,0,3857.948906,0,10839.60056,993.5426053,12828.19695,0,0,5027.047332,52922.51593,8552.500071,8201.344138,16693.79316,20629.63836,2137.407408,78.7893551,0,33.2065572,157.0397802,,
F,Conventional ,9,9_3,1,0,0,1,1,1,0,14,1.39,36.99562,121.7716,63,77.61666667,48.25,62.925,14.6,918,147,19.8,13,4,SKIN,93SK,838.2831771,0,0,0,4523.634806,3579.350216,8.0422414,9967.300897,590.099585,11455.06278,0,0,1590.370114,37709.24148,4274.318499,7631.96481,15438.03452,27918.23589,2022.916674,48.7402742,0,34.20187,158.8244171,,
F,Conventional ,9,9_4,1,0,0,1,1,1,0,14,1.39,36.99562,121.7716,63,77.61666667,48.25,62.925,14.6,918,111.67,20.5,15,5,SKIN,94SK,829.2825769,1155.323619,0,0,8562.341601,3596.793818,20.4665056,9193.522447,665.3458492,13642.22382,0,0,621.0912388,17481.87776,2396.681251,1651.975672,10200.39131,15278.15442,2208.867175,0,0,30.3560875,166.6873153,,
F,Conventional ,9,9_5,1,0,0,1,1,1,0,14,1.39,36.99562,121.7716,63,77.61666667,48.25,62.925,14.6,918,102,20.3,12,4,SKIN,95SK,864.2929807,1432.5231,0,0,7279.206318,2862.09206,0,7493.815561,573.1709242,9462.734916,0,0,3456.902033,38394.75266,5957.694911,5772.568132,13157.26289,15177.70786,2794.103237,89.7567905,0,41.5852081,145.1676239,,
F,Organic ,10,10_1,1,1,1,0,0,1,0,47,2.17,36.9768,121.7215,53,77.61666667,48.25,62.925,14.6,1650,123,23.4,12,4,PULP,101PU,833.3496812,0,0,0,0,6950.722657,0,805.6074447,0,0,0,0,0,0,0,0,0,0,0,0,0,132.9739481,17.7715105,,
F,Organic ,10,10_2,1,1,1,0,0,1,0,47,2.17,36.9768,121.7215,53,77.61666667,48.25,62.925,14.6,1650,138.67,22.2,12.5,5,PULP,102PU,832.533072,0,0,0,0,6000.186151,0,304.3848222,0,574.7891948,0,0,0,0,0,0,0,0,810.4376256,0,0,93.8145052,0,,
F,Organic ,10,10_3,1,1,1,0,0,1,0,47,2.17,36.9768,121.7215,53,77.61666667,48.25,62.925,14.6,1650,111.33,20.5,13,5,PULP,103PU,850.8763145,0,0,0,0,7148.533256,36.7138839,918.6516472,0,2052.781366,0,0,0,0,0,0,0,0,0,0,0,140.5171064,18.299392,,
F,Organic ,10,10_4,1,1,1,0,0,1,0,47,2.17,36.9768,121.7215,53,77.61666667,48.25,62.925,14.6,1650,120.33,21.8,12,4,PULP,104PU,852.1564694,0,0,0,0,3684.684155,0,303.2093995,0,583.3945193,0,0,0,0,0,0,0,0,0,0,0,53.873241,9.5149763,,
F,Organic ,10,10_5,1,1,1,0,0,1,0,47,2.17,36.9768,121.7215,53,77.61666667,48.25,62.925,14.6,1650,122.67,23.4,12,5,PULP,105PU,839.1111111,0,0,0,0,7159.339313,0,1240.431524,0,1341.984135,0,0,0,0,0,145.823051,0,466.7478615,1145.741708,0,0,107.3640269,25.0988373,,
F,Organic ,10,10_1,1,1,1,0,0,1,0,47,2.17,36.9768,121.7215,53,77.61666667,48.25,62.925,14.6,1650,123,23.4,12,4,SEED,101SD,839.9406822,0,0,0,0,10495.26435,0,1130.777857,0,972.42582,0,0,0,0,0,134.6660879,0,0,50937.05953,0,0,0,36.9579513,,
F,Organic ,10,10_2,1,1,1,0,0,1,0,47,2.17,36.9768,121.7215,53,77.61666667,48.25,62.925,14.6,1650,138.67,22.2,12.5,5,SEED,102SD,847.4812968,0,0,0,0,7764.089449,0,521.6769612,0,626.876575,0,0,0,0,0,0,0,0,49899.60482,0,0,0,20.2639384,,
F,Organic ,10,10_3,1,1,1,0,0,1,0,47,2.17,36.9768,121.7215,53,77.61666667,48.25,62.925,14.6,1650,111.33,20.5,13,5,SEED,103SD,806.8376068,0,0,0,0,0,0,0,0,0,0,0,0,0,0,0,0,0,2986.551283,0,66.8154375,0,0,,
F,Organic ,10,10_4,1,1,1,0,0,1,0,47,2.17,36.9768,121.7215,53,77.61666667,48.25,62.925,14.6,1650,120.33,21.8,12,4,SEED,104SD,765.0607834,0,0,0,0,433.132805,0,0,0,0,0,0,0,0,0,0,0,0,10242.9057,0,850.9526248,0,0,,
F,Organic ,10,10_5,1,1,1,0,0,1,0,47,2.17,36.9768,121.7215,53,77.61666667,48.25,62.925,14.6,1650,122.67,23.4,12,5,SEED,105SD,830.4985337,0,0,0,0,0,0,0,0,0,0,0,0,0,0,0,0,0,11082.14506,0,746.9334705,0,0,,
F,Organic ,10,10_1,1,1,1,0,0,1,0,47,2.17,36.9768,121.7215,53,77.61666667,48.25,62.925,14.6,1650,123,23.4,12,4,SKIN,101SK,852.1564694,2676.104629,0,25354.95895,8171.274332,9539.268361,325.9776453,7926.930395,7780.710111,35588.10332,0,0,84820.72097,5864.86224,13238.06982,1337.868189,21873.8186,36060.88458,5251.546391,0,0,187.669272,432.3375958,,
F,Organic ,10,10_2,1,1,1,0,0,1,0,47,2.17,36.9768,121.7215,53,77.61666667,48.25,62.925,14.6,1650,138.67,22.2,12.5,5,SKIN,102SK,826.8613139,943.7674065,0,0,3372.643432,3647.191661,0,10061.03755,581.6583383,9800.794553,0,0,384.1217033,10011.41108,1794.796209,2249.984864,5337.244116,6422.7094,1769.209689,0,0,45.8216372,169.9121995,,
F,Organic ,10,10_3,1,1,1,0,0,1,0,47,2.17,36.9768,121.7215,53,77.61666667,48.25,62.925,14.6,1650,111.33,20.5,13,5,SKIN,103SK,848.3275087,0,0,0,0,4040.165327,0,12879.09875,753.6992099,13285.48092,0,0,195.2448421,6626.708603,1830.152046,2666.18352,6120.056091,8738.104343,2440.78864,0,0,59.2884334,206.9656001,,
F,Organic ,10,10_4,1,1,1,0,0,1,0,47,2.17,36.9768,121.7215,53,77.61666667,48.25,62.925,14.6,1650,120.33,21.8,12,4,SKIN,104SK,826.0573651,1054.316682,0,0,2362.126681,3840.025428,0,13206.23438,565.1902544,11519.43259,0,0,526.2127115,12954.60618,2220.114781,3019.18297,6313.716388,9688.290927,3061.700537,0,0,47.3062994,158.0627934,,
F,Organic ,10,10_5,1,1,1,0,0,1,0,47,2.17,36.9768,121.7215,53,77.61666667,48.25,62.925,14.6,1650,122.67,23.4,12,5,SKIN,105SK,825.2549781,1088.058272,0,0,1424.564336,2983.665127,0,9760.505983,527.6371106,11558.14601,0,0,453.9099003,16306.86022,2601.697216,4015.903947,7810.274606,12221.2666,1888.130869,0,0,39.2603273,145.7889151,,
G,Conventional ,11,11_1,1,1,0,1,0,1,1,16,2,38.4296,122.8479,55,73.1,44.19166667,58.65833333,26.32,1968,91.33,21.1,11.5,3,PULP,111PU,828.0701754,0,0,0,0,4814.102684,0,0,0,881.3455299,0,0,0,0,0,0,0,0,0,0,0,94.0361384,0,,
G,Conventional ,11,11_2,1,1,0,1,0,1,1,16,2,38.4296,122.8479,55,73.1,44.19166667,58.65833333,26.32,1968,85,17.6,12,4,PULP,112PU,864.7328244,0,0,0,0,4792.334717,0,112.3459619,0,666.8613977,0,0,0,0,0,0,0,0,0,0,0,77.7045545,0,,
G,Conventional ,11,11_3,1,1,0,1,0,1,1,16,2,38.4296,122.8479,55,73.1,44.19166667,58.65833333,26.32,1968,88,19.8,13,3,PULP,113PU,857.3158426,0,0,0,0,6325.942446,0,407.3645876,0,1058.097106,0,0,0,0,0,0,0,0,0,0,0,108.2118347,13.0317668,,
G,Conventional ,11,11_4,1,1,0,1,0,1,1,16,2,38.4296,122.8479,55,73.1,44.19166667,58.65833333,26.32,1968,78.67,19.1,12.5,3,PULP,114PU,826.0573651,0,0,0,0,6020.262852,54.6126743,0,0,0,0,0,0,0,0,0,0,0,0,0,0,98.5623865,0,,
G,Conventional ,11,11_5,1,1,0,1,0,1,1,16,2,38.4296,122.8479,55,73.1,44.19166667,58.65833333,26.32,1968,90,22.6,12,3,PULP,115PU,828.0701754,0,0,0,0,4696.462507,2.7537482,99.8907312,0,901.8423391,0,0,0,0,0,0,0,0,0,0,0,73.6027437,10.7021411,,
G,Conventional ,11,11_1,1,1,0,1,0,1,1,16,2,38.4296,122.8479,55,73.1,44.19166667,58.65833333,26.32,1968,91.33,21.1,11.5,3,SEED,111SD,863.8535841,0,0,0,0,8221.537336,0,647.9201215,0,709.7750263,0,0,0,0,0,0,0,0,52831.84014,0,0,0,22.0066977,,
G,Conventional ,11,11_2,1,1,0,1,0,1,1,16,2,38.4296,122.8479,55,73.1,44.19166667,58.65833333,26.32,1968,85,17.6,12,4,SEED,112SD,839.5256917,0,0,0,0,1520.580448,0,0,0,0,0,0,0,0,0,0,0,0,17414.4551,0,64.2312014,0,0,,
G,Conventional ,11,11_3,1,1,0,1,0,1,1,16,2,38.4296,122.8479,55,73.1,44.19166667,58.65833333,26.32,1968,88,19.8,13,3,SEED,113SD,835.809149,0,0,0,0,0,0,0,0,0,0,0,0,0,0,0,0,0,1038.490376,0,0,0,0,,
G,Conventional ,11,11_4,1,1,0,1,0,1,1,16,2,38.4296,122.8479,55,73.1,44.19166667,58.65833333,26.32,1968,78.67,19.1,12.5,3,SEED,114SD,847.0588235,0,0,0,0,11259.76607,0,1624.442102,0,1332.708237,0,0,0,0,0,105.4628016,0,0,52472.69187,0,0,0,39.3282398,,
G,Conventional ,11,11_5,1,1,0,1,0,1,1,16,2,38.4296,122.8479,55,73.1,44.19166667,58.65833333,26.32,1968,90,22.6,12,3,SEED,115SD,838.2831771,0,0,0,0,9921.572719,0,1081.02147,0,1379.465666,0,0,0,0,0,112.3865958,0,0,56337.07786,0,0,0,29.6207775,,
G,Conventional ,11,11_1,1,1,0,1,0,1,1,16,2,38.4296,122.8479,55,73.1,44.19166667,58.65833333,26.32,1968,91.33,21.1,11.5,3,SKIN,111SK,842.4392662,0,0,0,540.2947655,2866.983188,0,5960.777364,473.9922812,6762.521632,0,0,534.4107548,13266.16895,2754.773547,3895.176547,8371.614227,14908.78921,1858.009532,0,0,32.3382413,102.0489998,,
G,Conventional ,11,11_2,1,1,0,1,0,1,1,16,2,38.4296,122.8479,55,73.1,44.19166667,58.65833333,26.32,1968,85,17.6,12,4,SKIN,112SK,840.3560831,0,0,0,1598.412964,3963.138831,0,6472.691667,498.900337,8653.61033,0,0,2201.586477,29343.7933,4056.017861,6224.552421,12772.79332,22561.90446,2255.443014,0,0,28.8193394,129.7348197,,
G,Conventional ,11,11_3,1,1,0,1,0,1,1,16,2,38.4296,122.8479,55,73.1,44.19166667,58.65833333,26.32,1968,88,19.8,13,3,SKIN,113SK,867.381317,1331.648886,0,200.3614159,1317.394281,4603.815861,0,15757.43133,631.2379212,13768.95695,0,0,398.1420597,12858.40259,2530.295698,3886.084551,7655.372265,13135.53415,2246.564067,0,0,42.2791929,185.5439857,,
G,Conventional ,11,11_5,1,1,0,1,0,1,1,16,2,38.4296,122.8479,55,73.1,44.19166667,58.65833333,26.32,1968,78.67,19.1,12.5,3,SKIN,115SK,861.2265585,1423.580622,0,0,784.0532304,3005.907955,0,6110.704583,497.0502887,7648.388146,0,0,432.1611179,11619.24669,2237.3026,3447.531638,7654.312722,13468.30191,1742.5162,0,0,27.6298934,108.7604452,,
G,Conventional ,11,11_4,1,1,0,1,0,1,1,16,2,38.4296,122.8479,55,73.1,44.19166667,58.65833333,26.32,1968,90,22.6,12,3,SKIN,114SK,822.8571429,0,0,0,0,3548.416745,0,7828.996904,371.0995408,11039.98949,0,0,6451.163454,705.4571468,2976.43929,471.4961904,1237.433836,8585.384327,1963.710222,0,0,33.0658491,150.0383058,,
G,Organic ,12,12_1,1,0,0,1,0,1,0,5,1.89,40.28567,123.8063,72,64.025,46.20833333,55.13333333,30.82,304,79,21.5,11,3,PULP,121PU,836.6322009,0,0,0,0,105.7401965,0,0,0,0,0,0,0,0,0,0,0,0,0,0,0,0,0,,
G,Organic ,12,12_2,1,0,0,1,0,1,0,5,1.89,40.28567,123.8063,72,64.025,46.20833333,55.13333333,30.82,304,94.33,21.1,12,3,PULP,122PU,862.5380711,0,0,0,0,0,0,0,0,0,0,0,0,0,0,0,0,0,0,0,0,0,0,,
G,Organic ,12,12_3,1,0,0,1,0,1,0,5,1.89,40.28567,123.8063,72,64.025,46.20833333,55.13333333,30.82,304,103.67,22.1,9.5,3,PULP,123PU,838.6969398,0,0,0,0,72.226965,0,0,0,0,0,0,0,0,0,0,0,41.923647,0,0,0,0,0,,
G,Organic ,12,12_4,1,0,0,1,0,1,0,5,1.89,40.28567,123.8063,72,64.025,46.20833333,55.13333333,30.82,304,87.67,21.1,11,3,PULP,124PU,846.2151394,0,0,0,0,0,0,0,0,0,0,0,0,0,0,0,0,0,0,0,0,0,0,,
G,Organic ,12,12_5,1,0,0,1,0,1,0,5,1.89,40.28567,123.8063,72,64.025,46.20833333,55.13333333,30.82,304,92.67,21.5,10,3,PULP,125PU,831.7180617,0,0,0,0,348.6287188,0,0,0,0,0,0,0,0,0,0,0,0,0,0,0,0,0,,
G,Organic ,12,12_1,1,0,0,1,0,1,0,5,1.89,40.28567,123.8063,72,64.025,46.20833333,55.13333333,30.82,304,79,21.5,11,3,SEED,121SD,832.533072,0,0,0,0,1625.555862,0,0,0,0,0,10.0215941,0,0,0,0,0,0,9201.782507,0,200.351057,0,0,,
G,Organic ,12,12_2,1,0,0,1,0,1,0,5,1.89,40.28567,123.8063,72,64.025,46.20833333,55.13333333,30.82,304,94.33,21.1,12,3,SEED,122SD,849.6,0,0,0,0,0,0,0,0,0,0,0,0,0,0,0,0,0,1588.283682,0,726.3658154,0,0,,
G,Organic ,12,12_3,1,0,0,1,0,1,0,5,1.89,40.28567,123.8063,72,64.025,46.20833333,55.13333333,30.82,304,103.67,22.1,9.5,3,SEED,123SD,820.4732014,0,0,0,0,0,0,0,0,0,0,0,0,0,0,0,0,0,0,0,0,0,0,,
G,Organic ,12,12_4,1,0,0,1,0,1,0,5,1.89,40.28567,123.8063,72,64.025,46.20833333,55.13333333,30.82,304,87.67,21.1,11,3,SEED,124SD,847.9041916,0,0,0,0,0,0,2293.675878,0,0,0,0,0,0,0,0,0,0,0,0,27.5222324,0,0,,
G,Organic ,12,12_5,1,0,0,1,0,1,0,5,1.89,40.28567,123.8063,72,64.025,46.20833333,55.13333333,30.82,304,92.67,21.5,10,3,SEED,125SD,837.044335,0,0,0,0,0,0,0,0,0,0,0,0,0,0,0,0,0,1366.648102,0,175.7599412,0,0,,
G,Organic ,12,12_1,1,0,0,1,0,1,0,5,1.89,40.28567,123.8063,72,64.025,46.20833333,55.13333333,30.82,304,79,21.5,11,3,SKIN,121SK,866.0550459,0,403.1983228,0,0,3504.326771,0,2539.448747,392.4999307,3377.780072,0,0,0,1858.780516,0,3173.529571,6032.641446,21223.09,2035.283121,425.7650079,0,31.4873007,40.4480016,,
G,Organic ,12,12_2,1,0,0,1,0,1,0,5,1.89,40.28567,123.8063,72,64.025,46.20833333,55.13333333,30.82,304,94.33,21.1,12,3,SKIN,122SK,868.7116564,0,0,0,0,1936.72886,0,436.234235,367.4927246,632.745319,0,0,295.5748298,5663.452936,1534.598963,3349.729426,5274.728265,15718.64278,2121.38279,347.7516658,0,25.0975938,27.4688452,,
G,Organic ,12,12_3,1,0,0,1,0,1,0,5,1.89,40.28567,123.8063,72,64.025,46.20833333,55.13333333,30.82,304,103.67,22.1,9.5,3,SKIN,123SK,866.4966854,0,0,0,0,1665.316255,0,0,0,0,0,0,665.9749019,11591.04816,2774.827989,5254.883781,10139.62366,27067.03473,1892.390406,167.967036,0,18.6277371,0,,
G,Organic ,12,12_4,1,0,0,1,0,1,0,5,1.89,40.28567,123.8063,72,64.025,46.20833333,55.13333333,30.82,304,87.67,21.1,11,3,SKIN,124SK,830.9046455,0,0,0,0,45.4675423,0,0,295.5251655,0,0,0,0,729.3822289,0,1108.850203,2279.560929,7092.017679,0,0,0,0,0,,
G,Organic ,12,12_5,1,0,0,1,0,1,0,5,1.89,40.28567,123.8063,72,64.025,46.20833333,55.13333333,30.82,304,92.67,21.5,10,3,SKIN,125SK,832.533072,0,0,0,0,1047.791229,0,0,0,0,0,0,307.6821547,7022.690171,1814.16385,3695.007133,6733.36262,19822.01725,1329.738188,0,0,9.9314258,76.5956699,,
H,Organic ,13,13_1,0,1,0,1,0,0,0,3,1.89,44.20901,123.3281,121,64.7,43.46666667,54.09166667,40.58,426,96,21.4,10,3,PULP,131PU,837.044335,0,0,0,0,1308.754063,0,0,0,0,0,0,0,0,0,0,0,0,0,0,0,30.9232466,0,,
H,Organic ,13,13_2,0,1,0,1,0,0,0,3,1.89,44.20901,123.3281,121,64.7,43.46666667,54.09166667,40.58,426,73.67,23.2,10,3,PULP,132PU,833.3496812,0,0,0,0,0,0,0,0,0,0,0,0,0,0,0,0,0,0,0,0,0,0,,
H,Organic ,13,13_3,0,1,0,1,0,0,0,3,1.89,44.20901,123.3281,121,64.7,43.46666667,54.09166667,40.58,426,68.67,22.7,9.5,3,PULP,133PU,859.4840668,0,0,0,0,9462.524036,106.7237391,745.3211558,0,1335.897698,0,0,0,0,0,0,0,0,1858.735597,0,0,206.5790093,16.8598655,,
H,Organic ,13,13_4,0,1,0,1,0,0,0,3,1.89,44.20901,123.3281,121,64.7,43.46666667,54.09166667,40.58,426,95.67,23.9,9.5,4,PULP,134PU,830.9046455,0,0,0,0,293.1549711,0,0,0,0,0,0,0,0,0,0,0,0,0,0,0,0,0,,
H,Organic ,13,13_5,0,1,0,1,0,0,0,3,1.89,44.20901,123.3281,121,64.7,43.46666667,54.09166667,40.58,426,94.67,22.4,10,3,PULP,135PU,832.9411765,0,0,0,0,0,0,0,0,0,0,0,0,0,0,0,0,0,0,0,0,0,0,,
H,Organic ,13,13_1,0,1,0,1,0,0,0,3,1.89,44.20901,123.3281,121,64.7,43.46666667,54.09166667,40.58,426,96,21.4,10,3,SEED,131SD,825.6559767,5395.427335,0,0,0,0,0,0,0,0,0,0,0,0,0,0,0,0,1097.737689,0,0,0,0,,
H,Organic ,13,13_2,0,1,0,1,0,0,0,3,1.89,44.20901,123.3281,121,64.7,43.46666667,54.09166667,40.58,426,73.67,23.2,10,3,SEED,132SD,847.9041916,0,0,0,0,7943.809571,0,1128.663305,0,952.3164575,0,0,0,0,0,170.5595065,0,0,42554.74712,0,2.8356032,0,39.6441234,,
H,Organic ,13,13_3,0,1,0,1,0,0,0,3,1.89,44.20901,123.3281,121,64.7,43.46666667,54.09166667,40.58,426,68.67,22.7,9.5,3,SEED,133SD,824.0543162,0,0,0,0,26424.77135,93.0766668,4472.582187,371.0858505,2760.543935,0,0,0,0,0,242.033536,0,184.862459,81275.15277,0,45.6117646,0,84.8542244,,
H,Organic ,13,13_4,0,1,0,1,0,0,0,3,1.89,44.20901,123.3281,121,64.7,43.46666667,54.09166667,40.58,426,95.67,23.9,9.5,4,SEED,134SD,831.3111546,0,0,0,0,12095.17188,0,1721.180442,0,0,0,0,0,0,0,171.2798851,0,0,49190.76714,0,75.7581788,0,43.749353,,
H,Organic ,13,13_5,0,1,0,1,0,0,0,3,1.89,44.20901,123.3281,121,64.7,43.46666667,54.09166667,40.58,426,94.67,22.4,10,3,SEED,135SD,856.4516129,0,0,0,0,7132.277067,0,872.8453929,0,1126.274302,0,0,0,0,0,0,0,0,29231.08922,0,0,0,26.5232655,,
H,Organic ,13,13_1,0,1,0,1,0,0,0,3,1.89,44.20901,123.3281,121,64.7,43.46666667,54.09166667,40.58,426,96,21.4,10,3,SKIN,131SK,829.6875,1756.67623,0,0,0,3513.590861,0,1357.528592,319.8776642,9248.021566,0,0,365.235608,5544.257807,2298.698194,2460.386862,5267.503389,10066.51397,1678.6887,0,0,37.1993897,170.8995654,,
H,Organic ,13,13_2,0,1,0,1,0,0,0,3,1.89,44.20901,123.3281,121,64.7,43.46666667,54.09166667,40.58,426,73.67,23.2,10,3,SKIN,132SK,854.7283702,1544.706703,0,802.3868891,206.0448892,5314.37291,0,6590.540791,634.1726545,6237.254897,0,0,3823.180126,40508.28443,10923.18546,6899.964892,14866.94385,22717.71802,2621.550836,71.2602348,0,40.5303845,133.6423087,,
H,Organic ,13,13_3,0,1,0,1,0,0,0,3,1.89,44.20901,123.3281,121,64.7,43.46666667,54.09166667,40.58,426,68.67,22.7,9.5,3,SKIN,133SK,859.049545,1445.926646,0,0,0,4131.233693,0,1045.38971,622.0463883,8497.445813,0,0,2815.679613,29553.12413,7867.711832,5500.446416,11795.2231,14306.95556,2677.199109,2.9283267,0,46.2256868,146.4012443,,
H,Organic ,13,13_4,0,1,0,1,0,0,0,3,1.89,44.20901,123.3281,121,64.7,43.46666667,54.09166667,40.58,426,95.67,23.9,9.5,4,SKIN,134SK,837.4568753,694.5243893,0,0,0,2542.156147,0,3345.673669,299.059555,5117.323058,0,0,11534.20029,1085.164462,2673.250383,378.7119475,1061.945889,8750.415222,893.1617217,0,0,21.168879,73.3926977,,
H,Organic ,13,13_5,0,1,0,1,0,0,0,3,1.89,44.20901,123.3281,121,64.7,43.46666667,54.09166667,40.58,426,94.67,22.4,10,3,SKIN,135SK,838.2831771,1571.514458,0,0,0,6172.825435,0,11892.94457,592.9913932,11509.12947,0,0,4373.896967,29950.0569,8570.95159,5396.440352,12324.87937,22266.73321,837.7154719,0,0,30.4722269,176.2831303,,
H,Conventional ,14,14_1,0,0,0,1,0,0,0,4,1.61,44.02257,123.0045,138,64.7,43.46666667,54.09166667,40.58,72,91.33,30.8,9.5,3,PULP,141PU,866.4966854,0,0,0,0,34.3532295,0,0,0,0,0,0,0,0,0,0,0,0,0,0,0,14.9609475,0,,
H,Conventional ,14,14_2,0,0,0,1,0,0,0,4,1.61,44.02257,123.0045,138,64.7,43.46666667,54.09166667,40.58,72,84,33.4,8.5,3,PULP,142PU,826.459144,0,0,0,0,47.1123963,0,0,0,0,0,0,0,0,0,0,0,0,0,0,0,0,0,,
H,Conventional ,14,14_3,0,0,0,1,0,0,0,4,1.61,44.02257,123.0045,138,64.7,43.46666667,54.09166667,40.58,72,98,35.2,9.5,3,PULP,143PU,839.9406822,0,0,0,0,4397.702894,67.0706818,0,0,0,0,0,0,0,0,0,0,0,1213.221674,0,0,108.6328578,0,,
H,Conventional ,14,14_4,0,0,0,1,0,0,0,4,1.61,44.02257,123.0045,138,64.7,43.46666667,54.09166667,40.58,72,88,33.5,9,3,PULP,144PU,844.1132638,0,0,0,0,5566.71169,76.1329234,0,0,0,0,0,0,0,0,0,0,0,1114.463275,0,0,111.0512174,0,,
H,Conventional ,14,14_1,0,0,0,1,0,0,0,4,1.61,44.02257,123.0045,138,64.7,43.46666667,54.09166667,40.58,72,91.33,30.8,9.5,3,SEED,141SD,830.9046455,0,0,0,0,174.3187162,0,0,0,0,0,0,0,0,0,0,0,0,2155.534049,0,91.5110988,0,0,,
H,Conventional ,14,14_2,0,0,0,1,0,0,0,4,1.61,44.02257,123.0045,138,64.7,43.46666667,54.09166667,40.58,72,84,33.4,8.5,3,SEED,142SD,857.7486118,0,821.1181985,0,0,18062.13202,41.8173223,4710.64925,393.7321566,3068.820196,0,0,0,0,0,199.1676041,0,0,91232.55011,157.7719188,43.1247382,0,91.1743596,,
H,Conventional ,14,14_3,0,0,0,1,0,0,0,4,1.61,44.02257,123.0045,138,64.7,43.46666667,54.09166667,40.58,72,98,35.2,9.5,3,SEED,143SD,830.4985337,0,0,0,0,4092.254351,54.0208636,1946.342669,322.2346472,1388.116716,0,0,0,0,0,126.6908224,0,0,110104.5166,0,13.882598,0,55.9088793,,
H,Conventional ,14,14_4,0,0,0,1,0,0,0,4,1.61,44.02257,123.0045,138,64.7,43.46666667,54.09166667,40.58,72,88,33.5,9,3,SEED,144SD,838.6969398,0,0,0,0,4544.023885,81.1202802,2924.7242,344.9766994,1554.662766,0,0,0,0,0,176.1396951,0,0,139946.1241,0,50.4426882,0,61.2781729,,
H,Conventional ,14,14_5,0,0,0,1,0,0,0,4,1.61,44.02257,123.0045,138,64.7,43.46666667,54.09166667,40.58,72,94,36.6,8.5,3,SEED,145SD,849.6,1086.919925,0,0,0,3428.238671,0,6138.86002,0,8292.971378,0,0,133.9776008,3814.226772,1445.141716,1750.140471,4015.772667,6593.410926,1470.541638,0,0,37.5263787,130.3118207,,
H,Conventional ,14,14_1,0,0,0,1,0,0,0,4,1.61,44.02257,123.0045,138,64.7,43.46666667,54.09166667,40.58,72,91.33,30.8,9.5,3,SKIN,141SK,829.2825769,0,0,0,0,2044.260578,0,8503.6199,793.1911833,13591.34266,0,0,0,2656.010131,1358.082532,1153.04628,2915.444549,4167.535003,1482.046847,0,0,38.6752401,148.6985682,,
H,Conventional ,14,14_2,0,0,0,1,0,0,0,4,1.61,44.02257,123.0045,138,64.7,43.46666667,54.09166667,40.58,72,84,33.4,8.5,3,SKIN,142SK,845.3731343,1433.598862,390.8669788,0,0,3546.407638,0,12393.52277,959.0342339,548.3269087,0,0,1435.220952,20418.83183,4487.178796,4758.252171,10132.38447,14253.20305,1876.550163,0,0,44.7312495,211.8276976,,
H,Conventional ,14,14_3,0,0,0,1,0,0,0,4,1.61,44.02257,123.0045,138,64.7,43.46666667,54.09166667,40.58,72,98,35.2,9.5,3,SKIN,143SK,825.2549781,0,0,0,0,1850.880122,0,6566.611784,678.4232166,6714.775002,0,0,178.3222316,7176.115202,1736.977515,3294.082272,5254.73269,9418.066127,2692.312133,0,0,56.3156272,143.7277381,,
H,Conventional ,14,14_4,0,0,0,1,0,0,0,4,1.61,44.02257,123.0045,138,64.7,43.46666667,54.09166667,40.58,72,88,33.5,9,3,SKIN,144SK,839.9406822,621.9699918,0,0,0,1337.729031,0,6104.51804,686.3259192,7586.004576,0,0,290.9188106,10099.53171,1933.412253,4474.708351,6987.915936,14953.34862,3147.229726,23.4275118,0,36.7950958,161.7153654,,
H,Conventional ,14,14_5,0,0,0,1,0,0,0,4,1.61,44.02257,123.0045,138,64.7,43.46666667,54.09166667,40.58,72,94,36.6,8.5,3,SKIN,145SK,868.2677568,0,0,0,0,0,0,0,0,0,0,0,0,0,0,0,0,0,0,0,832.1335064,0,0,,
I,Conventional ,15,15_1,1,0,1,1,1,1,0,50,1.44,45.51143,121.5584,591,50.63333333,35.43333333,43.025,79.83,221,64.67,20.9,8,3,PULP,151PU,824.4541485,0,0,0,0,142.3857887,0,0,0,0,0,0,0,0,0,0,0,0,0,0,0,8.3814858,0,,
I,Conventional ,15,15_2,1,0,1,1,1,1,0,50,1.44,45.51143,121.5584,591,50.63333333,35.43333333,43.025,79.83,221,75.67,17.4,8,3,PULP,152PU,866.9387755,0,0,0,0,6319.211026,0,582.6487296,0,1546.915908,0,0,0,0,0,0,0,0,0,0,0,72.2589095,0,,
I,Conventional ,15,15_3,1,0,1,1,1,1,0,50,1.44,45.51143,121.5584,591,50.63333333,35.43333333,43.025,79.83,221,82.67,17.2,7.5,3,PULP,153PU,832.1253673,0,0,0,0,4047.430425,0,0,0,962.4003926,0,0,0,0,0,0,0,120.1852021,775.8150094,0,0,74.7534511,0,,
I,Conventional ,15,15_4,1,0,1,1,1,1,0,50,1.44,45.51143,121.5584,591,50.63333333,35.43333333,43.025,79.83,221,109,21.7,8,3,PULP,154PU,830.0928188,0,0,0,0,7925.441083,27.9720423,0,0,757.6208179,0,0,0,0,0,0,0,485.4169937,1047.666493,0,0,122.8768157,0,,
I,Conventional ,15,15_5,1,0,1,1,1,1,0,50,1.44,45.51143,121.5584,591,50.63333333,35.43333333,43.025,79.83,221,87.67,23.4,8,3,PULP,155PU,828.0701754,0,0,0,0,6656.421278,1.9207645,0,0,682.5769826,0,0,0,0,0,0,0,0,811.3973126,0,0,108.0974439,0,,
I,Conventional ,15,15_1,1,0,1,1,1,1,0,50,1.44,45.51143,121.5584,591,50.63333333,35.43333333,43.025,79.83,221,64.67,20.9,8,3,SEED,151SD,830.4985337,0,0,653.7047073,0,13146.75811,0,2387.856841,351.4108344,1933.747355,0,0,0,0,0,214.1267096,0,0,63778.93361,0,0,0,58.5049389,,
I,Conventional ,15,15_2,1,0,1,1,1,1,0,50,1.44,45.51143,121.5584,591,50.63333333,35.43333333,43.025,79.83,221,75.67,17.4,8,3,SEED,152SD,3398.4,0,0,0,0,12431.15371,0,1791.071066,0,0,0,0,0,0,0,0,0,0,57506.19293,0,0,0,40.8895018,,
I,Conventional ,15,15_3,1,0,1,1,1,1,0,50,1.44,45.51143,121.5584,591,50.63333333,35.43333333,43.025,79.83,221,82.67,17.2,7.5,3,SEED,153SD,826.8613139,0,0,0,0,18794.45982,46.5255575,6887.506145,342.5567328,3020.834242,0,0,0,0,0,236.0795619,0,224.5251968,89228.02948,0,76.9599183,15.5924778,85.9135975,,
I,Conventional ,15,15_4,1,0,1,1,1,1,0,50,1.44,45.51143,121.5584,591,50.63333333,35.43333333,43.025,79.83,221,109,21.7,8,3,SEED,154SD,840.7718951,0,0,0,0,14972.28878,142.241335,3295.821824,0,1718.969556,0,0,0,0,0,255.3694998,0,103.6204605,78428.19864,0,44.1658446,15.9826933,48.5149454,,
I,Conventional ,15,15_5,1,0,1,1,1,1,0,50,1.44,45.51143,121.5584,591,50.63333333,35.43333333,43.025,79.83,221,87.67,23.4,8,3,SEED,155SD,857.7486118,0,0,0,0,11640.79492,0,2301.485519,322.9697688,2014.486716,0,0,0,0,0,207.2686379,0,0,48757.22464,0,6.7026854,18.2378979,67.6859785,,
I,Conventional ,15,15_1,1,0,1,1,1,1,0,50,1.44,45.51143,121.5584,591,50.63333333,35.43333333,43.025,79.83,221,64.67,20.9,8,3,SKIN,151SK,855.5891239,1004.591424,0,234.9589989,0,2706.856726,0,5992.297686,1250.494978,7541.894967,0,0,0,1465.141694,0,1318.924538,3306.3926,4886.290142,1650.310816,0,0,51.4375419,104.9230364,,
I,Conventional ,15,15_2,1,0,1,1,1,1,0,50,1.44,45.51143,121.5584,591,50.63333333,35.43333333,43.025,79.83,221,75.67,17.4,8,3,SKIN,152SK,853.4404822,1777.562199,0,452.6486459,0,5330.510223,0,12430.10648,1085.299464,14731.64633,0,0,398.4439046,9628.02304,2760.213691,4456.340248,8686.005189,14073.66067,2975.769887,0,0,76.0186355,210.1592323,,
I,Conventional ,15,15_3,1,0,1,1,1,1,0,50,1.44,45.51143,121.5584,591,50.63333333,35.43333333,43.025,79.83,221,82.67,17.2,7.5,3,SKIN,153SK,853.0120482,1411.477094,0,0,0,2763.719713,236.5754634,14114.44984,783.7008975,19909.4797,0,0,98.4479373,1770.705886,0,1616.003677,3936.257219,6399.744651,2160.991023,0,0,63.822359,200.8842877,,
I,Conventional ,15,15_4,1,0,1,1,1,1,0,50,1.44,45.51143,121.5584,591,50.63333333,35.43333333,43.025,79.83,221,109,21.7,8,3,SKIN,154SK,850.8763145,0,581.5553168,0,0,3509.721186,0,11004.38818,1109.14198,12376.78659,0,0,587.726435,8142.647092,2355.174123,3024.546648,6778.044019,8869.535218,2358.988421,0,0,44.2990874,205.9878569,,
I,Conventional ,15,15_5,1,0,1,1,1,1,0,50,1.44,45.51143,121.5584,591,50.63333333,35.43333333,43.025,79.83,221,87.67,23.4,8,3,SKIN,155SK,855.5891239,1638.63654,0,387.9691929,625.2455312,4000.916035,26.2388332,13722.58641,1354.397672,19834.09092,0,0,178.2455839,6488.301635,2032.662022,3274.630418,6844.020071,11525.85568,2343.787709,0,0,57.9553832,228.9690559,,
I,Organic ,16,16_1,0,1,1,0,0,0,0,54,1.72,45.50422,121.5893,644,50.63333333,35.43333333,43.025,79.83,98,43.33,21.8,9,3,PULP,161PU,867.381317,607.6962597,0,155.8760099,0,8466.482303,0,1134.236741,0,2164.957685,0,0,0,0,0,0,0,124.2792796,1345.872091,0,0,137.3812864,23.8623975,,
I,Organic ,16,16_2,0,1,1,0,0,0,0,54,1.72,45.50422,121.5893,644,50.63333333,35.43333333,43.025,79.83,98,35,23.3,8,3,PULP,162PU,828.0701754,0,0,0,0,4624.30694,97.9317911,0,0,442.4253775,0,0,0,0,0,0,0,0,1018.759847,0,0,119.8883617,0,,
I,Organic ,16,16_3,0,1,1,0,0,0,0,54,1.72,45.50422,121.5893,644,50.63333333,35.43333333,43.025,79.83,98,47.67,21.1,8.5,3,PULP,163PU,829.6875,0,0,0,0,9799.372648,197.2724461,498.6258176,317.2397041,1691.222015,0,0,171.0573102,0,0,0,0,262.4889304,995.4269408,0,0,222.9197817,14.8224448,,
I,Organic ,16,16_4,0,1,1,0,0,0,0,54,1.72,45.50422,121.5893,644,50.63333333,35.43333333,43.025,79.83,98,51.67,20.9,8.5,3,PULP,164PU,861.663286,0,0,0,0,46.9684371,0,0,0,0,0,0,0,0,0,39.7939933,0,5.7598902,0,0,0,0,0,,
I,Organic ,16,16_5,0,1,1,0,0,0,0,54,1.72,45.50422,121.5893,644,50.63333333,35.43333333,43.025,79.83,98,45.33,19.2,9,3,PULP,165PU,848.7512488,2050.720253,0,692.5126451,0,6342.284359,0,8388.197731,338.5155319,11716.00772,0,0,549.3501531,8987.503402,2603.358758,3687.12632,7417.355356,14359.33211,0,0,0,89.9629734,12.619033,,
I,Organic ,16,16_1,0,1,1,0,0,0,0,54,1.72,45.50422,121.5893,644,50.63333333,35.43333333,43.025,79.83,98,43.33,21.8,9,3,SEED,161SD,860.3544304,0,0,0,0,1175.078426,0,0,0,0,0,0,0,0,0,0,0,0,0,0,0,19.8085837,0,,
I,Organic ,16,16_2,0,1,1,0,0,0,0,54,1.72,45.50422,121.5893,644,50.63333333,35.43333333,43.025,79.83,98,35,23.3,8,3,SEED,162SD,1735.648621,0,0,0,0,33049.03872,121.7204342,8036.633296,0,5248.329683,0,0,0,0,0,618.4541648,0,287.5950993,161985.4404,0,50.6625725,25.6946031,178.6002409,,
I,Organic ,16,16_3,0,1,1,0,0,0,0,54,1.72,45.50422,121.5893,644,50.63333333,35.43333333,43.025,79.83,98,47.67,21.1,8.5,3,SEED,163SD,821.6634429,0,0,0,0,15863.70639,21.2696929,3626.579877,0,2383.698998,0,0,0,0,0,274.7915998,0,59.4591919,74809.88,0,16.3716183,9.846738,88.0711671,,
I,Organic ,16,16_4,0,1,1,0,0,0,0,54,1.72,45.50422,121.5893,644,50.63333333,35.43333333,43.025,79.83,98,51.67,20.9,8.5,3,SEED,164SD,828.8780488,0,0,0,0,18468.10021,89.4092011,3386.489267,416.9257881,2481.428797,0,0,0,0,0,310.4147631,0,0,103672.6165,0,34.2255859,14.7120875,98.0832478,,
I,Organic ,16,16_5,0,1,1,0,0,0,0,54,1.72,45.50422,121.5893,644,50.63333333,35.43333333,43.025,79.83,98,45.33,19.2,9,3,SEED,165SD,844.5328032,0,0,0,0,21154.111,77.1446068,4225.267206,385.3629186,2590.889677,0,0,0,0,0,327.0646191,0,268.2368522,93822.58058,0,67.7419079,0,96.9327058,,
I,Organic ,16,16_1,0,1,1,0,0,0,0,54,1.72,45.50422,121.5893,644,50.63333333,35.43333333,43.025,79.83,98,43.33,21.8,9,3,SKIN,161SK,849.1754123,1853.413394,0,408.2445464,0,5689.868044,0,9944.299372,986.6622299,13382.28932,0,0,764.8744809,9865.809625,3225.336362,3621.58402,7307.669515,14377.95685,2319.855657,0,0,63.2089568,147.9988951,,
I,Organic ,16,16_2,0,1,1,0,0,0,0,54,1.72,45.50422,121.5893,644,50.63333333,35.43333333,43.025,79.83,98,35,23.3,8,3,SKIN,162SK,850.0250125,1959.998546,0,988.2366211,0,4951.045077,0,7085.836716,1116.657794,15316.8632,0,0,310.6597822,3764.45688,1683.338664,1929.768966,4557.620473,8555.17849,2281.199206,0,0,95.7215033,146.7976588,,
I,Organic ,16,16_3,0,1,1,0,0,0,0,54,1.72,45.50422,121.5893,644,50.63333333,35.43333333,43.025,79.83,98,47.67,21.1,8.5,3,SKIN,163SK,842.0218038,1953.126869,0,2836.471029,0,7865.796826,104.082914,8285.697719,744.8890938,11898.16487,0,0,455.5982457,4828.349206,1810.479352,1921.672065,4748.88092,7025.707226,5027.729958,0,0,145.7670169,136.9039673,,
I,Organic ,16,16_4,0,1,1,0,0,0,0,54,1.72,45.50422,121.5893,644,50.63333333,35.43333333,43.025,79.83,98,51.67,20.9,8.5,3,SKIN,164SK,855.5891239,2718.602241,0,636.4257344,0,8673.891049,47.9893139,10612.469,1445.944342,15102.01611,0,0,616.4869259,15201.28553,3791.01723,5565.643306,11485.2946,18880.5886,4154.242529,0,0,133.0277559,211.8412541,,
I,Organic ,16,16_5,0,1,1,0,0,0,0,54,1.72,45.50422,121.5893,644,50.63333333,35.43333333,43.025,79.83,98,45.33,19.2,9,3,SKIN,165SK,819.6816208,722.1594385,0,368.2342843,0,9904.083857,47.2961945,1017.130242,0,562.9020307,0,0,0,0,0,0,0,0,828.9778346,0,0,125.3555857,248.184383,,
J,Conventional ,17,17_1,1,1,1,1,1,1,0,100,1.78,45.83882,121.496,161,60.01666667,35.99166667,48.01666667,49.44,500,100.67,22.7,8.5,3,PULP,171PU,834.5776031,0,0,0,0,390.315026,0,0,0,0,0,0,0,0,0,0,0,0,0,0,0,0,0,,
J,Conventional ,17,17_2,1,1,1,1,1,1,0,100,1.78,45.83882,121.496,161,60.01666667,35.99166667,48.01666667,49.44,500,83.67,20.9,9,3,PULP,172PU,829.2825769,0,0,0,0,0,0,0,0,0,0,0,0,0,0,0,0,0,0,0,0,0,0,,
J,Conventional ,17,17_3,1,1,1,1,1,1,0,100,1.78,45.83882,121.496,161,60.01666667,35.99166667,48.01666667,49.44,500,92.67,21.3,9,3,PULP,173PU,844.5328032,0,0,0,0,883.1059303,0,0,0,0,0,0,0,0,0,0,0,0,0,0,0,10.9466373,0,,
J,Conventional ,17,17_4,1,1,1,1,1,1,0,100,1.78,45.83882,121.496,161,60.01666667,35.99166667,48.01666667,49.44,500,113.67,21.3,8.5,3,PULP,174PU,839.1111111,0,0,0,0,1143.005435,0,0,0,0,0,0,0,0,0,0,0,0,0,0,0,18.6233894,0,,
J,Conventional ,17,17_5,1,1,1,1,1,1,0,100,1.78,45.83882,121.496,161,60.01666667,35.99166667,48.01666667,49.44,500,99.33,22.6,9,3,PULP,175PU,845.3731343,0,0,0,0,666.8584217,0,0,0,0,0,0,0,0,0,0,0,0,868.8423518,0,0,15.0988311,0,,
J,Conventional ,17,17_1,1,1,1,1,1,1,0,100,1.78,45.83882,121.496,161,60.01666667,35.99166667,48.01666667,49.44,500,100.67,22.7,8.5,3,SEED,171SD,859.9190283,0,570.7548383,0,0,14474.64693,32.983643,5115.818526,400.9525919,3917.033232,0,0,0,0,0,0,0,0,62258.74827,0,47.0697085,0,102.2732433,,
J,Conventional ,17,17_2,1,1,1,1,1,1,0,100,1.78,45.83882,121.496,161,60.01666667,35.99166667,48.01666667,49.44,500,83.67,20.9,9,3,SEED,172SD,829.6875,0,0,0,0,0,0,467.3008109,0,0,0,0,0,0,0,0,0,0,1257.016624,0,18.836405,0,0,,
J,Conventional ,17,17_3,1,1,1,1,1,1,0,100,1.78,45.83882,121.496,161,60.01666667,35.99166667,48.01666667,49.44,500,92.67,21.3,9,3,SEED,173SD,852.5840442,0,0,0,0,7857.098204,0,2502.264757,0,2407.790519,0,0,0,0,0,123.371899,0,0,29802.64962,0,5.0832553,0,57.3161918,,
J,Conventional ,17,17_4,1,1,1,1,1,1,0,100,1.78,45.83882,121.496,161,60.01666667,35.99166667,48.01666667,49.44,500,113.67,21.3,8.5,3,SEED,174SD,834.987715,0,456.6837192,0,0,11039.13532,0,3037.151189,347.0452383,2561.998637,0,0,0,0,0,186.4460129,0,0,51421.80674,0,0,0,65.1542521,,
J,Conventional ,17,17_5,1,1,1,1,1,1,0,100,1.78,45.83882,121.496,161,60.01666667,35.99166667,48.01666667,49.44,500,99.33,22.6,9,3,SEED,175SD,823.255814,0,0,0,0,10166.5879,0,3518.9871,0,3469.575766,0,0,0,0,0,140.4121792,0,0,33391.24747,0,0,0,75.5005269,,
J,Conventional ,17,17_1,1,1,1,1,1,1,0,100,1.78,45.83882,121.496,161,60.01666667,35.99166667,48.01666667,49.44,500,100.67,22.7,8.5,3,SKIN,171SK,848.3275087,398.0941363,0,0,0,298.4255744,0,2304.566153,360.0820661,4647.835546,0,0,131.6018,1539.527884,0,754.2790254,1840.989422,2679.59772,0,0,0,0,56.400025,,
J,Conventional ,17,17_2,1,1,1,1,1,1,0,100,1.78,45.83882,121.496,161,60.01666667,35.99166667,48.01666667,49.44,500,83.67,20.9,9,3,SKIN,172SK,836.6322009,497.4135285,0,1239.030794,0,696.3412661,0,3750.017259,0,5967.433668,0,0,530.039232,9353.131684,2505.685064,2362.080194,4949.439773,2347.549651,1338.892042,0,40.6353214,8.1391218,58.7674643,,
J,Conventional ,17,17_3,1,1,1,1,1,1,0,100,1.78,45.83882,121.496,161,60.01666667,35.99166667,48.01666667,49.44,500,92.67,21.3,9,3,SKIN,173SK,835.3982301,650.9669743,0,0,0,971.974374,0,2603.066345,0,5562.468544,0,0,379.1910822,9114.669524,2078.252355,2370.846149,5004.612083,8899.432994,1030.604415,0,0,14.3324898,63.0339529,,
J,Conventional ,17,17_4,1,1,1,1,1,1,0,100,1.78,45.83882,121.496,161,60.01666667,35.99166667,48.01666667,49.44,500,113.67,21.3,8.5,3,SKIN,174SK,847.9041916,541.0072285,0,0,0,448.3162591,0,2837.908797,0,5415.228726,0,0,312.7711948,5932.576658,1633.830797,1390.148651,3419.016207,5915.764911,977.671597,0,0,0,0,,
J,Conventional ,17,17_5,1,1,1,1,1,1,0,100,1.78,45.83882,121.496,161,60.01666667,35.99166667,48.01666667,49.44,500,99.33,22.6,9,3,SKIN,175SK,859.9190283,0,0,0,0,2016.217628,0,0,963.910617,5510.694317,0,0,2009.831524,18390.27686,5942.151375,2341.656725,5178.498941,6442.60468,0,0,0,0,72.4261569,,
K,Conventional ,18,18_1,1,1,0,1,0,0,0,110,1.89,45.69196,121.5184,172,60.95,42.46666667,51.7,29.84,339,95.33,28.1,9,3,PULP,181PU,832.533072,580.664228,0,0,0,11273.94916,13.8734764,799.0602568,0,1674.82113,0,0,0,0,0,0,0,179.2947424,1042.2268,0,0,220.4374912,16.8190548,,
K,Conventional ,18,18_2,1,1,0,1,0,0,0,110,1.89,45.69196,121.5184,172,60.95,42.46666667,51.7,29.84,339,135,24.2,9,4,PULP,182PU,852.5840442,0,0,0,0,4756.649432,0,0,0,471.707311,0,0,0,0,0,0,0,0,0,0,0,90.4641736,0,,
K,Conventional ,18,18_3,1,1,0,1,0,0,0,110,1.89,45.69196,121.5184,172,60.95,42.46666667,51.7,29.84,339,85.33,25.8,9.5,3,PULP,183PU,851.3026052,0,0,0,0,8289.121362,0,117.2195841,0,763.3001564,0,0,0,0,0,0,0,0,0,0,0,12.575771,124.0770632,,
K,Conventional ,18,18_4,1,1,0,1,0,0,0,110,1.89,45.69196,121.5184,172,60.95,42.46666667,51.7,29.84,339,111,26.5,10.5,3,PULP,184PU,854.7283702,0,0,0,0,8053.838906,14.3678613,0,0,1104.514576,0,0,0,0,0,0,0,0,0,0,0,132.0608129,0,,
K,Conventional ,18,18_5,1,1,0,1,0,0,0,110,1.89,45.69196,121.5184,172,60.95,42.46666667,51.7,29.84,339,85.3,26,10.5,4,PULP,185PU,826.459144,0,0,0,0,10351.4129,0,1643.513885,0,2192.735077,0,0,0,0,0,0,0,0,1181.167067,0,0,127.1766729,29.3282504,,
K,Conventional ,18,18_1,1,1,0,1,0,0,0,110,1.89,45.69196,121.5184,172,60.95,42.46666667,51.7,29.84,339,95.33,28.1,9,3,SEED,181SD,862.1004566,0,0,0,0,12291.38752,48.1419471,2214.68374,518.9895077,1764.011643,0,0,0,0,0,92.3301146,0,0,44993.62314,0,0,9.0535902,38.251935,,
K,Conventional ,18,18_2,1,1,0,1,0,0,0,110,1.89,45.69196,121.5184,172,60.95,42.46666667,51.7,29.84,339,135,24.2,9,4,SEED,182SD,829.2825769,0,550.4979056,0,0,16678.15051,85.595963,2884.524287,339.794967,2242.472254,0,0,0,0,0,221.1970737,0,94.7628825,64371.80065,0,26.4716088,0,69.58102,,
K,Conventional ,18,18_3,1,1,0,1,0,0,0,110,1.89,45.69196,121.5184,172,60.95,42.46666667,51.7,29.84,339,85.33,25.8,9.5,3,SEED,183SD,843.2754342,0,0,0,0,24797.65039,179.4184033,3936.87153,348.6131574,3267.03357,0,0,0,0,0,157.486567,0,0,117466.404,0,24.6084865,22.8820111,82.212269,,
K,Conventional ,18,18_4,1,1,0,1,0,0,0,110,1.89,45.69196,121.5184,172,60.95,42.46666667,51.7,29.84,339,111,26.5,10.5,3,SEED,184SD,859.4840668,0,0,0,0,21014.92038,278.9205593,4770.631899,0,2903.071466,0,0,0,0,0,181.8532325,0,0,67883.48022,0,33.8850616,0,63.6577485,,
K,Conventional ,18,18_1,1,1,0,1,0,0,0,110,1.89,45.69196,121.5184,172,60.95,42.46666667,51.7,29.84,339,95.33,28.1,9,3,SKIN,181SK,863.8535841,1283.10104,0,0,1137.181416,9724.951564,0,11289.8287,757.7815749,8505.901225,0,0,4780.782296,61314.45524,11750.41395,10766.18473,21261.09066,41252.49923,4071.344845,66.316749,0,96.4214841,193.8972898,,
K,Conventional ,18,18_2,1,1,0,1,0,0,0,110,1.89,45.69196,121.5184,172,60.95,42.46666667,51.7,29.84,339,135,24.2,9,4,SKIN,182SK,801.8876829,0,0,0,0,4559.076074,0,8822.801064,653.5628143,11446.07227,0,0,1585.268152,31953.59737,5165.813444,6427.153644,12962.8771,21025.60384,1737.988278,23.180987,0,53.0455335,156.8012934,,
K,Conventional ,18,18_3,1,1,0,1,0,0,0,110,1.89,45.69196,121.5184,172,60.95,42.46666667,51.7,29.84,339,85.33,25.8,9.5,3,SKIN,183SK,844.5328032,995.0208654,0,0,0,4597.232656,0,1197.12701,648.5368166,8097.934506,0,0,2464.791719,32271.24153,5537.58646,7446.002379,14522.73508,33477.41324,2155.500902,53.2048467,0,49.7988201,149.8634915,,
K,Conventional ,18,18_4,1,1,0,1,0,0,0,110,1.89,45.69196,121.5184,172,60.95,42.46666667,51.7,29.84,339,111,26.5,10.5,3,SKIN,184SK,855.1585304,1252.582614,0,0,2197.886318,5751.099715,0,1329.789582,1457.11659,7200.174151,0,0,91323.8445,10582.33931,11914.74082,3942.315059,2158.132104,29641.80241,1107.858483,100.8340032,0,64.7819947,154.5395164,,
K,Conventional ,18,18_5,1,1,0,1,0,0,0,110,1.89,45.69196,121.5184,172,60.95,42.46666667,51.7,29.84,339,85.3,26,10.5,4,SKIN,185SK,820.4732014,1319.015639,0,0,558.7011028,11085.03131,0,10236.66981,746.6676579,8523.451614,0,0,6428.935756,72757.43519,16249.32919,13775.4843,23991.29213,44965.90637,5089.54641,70.952342,0,118.425634,182.3366037,,
L,Organic ,19,19_1,1,0,0,0,0,0,0,120,1.11,47.26603,119.9447,401,63.68333333,39.45833333,51.56666667,4.23,5226,101,21.9,8,3,PULP,191PU,871.8317086,0,0,0,0,0,0,0,0,0,0,0,0,0,0,0,0,0,0,0,0,0,0,,
L,Organic ,19,19_2,1,0,0,0,0,0,0,120,1.11,47.26603,119.9447,401,63.68333333,39.45833333,51.56666667,4.23,5226,91.67,27.6,10.5,3,PULP,192PU,847.9041916,0,0,0,0,4360.002368,39.4582278,0,0,0,0,0,0,0,0,0,0,0,1145.385326,0,0,100.6348227,0,,
L,Organic ,19,19_3,1,0,0,0,0,0,0,120,1.11,47.26603,119.9447,401,63.68333333,39.45833333,51.56666667,4.23,5226,106.67,26.6,10,3,PULP,193PU,850.0250125,0,0,0,0,4200.560827,0,0,0,607.5064631,0,0,0,0,0,0,0,0,0,0,0,78.1720007,0,,
L,Organic ,19,19_4,1,0,0,0,0,0,0,120,1.11,47.26603,119.9447,401,63.68333333,39.45833333,51.56666667,4.23,5226,108.67,30.5,9,3,PULP,194PU,852.5840442,0,0,0,0,2722.514399,0,0,0,0,0,0,0,0,0,0,0,0,0,0,0,71.4834095,0,,
L,Organic ,19,19_5,1,0,0,0,0,0,0,120,1.11,47.26603,119.9447,401,63.68333333,39.45833333,51.56666667,4.23,5226,82.67,26.5,8.5,3,PULP,195PU,828.4739152,0,0,0,0,3773.444667,19.081568,0,0,0,0,0,0,0,0,0,0,0,1209.752155,0,0,116.876561,0,,
L,Organic ,19,19_1,1,0,0,0,0,0,0,120,1.11,47.26603,119.9447,401,63.68333333,39.45833333,51.56666667,4.23,5226,101,21.9,8,3,SEED,191SD,841.1881188,0,0,0,0,9641.691177,0,1759.419856,0,1235.473856,0,0,0,0,0,152.9608742,0,0,59275.04226,0,9.5360596,0,47.4827187,,
L,Organic ,19,19_2,1,0,0,0,0,0,0,120,1.11,47.26603,119.9447,401,63.68333333,39.45833333,51.56666667,4.23,5226,91.67,27.6,10.5,3,SEED,192SD,845.7939273,0,441.0274407,0,0,13322.23893,0,2354.230009,324.7394953,1834.615575,0,0,0,0,0,178.1128384,0,0,75785.92325,0,10.2475218,0,59.1322399,,
L,Organic ,19,19_3,1,0,0,0,0,0,0,120,1.11,47.26603,119.9447,401,63.68333333,39.45833333,51.56666667,4.23,5226,106.67,26.6,10,3,SEED,193SD,873.6246787,0,0,0,0,0,0,0,0,0,0,0,0,0,0,0,0,934.9244155,4234.235413,0,207.6648914,0,0,,
L,Organic ,19,19_4,1,0,0,0,0,0,0,120,1.11,47.26603,119.9447,401,63.68333333,39.45833333,51.56666667,4.23,5226,108.67,30.5,9,3,SEED,194SD,820.8695652,0,0,0,0,13019.38433,0,2320.581491,0,1843.137435,0,0,0,0,0,179.1296206,0,26.5795322,66024.00826,0,7.4563746,6.2020466,52.4754847,,
L,Organic ,19,19_5,1,0,0,0,0,0,0,120,1.11,47.26603,119.9447,401,63.68333333,39.45833333,51.56666667,4.23,5226,82.67,26.5,8.5,3,SEED,195SD,836.2204724,777.5941922,0,0,0,1163.573926,0,7929.615462,0,8452.285357,0,0,3626.178241,279.5826773,1704.736373,2036.903408,0,3976.091076,1271.554361,0,0,26.3525968,132.8321259,,
L,Organic ,19,19_1,1,0,0,0,0,0,0,120,1.11,47.26603,119.9447,401,63.68333333,39.45833333,51.56666667,4.23,5226,101,21.9,8,3,SKIN,191SK,836.6322009,10202.79268,0,0,0,20205.58078,290.405491,124976.8752,2287.861,102351.3957,0,0,0,1858.207464,93716.672,12621.91058,18599.62997,141263.8677,32113.09951,63497.53616,0,345.0600593,1445.590846,,
L,Organic ,19,19_2,1,0,0,0,0,0,0,120,1.11,47.26603,119.9447,401,63.68333333,39.45833333,51.56666667,4.23,5226,91.67,27.6,10.5,3,SKIN,192SK,859.9190283,1183.683238,0,0,0,1540.145283,0,10438.06239,349.9194137,13687.93831,0,0,0,5491.853317,1750.779898,2170.0928,4302.564047,9159.328723,1854.945019,0,0,44.4554623,177.60634,,
L,Organic ,19,19_3,1,0,0,0,0,0,0,120,1.11,47.26603,119.9447,401,63.68333333,39.45833333,51.56666667,4.23,5226,106.67,26.6,10,3,SKIN,193SK,868.7116564,970.8073235,0,0,0,2118.720246,0,7213.234211,332.9500104,9712.136314,0,0,440.9340946,10542.67736,2421.241966,2601.80359,5576.3806,10524.57733,1582.544974,0,0,32.7003941,140.328514,,
L,Organic ,19,19_4,1,0,0,0,0,0,0,120,1.11,47.26603,119.9447,401,63.68333333,39.45833333,51.56666667,4.23,5226,108.67,30.5,9,3,SKIN,194SK,857.7486118,1176.914169,0,0,0,1715.370806,0,7007.444939,632.0423491,8016.616108,0,0,113.6596744,4007.688469,1432.992669,1665.678864,3829.982806,6041.684923,2092.605066,0,0,41.3276034,126.5754953,,
L,Organic ,19,19_5,1,0,0,0,0,0,0,120,1.11,47.26603,119.9447,401,63.68333333,39.45833333,51.56666667,4.23,5226,82.67,26.5,8.5,3,SKIN,195SK,897.6228209,0,0,0,0,0,0,0,0,0,0,0,0,0,0,0,0,0,2342.226472,0,2341.804835,0,0,,
L,Conventional ,20,20_1,0,1,0,1,0,0,0,45,1.89,47.55188,120.2998,203,62.11666667,41.725,51.95833333,8.85,271,92,29.6,11,3,PULP,201PU,829.6875,0,0,0,0,5007.172178,0,0,0,0,0,0,0,0,0,0,0,0,1191.146142,0,0,96.1948401,0,,
L,Conventional ,20,20_2,0,1,0,1,0,0,0,45,1.89,47.55188,120.2998,203,62.11666667,41.725,51.95833333,8.85,271,141,30,11,4,PULP,202PU,850.4504505,685.5452979,0,0,0,11219.59036,0,1557.67128,0,1845.576304,0,0,0,0,0,0,0,0,0,0,0,185.1457852,23.7785389,,
L,Conventional ,20,20_3,0,1,0,1,0,0,0,45,1.89,47.55188,120.2998,203,62.11666667,41.725,51.95833333,8.85,271,102,28.7,11.5,3,PULP,203PU,829.2825769,0,0,0,0,7324.664115,0,649.3329013,0,912.3407131,0,0,0,0,0,0,0,0,0,0,0,116.181458,12.9740732,,
L,Conventional ,20,20_4,0,1,0,1,0,0,0,45,1.89,47.55188,120.2998,203,62.11666667,41.725,51.95833333,8.85,271,121.33,30.6,10,3,PULP,204PU,841.6047548,0,0,0,0,5778.16498,0,0,0,513.1925372,0,0,0,0,0,0,0,0,0,0,0,108.39285,0,,
L,Conventional ,20,20_5,0,1,0,1,0,0,0,45,1.89,47.55188,120.2998,203,62.11666667,41.725,51.95833333,8.85,271,91.67,31.9,12.5,4,PULP,205PU,837.4568753,0,0,0,0,7455.729671,26.7111288,361.2589393,0,1017.076874,0,0,0,0,0,0,0,0,0,0,0,111.534559,0,,
L,Conventional ,20,20_1,0,1,0,1,0,0,0,45,1.89,47.55188,120.2998,203,62.11666667,41.725,51.95833333,8.85,271,92,29.6,11,3,SEED,201SD,854.7283702,0,0,0,0,8122.597777,0,1973.058268,0,1116.318798,0,0,0,0,0,0,0,0,41112.1034,0,0,0,30.7017732,,
L,Conventional ,20,20_2,0,1,0,1,0,0,0,45,1.89,47.55188,120.2998,203,62.11666667,41.725,51.95833333,8.85,271,141,30,11,4,SEED,202SD,824.8543689,0,280.7778394,0,0,6344.338771,0,963.3446549,0,721.2717056,0,0,0,0,0,0,0,95.0025777,29864.61728,0,0,25.9942458,15.7351832,,
L,Conventional ,20,20_3,0,1,0,1,0,0,0,45,1.89,47.55188,120.2998,203,62.11666667,41.725,51.95833333,8.85,271,102,28.7,11.5,3,SEED,203SD,851.3026052,0,504.5524923,0,0,13640.43012,33.6373877,2671.188246,310.8860877,1878.379615,0,0,0,0,0,174.6665114,0,0,62847.27107,0,6.3320744,0,59.3845923,,
L,Conventional ,20,20_4,0,1,0,1,0,0,0,45,1.89,47.55188,120.2998,203,62.11666667,41.725,51.95833333,8.85,271,121.33,30.6,10,3,SEED,204SD,854.2986425,0,0,0,0,4786.098783,0,492.019951,0,591.4649112,0,0,0,0,0,0,0,0,21570.0388,0,0,0,15.2422696,,
L,Conventional ,20,20_5,0,1,0,1,0,0,0,45,1.89,47.55188,120.2998,203,62.11666667,41.725,51.95833333,8.85,271,91.67,31.9,12.5,4,SEED,205SD,824.0543162,0,0,0,0,11328.06745,11.6405413,1947.810139,0,1448.727465,0,0,0,0,0,134.4094645,0,0,60215.62976,0,7.4156587,0,45.5848417,,
L,Conventional ,20,20_1,0,1,0,1,0,0,0,45,1.89,47.55188,120.2998,203,62.11666667,41.725,51.95833333,8.85,271,92,29.6,11,3,SKIN,201SK,826.459144,1354.152528,0,0,0,2327.042792,0,10236.13376,522.376643,6644.564547,0,0,493.2066579,17520.99617,4071.771168,3877.34028,7069.53735,15259.74352,1744.505682,0,0,34.1307403,133.9895654,,
L,Conventional ,20,20_2,0,1,0,1,0,0,0,45,1.89,47.55188,120.2998,203,62.11666667,41.725,51.95833333,8.85,271,141,30,11,4,SKIN,202SK,862.97613,1207.302401,0,0,2253.339633,2970.985511,0,1501.774768,557.639233,1117.898722,0,0,25619.06673,2143.912402,5538.605783,1084.379217,8802.447087,17781.13941,0,0,0,44.1149955,155.7960832,,
L,Conventional ,20,20_3,0,1,0,1,0,0,0,45,1.89,47.55188,120.2998,203,62.11666667,41.725,51.95833333,8.85,271,102,28.7,11.5,3,SKIN,203SK,849.6,1597.082789,0,0,0,5509.272547,0,10417.64851,570.6357653,6773.918048,0,0,433.2902115,13916.27215,3230.872243,3740.154687,7289.755337,15265.25654,1894.062891,0,0,55.6369014,137.070575,,
L,Conventional ,20,20_4,0,1,0,1,0,0,0,45,1.89,47.55188,120.2998,203,62.11666667,41.725,51.95833333,8.85,271,121.33,30.6,10,3,SKIN,204SK,857.3158426,1020.775828,0,3237.544099,0,1531.721055,0,16414.09039,811.3531829,11584.78949,0,0,127.0002404,7489.113697,2098.716086,2588.231295,5335.086248,12176.20043,1848.122974,6.574648,0,47.7509362,212.2179447,,
L,Conventional ,20,20_5,0,1,0,1,0,0,0,45,1.89,47.55188,120.2998,203,62.11666667,41.725,51.95833333,8.85,271,91.67,31.9,12.5,4,SKIN,205SK,842.0218038,1231.355768,0,0,0,3693.938066,0,0,671.5418514,373.2340356,0,0,0,1737.222147,1592.069477,1523.073942,3348.093174,7100.444503,1621.679163,0,0,57.0182018,158.6746753,,
M,Organic ,21,21_1,0,1,1,1,0,0,0,300,1.22,46.97863,119.3915,390,63.68333333,39.45833333,51.56666667,4.23,5737,112,28.6,9.5,4,PULP,211PU,840.3560831,0,0,0,0,5389.225102,0,731.7250359,0,1090.874491,0,0,0,0,0,0,0,0,0,0,0,84.5321419,15.6259466,,
M,Organic ,21,21_2,0,1,1,1,0,0,0,300,1.22,46.97863,119.3915,390,63.68333333,39.45833333,51.56666667,4.23,5737,116,33.1,9,3,PULP,212PU,847.4812968,316.5235915,0,0,0,3539.011269,0,298.3368829,0,897.0474408,0,0,0,0,0,0,0,0,0,0,0,70.8231138,9.7619919,,
M,Organic ,21,21_3,0,1,1,1,0,0,0,300,1.22,46.97863,119.3915,390,63.68333333,39.45833333,51.56666667,4.23,5737,117.33,30.3,8.5,4,PULP,213PU,854.7283702,0,0,0,0,5395.128219,0,324.6577445,0,867.2241153,0,0,0,0,0,0,0,0,969.959925,0,0,120.4998329,0,,
M,Organic ,21,21_4,0,1,1,1,0,0,0,300,1.22,46.97863,119.3915,390,63.68333333,39.45833333,51.56666667,4.23,5737,102,28.8,8.5,3,PULP,214PU,825.2549781,0,0,0,0,4818.822129,0,190.2210948,0,812.4566401,0,0,0,0,0,0,0,0,0,0,0,84.4254062,0,,
M,Organic ,21,21_5,0,1,1,1,0,0,0,300,1.22,46.97863,119.3915,390,63.68333333,39.45833333,51.56666667,4.23,5737,137,30.7,9.5,3,PULP,215PU,847.0588235,0,0,0,0,4844.435418,4.6948874,0,0,0,0,0,0,0,0,0,0,0,0,0,0,91.0771275,0,,
M,Organic ,21,21_1,0,1,1,1,0,0,0,300,1.22,46.97863,119.3915,390,63.68333333,39.45833333,51.56666667,4.23,5737,112,28.6,9.5,4,SEED,211SD,865.6138563,0,550.5263513,0,0,15547.07328,26.9613493,5006.663457,0,2724.990959,0,0,0,0,0,328.1810906,0,0,85070.1442,0,0,72.0215452,42.860214,,
M,Organic ,21,21_2,0,1,1,1,0,0,0,300,1.22,46.97863,119.3915,390,63.68333333,39.45833333,51.56666667,4.23,5737,116,33.1,9,3,SEED,212SD,824.4541485,0,470.428575,0,0,7604.228228,0,1929.450049,0,1345.131694,0,0,0,0,0,0,0,272.7920263,47309.68424,0,0,32.7587439,18.8303774,,
M,Organic ,21,21_3,0,1,1,1,0,0,0,300,1.22,46.97863,119.3915,390,63.68333333,39.45833333,51.56666667,4.23,5737,117.33,30.3,8.5,4,SEED,213SD,851.7293233,0,0,0,0,0,0,0,0,0,0,0,0,0,0,0,0,0,8801.205544,0,1362.666492,0,0,,
M,Organic ,21,21_4,0,1,1,1,0,0,0,300,1.22,46.97863,119.3915,390,63.68333333,39.45833333,51.56666667,4.23,5737,102,28.8,8.5,3,SEED,214SD,842.8571429,0,0,0,0,11074.39992,0,2489.610474,0,2147.549068,0,0,0,0,0,157.4081787,0,0,59694.9882,0,8.4836961,0,57.1731769,,
M,Organic ,21,21_5,0,1,1,1,0,0,0,300,1.22,46.97863,119.3915,390,63.68333333,39.45833333,51.56666667,4.23,5737,137,30.7,9.5,3,SEED,215SD,836.6322009,0,786.8847775,0,0,14008.29672,24.931342,4552.656279,305.0507546,2711.549038,0,0,0,0,0,0,0,649.0364143,72520.05518,0,40.674131,0,41.7310898,,
M,Organic ,21,21_1,0,1,1,1,0,0,0,300,1.22,46.97863,119.3915,390,63.68333333,39.45833333,51.56666667,4.23,5737,112,28.6,9.5,4,SKIN,211SK,844.1132638,2091.839051,0,0,0,1552.706227,0,19670.83198,793.0195349,12832.8573,0,0,401.5952969,14030.99682,3442.277739,4312.647384,8374.402592,17157.27694,2531.798994,58.2109852,0,33.7111626,215.4749507,,
M,Organic ,21,21_2,0,1,1,1,0,0,0,300,1.22,46.97863,119.3915,390,63.68333333,39.45833333,51.56666667,4.23,5737,116,33.1,9,3,SKIN,212SK,856.0201511,1861.432364,0,0,0,2111.569163,0,6832.854933,355.5712717,8036.691538,0,0,212.9834624,7214.097718,2395.271805,2432.108858,4858.235648,10131.69752,1453.805741,0,0,34.7522825,120.6144114,,
M,Organic ,21,21_3,0,1,1,1,0,0,0,300,1.22,46.97863,119.3915,390,63.68333333,39.45833333,51.56666667,4.23,5737,117.33,30.3,8.5,4,SKIN,213SK,830.9046455,1185.488607,0,0,0,1756.585715,0,6454.157945,513.4214441,5736.506992,0,0,208.1029606,5151.590351,1819.526155,1660.922685,3606.528673,6438.125868,1078.127943,0,0,22.598106,111.2190214,,
M,Organic ,21,21_4,0,1,1,1,0,0,0,300,1.22,46.97863,119.3915,390,63.68333333,39.45833333,51.56666667,4.23,5737,102,28.8,8.5,3,SKIN,214SK,842.4392662,3796.51127,0,0,0,5425.80714,0,32426.23438,1609.899558,24993.09874,0,0,754.698083,24352.2889,5514.436869,8561.600372,17419.61439,28814.31718,3304.579576,0,0,85.6841271,480.3798748,,
M,Organic ,21,21_5,0,1,1,1,0,0,0,300,1.22,46.97863,119.3915,390,63.68333333,39.45833333,51.56666667,4.23,5737,137,30.7,9.5,3,SKIN,215SK,857.3158426,18020.84187,0,0,0,42821.78931,2833.218005,146616.0545,4400.512338,17739.13868,0,0,0,13211.28016,77418.70143,29744.52318,35744.36133,266994.5605,48059.11241,84637.89483,0,517.363932,1965.994473,,
M,Conventional ,22,22_1,0,1,1,1,0,0,0,300,1.22,46.97863,119.3915,390,63.68333333,39.45833333,51.56666667,4.23,5737,112.33,25.5,8.5,3,PULP,221PU,867.381317,0,0,0,0,1664.757673,0,0,0,0,0,0,0,0,0,0,0,0,0,0,0,21.5510101,0,,
M,Conventional ,22,22_2,0,1,1,1,0,0,0,300,1.22,46.97863,119.3915,390,63.68333333,39.45833333,51.56666667,4.23,5737,111.67,25.8,8.5,3,PULP,222PU,834.987715,0,0,0,0,2413.906965,0,0,0,0,0,0,0,0,0,0,0,0,0,0,0,48.1413404,0,,
M,Conventional ,22,22_3,0,1,1,1,0,0,0,300,1.22,46.97863,119.3915,390,63.68333333,39.45833333,51.56666667,4.23,5737,114.67,27.8,8.5,3,PULP,223PU,842.8571429,0,0,0,0,2992.665751,0,0,0,0,0,0,0,0,0,0,0,0,0,0,0,47.7935621,0,,
M,Conventional ,22,22_4,0,1,1,1,0,0,0,300,1.22,46.97863,119.3915,390,63.68333333,39.45833333,51.56666667,4.23,5737,126,26.9,9,3,PULP,224PU,858.6154624,0,0,0,0,1656.240224,0,0,0,0,0,0,0,0,0,0,0,0,0,0,0,34.6883234,0,,
M,Conventional ,22,22_5,0,1,1,1,0,0,0,300,1.22,46.97863,119.3915,390,63.68333333,39.45833333,51.56666667,4.23,5737,121.33,27.3,8.5,3,PULP,225PU,844.9527598,0,0,0,0,0,0,0,0,0,0,0,0,0,0,0,0,0,0,0,0,0,0,,
M,Conventional ,22,22_1,0,1,1,1,0,0,0,300,1.22,46.97863,119.3915,390,63.68333333,39.45833333,51.56666667,4.23,5737,112.33,25.5,8.5,3,SEED,221SD,846.6367713,0,0,0,0,18054.763,0,5567.208545,423.7696129,3390.236748,0,0,0,0,0,260.6921995,0,0,78398.92762,0,21.701667,0,104.0400425,,
M,Conventional ,22,22_2,0,1,1,1,0,0,0,300,1.22,46.97863,119.3915,390,63.68333333,39.45833333,51.56666667,4.23,5737,111.67,25.8,8.5,3,SEED,222SD,1809.584665,0,0,0,0,43673.73971,0,12373.30589,1012.349898,7878.336624,0,0,0,0,0,404.9627121,0,0,179713.679,0,62.3663863,65.6765056,241.2933365,,
M,Conventional ,22,22_3,0,1,1,1,0,0,0,300,1.22,46.97863,119.3915,390,63.68333333,39.45833333,51.56666667,4.23,5737,114.67,27.8,8.5,3,SEED,223SD,1328.53792,0,0,0,0,18241.39484,130.2072471,2590.23244,0,1886.011941,0,0,0,0,0,0,0,1014.898637,122747.979,0,37.67878,0,72.626817,,
M,Conventional ,22,22_4,0,1,1,1,0,0,0,300,1.22,46.97863,119.3915,390,63.68333333,39.45833333,51.56666667,4.23,5737,126,26.9,9,3,SEED,224SD,841.6047548,0,403.4247383,0,0,13562.71084,0,3247.901227,320.429066,2450.563184,0,0,0,0,0,216.2155159,0,0,71468.58187,0,18.2557177,11.1420168,70.7537474,,
M,Conventional ,22,22_5,0,1,1,1,0,0,0,300,1.22,46.97863,119.3915,390,63.68333333,39.45833333,51.56666667,4.23,5737,121.33,27.3,8.5,3,SEED,225SD,12775.93985,0,0,0,0,73639.17059,0,8020.783635,0,7983.807188,0,0,0,0,0,0,0,0,330825.4935,0,0,0,291.7623263,,
M,Conventional ,22,22_1,0,1,1,1,0,0,0,300,1.22,46.97863,119.3915,390,63.68333333,39.45833333,51.56666667,4.23,5737,112.33,25.5,8.5,3,SKIN,221SK,818.8915663,0,0,0,0,730.4169743,0,4020.884518,311.6515477,4224.679411,0,0,6241.209353,554.5870211,2530.353391,3432.925096,1005.82258,6803.829881,881.8676686,0,0,68.0589368,35.1016933,,
M,Conventional ,22,22_2,0,1,1,1,0,0,0,300,1.22,46.97863,119.3915,390,63.68333333,39.45833333,51.56666667,4.23,5737,111.67,25.8,8.5,3,SKIN,222SK,809.5283468,511.2649146,0,0,0,760.2555885,0,4473.183225,376.203602,5083.72654,0,0,0,3635.592855,0,1470.193484,2862.952231,5725.819655,899.0692449,0,0,10.265439,77.8575076,,
M,Conventional ,22,22_3,0,1,1,1,0,0,0,300,1.22,46.97863,119.3915,390,63.68333333,39.45833333,51.56666667,4.23,5737,114.67,27.8,8.5,3,SKIN,223SK,839.5256917,1394.430617,0,0,0,1529.000041,0,5229.574061,518.855235,5750.52114,0,0,0,4874.50078,1454.535525,1822.253591,3647.127717,6557.506609,1057.581488,0,0,24.3022915,111.6391289,,
M,Conventional ,22,22_4,0,1,1,1,0,0,0,300,1.22,46.97863,119.3915,390,63.68333333,39.45833333,51.56666667,4.23,5737,126,26.9,9,3,SKIN,224SK,818.1030332,534.2785543,0,0,0,1438.549204,0,3571.914248,295.9443051,3783.843316,0,0,434.245729,13665.41395,2717.319128,2930.080464,5396.787496,10997.34019,0,0,0,18.2063246,71.8653632,,
M,Conventional ,22,22_5,1,0,1,1,0,0,0,80,1.22,46.97863,119.3915,390,63.68333333,39.45833333,51.56666667,4.23,5737,121.33,27.3,8.5,3,SKIN,225SK,836.6322009,510.5380982,0,0,0,1630.104451,0,783.4864543,1217.02409,0,0,0,1078.698988,5676.24117,1370.527681,1400.55446,3976.335371,4867.347689,1053.818255,0,0,6.0792834,72.198295,,
N,Organic ,23,23_1,1,0,1,1,0,0,0,80,1.33,48.85879,119.4922,393,56.35,30.45,43.40833333,18.44,317,141.33,21,9,4,PULP,231PU,851.3026052,0,0,0,0,3478.986707,9.3272294,0,0,0,0,0,0,0,0,0,0,0,1282.457676,0,0,60.1422989,0,,
N,Organic ,23,23_2,1,0,1,1,0,0,0,80,1.33,48.85879,119.4922,393,56.35,30.45,43.40833333,18.44,317,128.67,27.1,9,3,PULP,232PU,867.381317,0,0,0,0,5411.112795,26.4621327,350.4507585,0,941.5522522,0,0,0,0,0,0,0,106.4762466,0,0,0,109.277271,0,,
N,Organic ,23,23_3,1,0,1,1,0,0,0,80,1.33,48.85879,119.4922,393,56.35,30.45,43.40833333,18.44,317,117,26.7,9.5,4,PULP,233PU,844.1132638,0,0,0,0,0,0,0,0,0,0,0,114.8625894,0,0,66.8435029,0,0,0,0,0,0,0,,
N,Organic ,23,23_4,1,0,1,1,0,0,0,80,1.33,48.85879,119.4922,393,56.35,30.45,43.40833333,18.44,317,120.33,25.5,9.5,4,PULP,234PU,835.809149,0,0,0,0,4641.159613,25.0494824,0,0,0,0,0,0,0,0,0,0,0,1602.161501,0,0,68.9344249,0,,
N,Organic ,23,23_5,1,0,1,1,0,0,0,80,1.33,48.85879,119.4922,393,56.35,30.45,43.40833333,18.44,317,123.67,24.9,9.5,5,PULP,235PU,851.3026052,0,0,0,0,3510.219139,16.5785148,0,0,0,0,0,0,0,0,0,0,0,964.4671749,0,0,61.681851,0,,
N,Organic ,23,23_1,1,0,1,1,0,0,0,80,1.33,48.85879,119.4922,393,56.35,30.45,43.40833333,18.44,317,141.33,21,9,4,SEED,231SD,826.8613139,0,0,0,0,11135.66412,6.8798969,1912.057023,0,1477.533047,0,0,0,0,0,171.1589617,0,0,56336.80891,0,0.191318,0,52.9362737,,
N,Organic ,23,23_2,1,0,1,1,0,0,0,80,1.33,48.85879,119.4922,393,56.35,30.45,43.40833333,18.44,317,128.67,27.1,9,3,SEED,232SD,766.0955816,0,0,0,0,6764.239378,0,1168.603306,0,958.587116,0,0,0,0,0,0,0,304.6538107,39126.31834,0,0,0,34.2503814,,
N,Organic ,23,23_3,1,0,1,1,0,0,0,80,1.33,48.85879,119.4922,393,56.35,30.45,43.40833333,18.44,317,117,26.7,9.5,4,SEED,233SD,862.97613,0,0,0,0,9867.439729,0,1492.961115,0,1331.659613,0,0,0,0,0,164.6394341,0,0,52129.49578,0,2.0266949,0,42.2243138,,
N,Organic ,23,23_4,1,0,1,1,0,0,0,80,1.33,48.85879,119.4922,393,56.35,30.45,43.40833333,18.44,317,120.33,25.5,9.5,4,SEED,234SD,837.4568753,0,0,0,0,11215.38462,0,3095.344635,332.1814219,1883.035661,0,0,0,0,0,268.8499615,0,252.5585565,59161.0901,0,45.3061401,0,60.6402258,,
N,Organic ,23,23_5,1,0,1,1,0,0,0,80,1.33,48.85879,119.4922,393,56.35,30.45,43.40833333,18.44,317,123.67,24.9,9.5,5,SEED,235SD,735.9029883,0,0,0,0,0,0,0,0,0,0,0,0,0,0,0,0,0,3346.449577,0,312.4478177,0,0,,
N,Organic ,23,23_1,1,0,1,1,0,0,0,80,1.33,48.85879,119.4922,393,56.35,30.45,43.40833333,18.44,317,141.33,21,9,4,SKIN,231SK,824.4541485,1264.301453,0,2026.10924,0,3769.95713,0,10351.61232,418.2527842,9423.20248,0,0,239.4493154,7486.462592,1745.957605,1972.695279,4522.835242,6973.973719,1375.640789,0,0,34.4464947,168.7011047,,
N,Organic ,23,23_2,1,0,1,1,0,0,0,80,1.33,48.85879,119.4922,393,56.35,30.45,43.40833333,18.44,317,128.67,27.1,9,3,SKIN,232SK,835.809149,1686.041568,0,0,0,4383.623099,0,6516.857711,685.1601419,9534.125127,0,0,0,5895.876277,1600.51169,2274.994602,4594.370812,9103.535306,1400.631674,0,0,43.6378326,144.6782149,,
N,Organic ,23,23_3,1,0,1,1,0,0,0,80,1.33,48.85879,119.4922,393,56.35,30.45,43.40833333,18.44,317,117,26.7,9.5,4,SKIN,233SK,855.5891239,1247.813641,0,0,0,3308.027615,0,5795.135702,326.0109973,6499.610809,0,0,107.9785792,6670.222743,1762.258654,2677.824721,5173.245321,9902.609787,1436.237968,0,0,32.110496,109.5691194,,
N,Organic ,23,23_4,1,0,1,1,0,0,0,80,1.33,48.85879,119.4922,393,56.35,30.45,43.40833333,18.44,317,120.33,25.5,9.5,4,SKIN,234SK,829.2825769,1820.532349,0,0,0,6316.934693,83.7070572,15462.91736,960.5948172,503.3018524,0,0,0,1717.77493,1384.091959,1777.783261,3776.773426,6541.400279,1605.144295,0,0,64.0661061,217.2624837,,
N,Organic ,23,23_5,0,0,0,1,0,1,0,50,1.33,48.85879,119.4922,393,56.35,30.45,43.40833333,18.44,317,123.67,24.9,9.5,5,SKIN,235SK,816.1383285,1164.066086,0,1412.775484,0,3301.88953,0,5587.481239,0,700.5026146,0,0,4490.928107,434.9224093,1871.992605,58.3582484,2652.149093,4461.882901,1087.825363,0,0,25.6270032,93.8883947,,
P,Organic ,24,24_1,0,0,0,1,0,1,0,50,1.67,48.72351,118.1218,493,58.15833333,33.90833333,46.04166667,15.81,402,42,31.4,9.5,5,PULP,241PU,850.8763145,0,0,0,0,7909.127902,45.2006678,620.6076136,0,1123.133742,0,0,0,0,0,0,0,0,1012.817347,0,0,115.0771836,14.6822919,,
P,Organic ,24,24_2,0,0,0,1,0,1,0,50,1.67,48.72351,118.1218,493,58.15833333,33.90833333,46.04166667,15.81,402,30.33,30.1,10.5,5,PULP,242PU,834.5776031,0,0,0,0,12942.34406,69.6106748,1144.472349,0,1304.391888,0,0,0,0,0,0,0,0,1451.408681,0,0,164.2525588,18.6965656,,
P,Organic ,24,24_3,0,0,0,1,0,1,0,50,1.67,48.72351,118.1218,493,58.15833333,33.90833333,46.04166667,15.81,402,43,31.9,10.5,5,PULP,243PU,858.1818182,804.4146404,0,0,0,12395.76648,104.9994318,1587.156207,0,2403.743446,0,0,0,0,0,0,0,100.3468814,1271.836192,0,0,210.7535012,29.0391361,,
P,Organic ,24,24_4,0,0,0,1,0,1,0,50,1.67,48.72351,118.1218,493,58.15833333,33.90833333,46.04166667,15.81,402,34.67,33.6,10.5,5,PULP,244PU,856.0201511,0,0,0,0,11659.55459,45.5607918,715.0676032,0,1061.23214,0,0,0,0,0,0,0,0,1225.794086,0,0,184.3945366,17.1721926,,
P,Organic ,24,24_5,0,0,0,1,0,1,0,50,1.67,48.72351,118.1218,493,58.15833333,33.90833333,46.04166667,15.81,402,42.67,30.3,11,5,PULP,245PU,844.9527598,0,0,0,0,1050.831213,73.8129663,0,0,0,0,0,0,0,0,0,0,0,0,0,0,31.5591991,0,,
P,Organic ,24,24_1,0,0,0,1,0,1,0,50,1.67,48.72351,118.1218,493,58.15833333,33.90833333,46.04166667,15.81,402,42,31.4,9.5,5,SEED,241SD,828.4739152,0,0,0,0,15727.27297,57.6832201,1085.601724,0,690.6132354,0,0,0,0,0,296.5201659,0,69.6133922,76321.72348,0,15.5348349,13.9589985,39.3419826,,
P,Organic ,24,24_2,0,0,0,1,0,1,0,50,1.67,48.72351,118.1218,493,58.15833333,33.90833333,46.04166667,15.81,402,30.33,30.1,10.5,5,SEED,242SD,850.4504505,0,552.1040677,0,0,19978.50328,70.1271574,1077.2475,0,2221.426231,0,0,0,0,0,348.0124471,0,312.8781401,76176.44009,0,22.898567,0,76.072733,,
P,Organic ,24,24_3,0,0,0,1,0,1,0,50,1.67,48.72351,118.1218,493,58.15833333,33.90833333,46.04166667,15.81,402,43,31.9,10.5,5,SEED,243SD,850.0250125,0,834.8749711,0,0,26020.47765,122.658689,8135.294071,438.4500438,4908.380112,0,0,0,0,0,329.051931,0,249.5536641,91388.08052,0,12.9661627,0,107.2135664,,
P,Organic ,24,24_4,0,0,0,1,0,1,0,50,1.67,48.72351,118.1218,493,58.15833333,33.90833333,46.04166667,15.81,402,34.67,33.6,10.5,5,SEED,244SD,860.3544304,0,0,0,0,21231.14476,47.7103248,1281.005033,0,2933.695339,0,0,0,0,0,308.2074434,0,270.9282478,86316.86339,0,39.2325571,8.250319,101.0247695,,
P,Organic ,24,24_5,0,0,0,1,0,1,0,50,1.67,48.72351,118.1218,493,58.15833333,33.90833333,46.04166667,15.81,402,42.67,30.3,11,5,SEED,245SD,816.1383285,0,0,0,0,16245.21327,30.4140205,4200.264455,0,574.023134,0,0,0,55.7619417,0,314.5046796,0,236.3517069,67030.60765,0,23.7902408,0,82.1473839,,
P,Organic ,24,24_1,0,0,0,1,0,1,0,50,1.67,48.72351,118.1218,493,58.15833333,33.90833333,46.04166667,15.81,402,42,31.4,9.5,5,SKIN,241SK,832.533072,2160.368047,0,0,0,6261.141258,0,10423.24544,788.2571018,12836.23136,0,0,440.8209873,25284.75765,3796.075013,7325.503643,14037.25282,23983.54033,5304.848837,0,0,93.0018598,180.4397998,,
P,Organic ,24,24_2,0,0,0,1,0,1,0,50,1.67,48.72351,118.1218,493,58.15833333,33.90833333,46.04166667,15.81,402,30.33,30.1,10.5,5,SKIN,242SK,856.0201511,1973.820891,0,0,0,8938.916055,0,7006.440924,750.2872501,10513.94757,0,0,1281.720246,43125.35978,6007.447445,8807.746653,16977.41993,31783.00631,6559.153732,0,0,114.3915614,150.0135183,,
P,Organic ,24,24_3,0,0,0,1,0,1,0,50,1.67,48.72351,118.1218,493,58.15833333,33.90833333,46.04166667,15.81,402,43,31.9,10.5,5,SKIN,243SK,857.7486118,4939.484702,0,4338.514918,525.9663195,12130.4159,2.2331645,18545.24853,1327.600746,18570.39009,0,0,740.6719815,30984.90864,5732.581091,10515.5235,20073.01553,29825.17429,12405.52813,54.4199027,0,179.8391788,263.4023592,,
P,Organic ,24,24_4,0,0,0,1,0,1,0,50,1.67,48.72351,118.1218,493,58.15833333,33.90833333,46.04166667,15.81,402,34.67,33.6,10.5,5,SKIN,244SK,836.2204724,2392.908873,0,0,0,7549.629191,0,8373.809774,1015.977141,13663.67094,0,0,246.8403956,14427.69943,2963.915098,5327.861151,10618.23653,16626.27026,5100.385078,0,0,81.7208069,169.1800072,,
P,Organic ,24,24_5,0,0,0,1,0,1,0,50,1.67,48.72351,118.1218,493,58.15833333,33.90833333,46.04166667,15.81,402,42.67,30.3,11,5,SKIN,245SK,837.4568753,1478.461546,0,0,1224.007807,5102.47262,0,8040.059016,543.0743826,8890.072871,0,0,33478.29984,2855.634238,8332.503953,1032.919114,2358.315924,26454.14177,0,0,0,68.5849692,151.959826,,
