site.code ,orchard.num,orchard.type,Tree,Tissue,SampleID,TCA,A,B,C,E,F,G,H,PB1,gentistic_acid,cyanidin_Galactoside,catechin,chlorogenic_acid,caffeic_acid,PB2,syringic_acid,ePicatechin,U1,U2,I,J,K,rutin,hyperin,isoquercitin,reynoutrin,avicularin,L,quercitrin,phloridzin,quercetin,phloretin,M,p_coumaric_acid,ferulic_acid
A,1,Organic ,1_1,PULP,11PU,860.7902736,10.4917697,5.4100316,11.8585919,0,16.2059631,3.788724,6.0829337,0,0,0,0,8565.403204,0,951.021439,0,950.4374407,151.3137986,14.9434562,12.1808762,0,0,0,0,0,0,0,0,0,1346.89302,0,0,0,0,0
A,1,Organic ,1_2,PULP,12PU,857.7486118,0,12.5421059,0,0,0,6.3835553,3.3248643,0,0,0,0,6014.471808,0,1023.275761,0,908.4009706,74.1141073,17.1335844,0,0,0,0,0,0,0,0,0,0,354.0249596,0,0,3.699119931,0,0
A,1,Organic ,1_3,PULP,13PU,838.2831771,12.1170781,4.1319637,3.95213,0,10.589781,4.7197035,8.6089664,677.1608323,0,0,0,9091.674722,0,1307.488461,0,1168.034432,165.8489486,24.4212648,0,0,0,0,0,0,0,0,0,0,479.8848361,0,0,0,0,0
A,1,Organic ,1_4,PULP,14PU,864.2929807,14.5207695,6.278385,0,0,10.2675386,0,10.069556,0,0,0,0,7681.670213,38.3200998,0,371.6442575,960.5605927,122.6099817,0,0,0,0,0,0,0,0,0,0,0,0,0,0,0,0,0
A,1,Organic ,1_5,PULP,15PU,829.6875,11.8610588,8.3920439,0,0,0,3.8604449,0,0,0,0,0,8504.089319,337.95113,1135.09402,0,1172.897874,143.2716937,18.5855543,12.4334849,0,0,0,0,0,0,0,0,0,410.5325083,0,0,0,0,0
A,1,Organic ,1_1,SEED,11SD,761.6315554,0,5.0804615,8.742078,0,25.5726362,11.7052738,5.0696165,0,0,0,0,7481.679238,0,1305.768597,0,1201.000491,0,30.6050461,18.0913918,10.2653662,0,0,0,0,184.8292415,0,0,0,46935.44821,0,0,3.983122968,0,0
A,1,Organic ,1_2,SEED,12SD,840.7718951,0,4.11641,19.9673844,0,26.655192,8.3450728,9.2485926,0,0,0,0,16682.02347,0,1836.852728,299.5390765,1582.337412,13.7602665,50.5571063,33.1326112,19.7976993,30.1393474,844.3153921,0,0,250.8763987,0,5.737988105,310.6526563,110215.8781,0,43.21524852,0,0,0
A,1,Organic ,1_3,SEED,13SD,825.6559767,0,2.2850679,4.3779767,0,18.9273173,7.1476133,2.7002526,0,0,0,0,10500.94097,301.3179601,1710.27143,0,1577.147584,0,45.3562584,26.1502021,15.8823451,0,0,0,0,223.2244934,0,0,0,64288.46737,0,0,3.93517632,0,0
A,1,Organic ,1_4,SEED,14SD,853.8693467,0,4.7544829,3.9631817,0,15.016768,7.0817959,2.6796382,0,0,0,0,8803.555698,0,1609.985813,0,1249.817742,0,38.1996154,22.6529208,13.6139521,0,0,0,0,114.0420913,0,0,0,50920.53861,0,2.284026249,3.736517596,0,0
A,1,Organic ,1_5,SEED,15SD,834.5776031,4.4834195,5.8171169,13.8042238,0,15.4892157,7.7045986,3.3591639,2015.763832,0,0,0,15258.48037,434.1869453,3825.718574,0,763.4848251,0,63.8272655,62.3036757,45.0465401,31.3098089,0,0,0,210.2423554,0,0,0,86088.20036,0,0,0,0,0
A,1,Organic ,1_1,SKIN,11SK,846.2151394,7.5010628,4.7375039,8.8122243,0,8.7207145,6.0696602,7.3231654,898.8524165,0,0,0,3292.62751,0,2696.906314,436.9643959,2973.339589,28.3740115,73.488968,0,25.968316,37.7490911,704.0988509,18805.58934,3161.983302,3658.135885,7112.45833,65.66887769,9610.786493,1274.552404,0,0,0,0,0
A,1,Organic ,1_2,SKIN,12SK,862.1004566,7.3319889,3.556684,6.8310994,9.2510665,11.4435599,5.6444445,3.3201267,737.1611937,0,0,0,3669.849332,0,2168.171039,0,1945.19099,24.9437292,60.904008,35.6722924,31.581428,30.6391073,958.0803323,29800.17336,3903.297973,5974.033384,12329.93164,91.41794761,38675.51029,2859.361042,165.1770103,0,0,0,0
A,1,Organic ,1_3,SKIN,13SK,805.6899004,6.9771968,6.4911545,7.5304602,4.1284217,5.3110808,6.5938349,2.7516092,1549.870314,0,645.3232335,0,4220.867437,0,4617.682497,314.2099245,3649.460545,37.2869261,77.8741865,42.9491529,27.1908862,34.3483441,1876.280717,27056.56266,4659.925054,4869.8678,9103.23074,82.17271713,13781.46288,2429.334846,0,0,3.744691502,0,0
A,1,Organic ,1_4,SKIN,14SK,862.97613,8.1790474,2.6544818,42.22912,19.1790506,6.6268823,7.0397203,9.358764,1226.278792,0,354.7282308,0,6114.037916,22.2263744,4847.87174,351.9151172,3847.582665,56.333027,70.6466342,42.8941138,10.8416583,31.4777801,6961.556669,697.658653,2058.864825,115.4209546,2742.956524,23.42880501,2526.546677,4695.185873,0,0,0,0,0
A,1,Organic ,1_5,SKIN,15SK,830.9046455,8.2810555,4.0426686,3.942079,4.4226042,0,4.067417,0,1021.603046,0,0,0,3695.247975,0,2751.556952,0,4222.677382,37.8612463,77.0622237,41.5152817,27.9573961,28.6487541,448.9638889,7331.734692,1491.750531,1787.160704,3251.21262,44.85532203,5645.266413,2163.735068,0,0,4.117936401,0,0
A,2,Conventional ,2_1,PULP,21PU,871.8317086,11.2973682,3.6960319,16.907166,4.0909032,12.0282715,3.5919357,0,0,0,0,0,6827.004171,0,0,0,520.821449,184.3452224,0,10.7798922,0,0,0,0,0,0,0,0,0,851.9252585,0,0,0,0,0
A,2,Conventional ,2_2,PULP,22PU,1851.301865,19.65,0,0,0,0,0,0,0,0,0,0,0,20660.26761,0,0,1186.117122,3323.82328,95.6756331,0,0,0,0,0,0,0,0,0,0,0,864.7328244,0,0,0,0
A,2,Conventional ,2_3,PULP,23PU,837.044335,7.4281285,3.5139236,2.7988562,3.0961503,10.9946284,4.2717402,0,0,0,0,0,8463.908324,0,915.5076571,0,1989.105416,52.6219782,20.9997828,0,0,0,0,0,0,0,0,0,0,1598.77537,0,0,0,0,0
A,2,Conventional ,2_4,PULP,24PU,834.5776031,10.1406854,4.9478042,9.1287474,0,15.5328285,6.1715615,5.1752564,0,0,0,0,18145.18747,0,1202.187046,0,820.72855,88.321587,19.8940841,0,0,0,0,0,0,0,0,0,0,1075.831803,0,0,0,0,0
A,2,Conventional ,2_5,PULP,25PU,847.0588235,25.1187538,13.9202743,8.2808542,0,30.2409593,14.341723,24.5098528,6586.759983,0,993.3843114,0,61965.11453,564.6164774,9361.266443,0,10980.14671,378.1007755,152.8376077,58.7402629,0,0,0,0,0,0,0,0,0,1763.646978,0,0,0,0,0
A,2,Conventional ,2_1,SEED,21SD,871.3846154,0,3.0550389,10.5486916,4.3349598,25.9935101,8.5707839,5.3879762,0,0,0,0,16371.40923,356.3432685,2530.966134,0,2583.461611,7.7258952,79.5260765,49.0267008,30.5544967,32.8534956,0,0,0,307.1966701,0,5.546726111,0,94243.40901,0,0,0,0,0
A,2,Conventional ,2_2,SEED,22SD,813.4035424,0,3.5750214,15.3905109,0,29.6537337,10.894662,8.2068418,0,0,0,0,19376.84638,14.9548693,6341.990179,407.0441389,3877.911892,57.9930348,97.6931625,65.709327,37.7716383,64.6676323,0,0,0,242.6207976,0,0,155.3262017,87126.5527,0,58.28900556,0,0,0
A,2,Conventional ,2_3,SEED,23SD,859.9190283,2.1409698,0,16.1443394,0,19.5273738,9.4722491,4.3964308,0,0,0,0,5201.178189,0,773.8690317,0,1058.544226,0,26.1165384,18.2542931,0,0,0,0,0,0,0,0,0,86777.98969,0,5.81133078,3.701062002,0,0
A,2,Conventional ,2_4,SEED,24SD,774.8290014,0,2.7419706,14.3639047,0,23.5315688,8.9141466,3.9620325,577.4007217,0,0,0,17337.12178,10.9394553,5853.081781,358.602191,3800.836082,23.2084219,95.2984329,61.8509505,35.296781,49.6871703,0,0,0,255.0167047,0,0,169.131665,86781.21173,0,26.10503415,0,0,0
A,2,Conventional ,2_5,SEED,25SD,824.4541485,0,0,7.8539304,0,21.4834597,7.9317556,5.4806309,360.7106733,0,0,0,14347.10175,286.8557102,4649.511382,0,4059.576657,24.4041128,91.824115,50.9320391,28.6689427,35.7667902,0,0,0,253.0508554,0,0,0,63321.19962,0,0,3.889845566,0,0
A,2,Conventional ,2_1,SKIN,21SK,863.4146341,8.7986858,4.9677977,7.5541956,4.7442452,7.1996431,3.4495122,0,1260.317501,0,627.4161922,0,5147.939921,0,2097.61618,0,1963.914486,83.0330802,61.3583313,31.9864114,22.9060014,26.481256,12787.91528,731.5221271,2856.2083,398.3367666,4234.408205,56.15504575,6602.444651,1855.860358,0,0,4.320329963,0,0
A,2,Conventional ,2_2,SKIN,22SK,846.2151394,5.6575117,0,5.9235117,0,11.9037292,6.5944141,0,1542.803591,0,320.5264979,0,11019.19793,0,2938.716644,1140.23418,5110.790784,52.5988363,73.3168844,36.843761,29.9595614,29.8780576,216.7106385,2357.671195,2114.658022,1736.58028,3519.077926,55.8951844,4340.416836,2596.628659,0,0,0,0,0
A,2,Conventional ,2_3,SKIN,23SK,819.6816208,0,13.2554975,31.138798,0,0,0,0,1280.048247,0,0,0,4524.003743,230.0943904,2185.812142,1279.093355,1331.373853,84.1129218,50.4551874,34.5113074,0,0,0,7633.015265,1587.237824,3280.316185,5286.002366,54.31926332,10064.74713,2721.985112,0,0,0,0,0
A,2,Conventional ,2_4,SKIN,24SK,826.8613139,5.5017161,8.1647013,0,4.6476979,9.9748278,6.6051683,2.752937,867.2156984,0,0,0,7023.9305,0,2374.892068,1080.489559,4435.381377,31.0646857,71.4799865,41.3628354,30.9106141,35.1527845,479.9312689,2626.179727,1945.620997,1922.122223,3114.106778,65.2464059,5456.552064,1537.615169,32.34653627,0,4.048839547,0,0
A,2,Conventional ,2_5,SKIN,25SK,869.6008188,5.5239157,5.7104643,3.8164943,5.0643281,11.2247701,6.7545213,3.06231,1838.819915,0,0,0,11413.21255,12.8315181,5770.974408,828.2896247,7923.638076,53.467748,127.8060073,77.1317138,54.695765,65.3735073,336.8469206,4312.498344,2967.09543,2928.949069,5692.293435,77.12052566,9327.689115,2332.355824,0,0,0,0,0
B,3,Organic ,3_1,PULP,31PU,863.8535841,11.4869121,3.6069043,11.5545068,0,9.0879954,0,0,0,0,0,0,779.790809,332.4425822,0,0,0,21.7529143,0,0,0,0,885.6796033,0,0,0,0,0,0,0,0,0,0,0,0
B,3,Organic ,3_2,PULP,32PU,855.1585304,15.6270203,7.799478,13.4058059,5.4037527,12.5632159,0,0,0,0,0,0,0,0,0,0,0,0,0,0,0,0,0,0,0,0,0,0,0,0,0,0,0,0,0
B,3,Organic ,3_3,PULP,33PU,868.2677568,6.4772934,5.1168302,17.5852026,15.4169977,10.2933707,4.5763037,0,0,0,0,0,1144.468529,0,226.8977815,348.4433909,671.3434873,19.9762868,0,0,0,0,224.9721117,4205.892825,1438.423493,1768.094612,4041.279019,42.88748865,6148.401698,0,0,0,0,0,0
B,3,Organic ,3_4,PULP,34PU,846.2151394,6.2862654,16.449964,17.9802677,5.001856,11.7732175,5.8917566,3.782046,0,0,0,0,0,0,0,0,0,7.9503005,0,0,0,0,0,0,0,0,0,0,0,0,0,0,0,0,0
B,3,Organic ,3_5,PULP,35PU,818.8915663,15.4636055,3.2373479,14.859855,6.2542699,12.2359568,0,3.3687456,0,0,0,0,986.8161442,338.7733904,0,0,0,57.401741,0,0,0,0,0,0,0,0,0,0,0,200.6042159,0,0,0,0,0
B,3,Organic ,3_1,SEED,31SD,844.1132638,0,0,7.9530115,4.0456253,13.1492281,5.4066799,3.723492,0,0,0,0,8634.50278,0,1277.787351,0,1026.834144,7.4440087,33.0712396,21.6076965,12.5699634,0,0,0,0,180.737974,0,0,0,45927.53632,14.04712975,0,0,0,0
B,3,Organic ,3_2,SEED,32SD,865.6138563,0,0,11.1126952,0,16.2593032,8.9240091,3.4994302,0,0,0,0,7634.46175,0,379.9149612,0,545.0184903,0,19.2822785,0,0,0,0,0,0,123.6310765,0,0,0,49442.41501,0,0,0,0,0
B,3,Organic ,3_3,SEED,33SD,810.3004292,0,0,0,0,0,2.32334,8.9426698,5293.878649,0,0,0,0,0,0,0,0,0,0,0,0,0,0,0,0,0,0,0,0,1551.65289,0,0,0,0,0
B,3,Organic ,3_4,SEED,34SD,810.6870229,0,0,0,7.5330005,5.9618817,11.8794238,4.396433,0,0,660.8463442,0,17742.67178,537.6869173,3105.344254,0,1858.198725,21.4582599,52.1565206,38.0016471,10.0681715,29.3540847,0,0,0,0,0,0,166.3959466,68414.46125,0,0,0,0,0
B,3,Organic ,3_5,SEED,35SD,856.4516129,0,60.9694178,129.2260327,19.2390324,103.5049887,33.3104869,0,0,0,0,0,0,0,0,0,0,0,0,0,0,0,0,0,0,0,0,0,0,3271.510294,0,0,0,0,0
B,3,Organic ,3_1,SKIN,31SK,841.1881188,6.4411285,2.399118,0,8.0794035,6.205628,7.3433479,0,1289.159322,0,0,7839.98496,3679.50192,0,7788.998669,827.742299,11751.22904,53.5455012,184.5875133,104.4767819,66.0119975,66.0111667,2251.841553,28897.7347,3621.470226,4826.181012,12002.35099,107.6249425,16691.77206,1801.637306,114.4611443,0,4.136454377,0,0
B,3,Organic ,3_2,SKIN,32SK,863.8535841,5.549907,3.1170462,7.8056705,9.6516878,7.4634778,6.7249854,3.171136,967.8812077,0,0,5315.55133,3740.791232,0,9507.343144,550.7350225,10017.40817,47.7486281,146.604655,81.7490958,59.2503454,48.0661563,824.9146035,14331.97085,2409.052553,3103.699392,7538.744168,65.07860137,10242.82275,1997.898143,4.201155756,0,3.976905584,0,0
B,3,Organic ,3_3,SKIN,34SK,868.2677568,7.8788985,4.2615474,9.6520069,12.7837517,11.0588034,8.6157109,0,0,0,0,0,1317.235351,273.6967665,1017.652664,0,816.6643359,26.131859,0,0,0,0,432.8587309,4376.157334,1284.530405,1751.365839,3537.270951,0,6362.86593,434.0041044,175.2956174,0,0,0,0
B,3,Organic ,3_4,SKIN,33SK,817.7093359,5.6645641,0,4.4804269,0,6.3443731,6.780754,2.4607436,1033.10108,0,0,0,3385.326084,0,8606.645228,530.2599016,9896.284163,54.6115138,152.0845725,82.1359196,47.3907674,62.4062486,0,3144.088108,0,1324.304611,3252.107565,33.26879028,3488.646166,2560.436501,0,0,0,0,0
B,3,Organic ,3_5,SKIN,35SK,850.4504505,7.6407755,0,6.3733971,12.9489064,8.5119264,0,0,1047.326387,0,0,0,6090.541778,0,7289.081137,835.9902917,13775.68283,88.4854908,185.7914129,96.6435172,59.7185625,59.2840976,493.1959928,13018.73721,1750.31561,3067.966149,6838.530325,80.34857534,9527.55034,2092.201867,59.63636641,0,0,0,0
B,4,Conventional ,4_1,PULP,41PU,822.0609579,14.0743222,5.2749325,4.9951209,0,0,6.2117575,0,0,0,0,0,6977.977514,310.3439809,975.0205795,0,0,114.9578131,13.1750768,0,0,0,0,0,0,0,0,0,0,515.2165244,0,0,0,0,0
B,4,Conventional ,4_2,PULP,42PU,801.8876829,12.0667874,4.3367968,8.9709416,0,12.9188875,8.2664358,11.1336414,0,0,0,0,8155.74122,0,0,0,0,91.5074096,0,0,0,0,0,0,0,0,0,0,0,0,0,0,0,0,0
B,4,Conventional ,4_3,PULP,43PU,864.2929807,13.6783354,3.3104472,21.7697334,3.4624117,18.5528978,0,5.8933111,0,0,0,0,0,0,0,0,0,0,0,0,0,0,0,0,0,0,0,0,0,0,0,0,0,0,0
B,4,Conventional ,4_4,PULP,44PU,820.0772201,13.6677756,3.504796,5.1939531,5.8700457,12.8865479,10.4415124,5.6803766,0,0,0,0,5506.820787,320.180286,0,0,626.9042593,88.7460508,9.7339645,0,0,0,0,0,0,0,0,0,0,301.5717516,0,0,0,0,0
B,4,Conventional ,4_5,PULP,45PU,847.9041916,13.2852295,16.9263094,0,0,14.0322613,5.616209,6.9560002,0,0,0,0,4585.880986,0,0,0,0,68.3506723,0,0,0,0,0,0,0,0,0,0,0,276.6381925,0,0,0,0,0
B,4,Conventional ,4_1,SEED,41SD,805.6899004,0,30.3780274,44.9052562,6.21448,6.908238,0,12.161571,0,0,0,0,416.793423,0,0,0,0,0,0,0,0,0,0,0,0,0,0,0,0,9210.537413,0,0,0,0,0
B,4,Conventional ,4_2,SEED,42SD,858.6154624,4.6894583,11.2231743,23.5439714,0,27.1465044,17.3712924,5.6881983,657.2823687,0,953.1016912,0,12983.16399,536.210702,1839.651355,0,974.2084068,0,0,0,0,0,0,0,0,0,0,0,0,93679.90383,0,0,0,0,0
B,4,Conventional ,4_3,SEED,43SD,821.2663122,0,0,0,0,17.0407298,0,0,453.860181,0,0,0,0,0,0,0,0,0,0,0,0,0,0,0,0,0,0,0,0,796.3232829,0,0,0,0,0
B,4,Conventional ,4_4,SEED,44SD,826.459144,0,0,0,3.0133987,5.8067815,7.2004364,4.0339974,0,0,0,0,16880.63532,405.6762165,4352.009645,0,2687.8348,0,74.5993862,46.9580007,23.2177489,26.8723855,0,0,0,0,0,13.00305235,424.420717,80238.22306,0,0,3.902096745,0,0
B,4,Conventional ,4_5,SEED,45SD,848.3275087,3.7155719,2.8194535,7.5639194,0,11.0139194,7.7513931,0,0,339.9304993,0,0,4794.43683,0,369.0920715,0,584.4188186,0,14.1156776,0,0,0,0,0,0,0,0,0,0,36796.90462,0,0,0,0,0
B,4,Conventional ,4_1,SKIN,41SK,837.4568753,7.1014066,3.8097824,2.4949903,6.179211,7.4033873,0,6.0174416,918.7014637,0,0,0,4884.358714,0,8239.571652,477.6075169,6513.13692,41.7438598,115.8775623,60.6838572,43.2985905,40.0352479,517.204815,18368.80143,4088.186921,4145.740215,7250.619712,67.31802746,10094.13402,2454.17329,0,0,0,0,0
B,4,Conventional ,4_2,SKIN,42SK,843.694141,9.8174664,4.8256407,7.6200717,4.5803289,14.2810204,10.4369231,4.2043283,752.8997814,0,0,0,6327.775973,0,3394.6781,0,2265.221627,51.0045137,79.4489008,20.4110047,27.1154125,27.047305,853.2502244,12210.27247,2750.954998,3108.826887,5635.37396,49.39038519,8460.030697,3586.137838,0,0,4.13728186,0,0
B,4,Conventional ,4_3,SKIN,43SK,858.6154624,8.7487957,5.8973086,3.2836149,6.0453706,10.1509209,8.697082,3.3310435,965.075728,0,0,0,5960.274956,0,5372.981938,0,4908.708628,55.9857716,24.7811755,65.6793775,36.9072148,43.0300724,1529.696327,27341.51232,4430.608158,4537.366045,9093.333101,66.1930663,11972.29002,4005.128468,0,0,0,0,0
B,4,Conventional ,4_4,SKIN,44SK,853.8693467,7.4019105,4.4023054,0,15.0765131,9.9772619,8.2714159,6.7494765,949.7048498,0,0,0,3441.607065,0,4345.133048,413.2425574,4357.600138,32.6808624,92.7120955,46.5984735,30.2796559,39.1609252,0,4257.968506,1798.867914,1488.013465,2990.398672,37.06854224,3487.280678,2365.521326,0,0,0,0,0
B,4,Conventional ,4_5,SKIN,45SK,839.1111111,9.3716321,14.0225225,15.6077422,0,7.5318155,5.7472545,0,0,0,0,0,3337.085345,0,3216.04153,369.6298055,2551.643492,25.0269618,79.6400487,39.7080959,25.3079665,0,517.8021853,11043.69638,2922.405467,2757.025702,5373.733631,44.10904673,6059.764506,1780.252877,0,0,0,0,0
Q,5,Organic ,5_1,PULP,51PU,796.2511715,17.5395694,0,11.0785498,0,0,2.7593042,0,0,0,0,0,6273.825756,0,869.5164018,0,355.1909169,63.3639814,11.9194701,0,0,0,0,0,0,0,0,0,0,228.3241718,0,0,0,0,0
Q,5,Organic ,5_2,PULP,52PU,865.1731161,14.827915,0,10.695502,0,0,0,0,0,0,0,0,10007.97044,0,880.9912479,0,820.519963,79.482096,0,0,0,0,0,1499.43705,0,305.9031423,0,0,870.399123,0,0,0,0,0,0
Q,5,Organic ,5_3,PULP,53PU,852.1564694,10.5911687,7.4097629,0,0,0,0,0,0,0,0,0,5709.078649,0,333.5737012,0,527.301144,42.4773123,0,0,0,0,0,0,0,0,0,0,314.8914602,848.7024284,0,0,0,0,0
Q,5,Organic ,5_4,PULP,54PU,1809.584665,21.6743391,0,20.5543991,0,16.3169524,0,5.9486038,0,0,0,0,12743.80057,0,682.2175791,0,1480.936802,29.5796655,97.3552065,0,0,0,0,0,0,0,0,0,0,1846.354171,0,0,0,0,0
Q,5,Organic ,5_5,PULP,55PU,825.2549781,15.2633246,0,0,0,0,0,4.0530852,0,0,0,0,7426.14685,260.9324977,1533.072131,0,2988.791419,16.2642454,0,0,0,0,0,0,0,0,0,0,0,280.8928114,0,0,0,0,0
Q,5,Organic ,5_1,SEED,51SD,845.7939273,0,29.344091,0,0,0,5.5503052,0,0,0,0,0,6659.462501,75.4143682,1131.76637,0,901.8142481,0,25.6827747,0,0,0,0,0,0,0,0,0,0,65529.61667,0,0,0,0,0
Q,5,Organic ,5_2,SEED,52SD,844.9527598,0,0,11.2610702,0,0,3.3828794,7.1821076,0,0,0,0,2115.69675,4.2867398,0,0,0,0,0,0,0,0,0,0,0,0,0,0,0,38133.60155,0,0,0,0,0
Q,5,Organic ,5_3,SEED,53SD,834.5776031,0,0,0,0,6.1396438,4.6321665,2.9837949,640.8510712,0,16.3380367,0,4380.401224,5.2035629,403.5283056,0,0,0,0,0,0,0,0,0,0,88.213267,0,5.322890624,149.2469169,58153.99486,0,0,0,0,0
Q,5,Organic ,5_4,SEED,54SD,862.5380711,0,0,2.6223358,0,0,1.6686404,0,0,0,0,0,2790.97696,0,0,0,0,0,0,0,0,0,0,0,0,0,0,0,0,36296.45929,0,0,0,0,0
Q,5,Organic ,5_5,SEED,55SD,827.2638754,0,0,0,0,0,0,0,0,0,0,0,3679.633169,269.8846549,0,0,0,0,0,0,0,0,0,0,0,0,0,0,0,34846.34539,0,0,0,0,0
Q,5,Organic ,5_1,SKIN,51SK,843.694141,10.7955772,9.4753573,0,4.5449315,11.0890072,0,0,1275.095408,0,0,0,5890.589101,0,3267.416151,832.0864573,4372.285821,45.7798902,78.3140939,34.1774787,0,0,4065.231914,49575.59909,11879.62142,6053.660036,11730.22612,74.45994797,19172.78739,2664.271658,0,0,0,0,0
Q,5,Organic ,5_2,SKIN,52SK,868.7116564,5.0384301,0,0,0,0,3.1025497,0,2400.74598,0,0,0,5205.075396,0,3473.981421,0,4600.907226,38.165124,98.5113278,42.4580398,25.208129,32.4834362,2654.58252,58557.73807,8803.51754,8110.931164,14751.04848,81.60391112,23761.56345,2787.310292,62.58519902,0,4.486029266,0,0
Q,5,Organic ,5_3,SKIN,53SK,827.666829,6.4392438,0,9.7240318,4.6669024,8.1980221,4.003118,0,796.1213502,0,0,0,5896.935819,0,2907.639309,0,3620.702336,36.850032,95.7542871,34.5616896,27.3414485,27.0382908,1264.363481,32819.05343,5941.162716,4729.86536,8153.021479,53.97926982,15694.52334,2018.758674,37.8531899,0,0,0,0
Q,5,Organic ,5_4,SKIN,54SK,829.2825769,10.2640917,0,11.5876226,0,11.5651777,4.1267767,0,2005.605713,0,0,0,6922.344112,0,3703.582381,0,3878.65786,38.4804384,78.7372878,32.6536914,23.8396661,24.6803476,2599.151574,41787.86454,8709.037727,5646.059425,10005.36928,55.08367489,18738.67238,2092.251597,72.72275035,0,0,0,0
Q,5,Organic ,5_5,SKIN,55SK,810.6870229,11.8568954,0,14.3501265,4.4234458,8.9127925,0,0,593.4190427,0,0,0,4442.276984,0,1110.327718,0,439.9519876,12.6441834,26.4543663,0,0,0,1522.127881,25472.08585,4972.641262,3701.227662,5551.990153,37.51566938,10854.98024,763.6240653,1082.004714,0,0,0,0
D,6,Organic ,6_1,PULP,61PU,843.694141,10.0473451,9.5956994,29.6649671,6.0773215,21.9871412,0,4.8651712,0,0,0,0,0,0,0,0,0,0,0,0,0,0,0,0,0,0,0,0,0,0,0,0,0,0,0
D,6,Organic ,6_2,PULP,62PU,869.6008188,12.8581686,4.1887377,17.6689875,0,13.7789069,0,3.8469202,0,0,0,0,0,0,0,0,0,0,0,0,0,0,0,0,0,0,0,0,0,0,0,0,0,0,0
D,6,Organic ,6_3,PULP,63PU,775.5362848,8.5948288,0,13.2301263,0,0,0,0,0,0,0,0,0,0,0,0,0,0,0,0,0,0,0,0,0,0,0,0,0,0,0,0,0,0,0
D,6,Organic ,6_4,PULP,64PU,850.0250125,11.2412689,6.5096545,9.676335,0,11.3903814,6.9814945,8.5416203,0,0,0,0,6739.727593,0,0,0,0,75.63413,0,0,0,0,0,0,0,0,0,0,0,479.8233335,0,0,0,0,0
D,6,Organic ,6_5,PULP,65PU,852.1564694,10.6480277,0,3.49324,5.0856634,12.9326061,0,0,0,0,0,0,1234.260613,0,0,0,0,17.6374266,0,0,0,0,0,0,0,0,0,0,0,0,0,0,0,0,0
D,6,Organic ,6_1,SEED,61SD,746.572935,0,26.9276086,51.8837081,3.3119574,56.5278754,0,0,0,0,0,0,0,0,0,0,0,0,0,0,0,0,0,0,0,0,0,0,0,3531.345566,0,147.2811407,0,0,0
D,6,Organic ,6_2,SEED,62SD,819.2864031,0,0,0,0,0,0,0,0,0,0,0,3508.596166,69.038006,0,0,0,0,0,0,0,0,0,0,0,0,0,0,0,50436.27835,0,0,0,0,0
D,6,Organic ,6_3,SEED,63SD,813.0143541,0,9.0621487,43.5417357,5.5247786,42.4273657,11.6887413,0,0,0,0,0,0,0,0,0,0,0,0,0,0,0,0,0,0,0,0,0,0,8673.187168,0,0,4.272324976,0,0
D,6,Organic ,6_4,SEED,64SD,814.5733461,0,23.9377681,81.2263132,12.5552778,58.6528867,6.6657366,0,0,0,0,0,0,0,0,0,0,0,0,0,0,0,0,0,0,0,0,0,0,10383.77268,0,92.3112479,3.92955928,0,152.9673035
D,6,Organic ,6_5,SEED,65SD,839.5256917,3.5226796,4.4001105,10.1509245,0,14.2908762,8.5875149,3.2569564,0,0,0,0,5942.222659,287.8769217,1624.471635,0,916.7021235,0,18.7656348,12.6427647,0,0,0,0,0,151.9059865,0,0,0,40764.85599,0,0,3.896169947,0,0
D,6,Organic ,6_1,SKIN,61SK,860.7902736,8.2261246,4.862247,13.3722765,3.1778678,9.6519171,2.6307162,0,0,0,0,0,83.7153541,0,0,0,0,0,0,0,0,0,0,1943.484179,0,650.7787799,0,62.98274411,132.3112105,0,358.5748229,0,4.33482334,0,0
D,6,Organic ,6_2,SKIN,62SK,804.5454545,8.8979207,2.8227727,3.9456071,0,7.3855644,5.3974074,0,608.3995516,0,0,0,3306.383212,0,2952.15102,0,3585.916311,11.3051962,75.891128,35.3719768,21.2628734,23.2777506,814.7879172,18774.98974,3185.144095,3493.498873,6099.855519,37.25745028,10960.15056,1311.865237,0,0,0,0,0
D,6,Organic ,6_3,SKIN,63SK,828.8780488,8.1013193,5.5120304,16.4837738,8.8858504,9.5777026,0,0,0,0,0,0,1519.60791,0,0,0,0,0,0,0,0,0,1658.264694,26696.40482,5074.846826,3955.180799,6104.478411,48.06824121,11171.82831,325.0032674,677.0266861,0,0,0,0
D,6,Organic ,6_4,SKIN,64SK,843.2754342,6.9404283,3.5832881,4.0411909,16.3118698,8.6331887,4.7229459,0,519.5653925,0,0,0,3116.104047,0,2496.699308,0,3797.764959,0,64.3468,32.5670022,0,0,0,3399.118029,1305.935516,240.0311028,2055.718012,29.31324516,4559.050288,1023.583689,0,0,0,0,0
D,6,Organic ,6_5,SKIN,65SK,855.5891239,5.4444392,4.3683115,3.2741188,11.5263316,7.6991414,5.8333354,5.3242335,744.5325849,0,0,0,2904.527396,0,3048.621739,347.151782,2461.166301,0,63.1274734,29.3569988,17.9917696,19.1915374,747.3982699,24251.33691,4551.849003,4150.344024,6838.763318,47.31403851,9683.291668,2482.394034,0,0,0,0,0
E,7,Organic ,7_1,PULP,71PU,847.9041916,10.6870268,5.690838,12.1993013,0,8.9547825,0,0,0,0,0,0,0,0,0,0,0,0,0,0,0,0,0,0,0,0,0,0,0,0,0,0,0,0,0
E,7,Organic ,7_2,PULP,72PU,819.6816208,13.843218,3.9061159,9.6916568,5.0400699,9.059692,0,0,0,0,0,0,350.2247756,0,0,0,0,10.6275231,0,0,0,0,0,0,0,0,0,0,0,0,0,0,0,0,0
E,7,Organic ,7_3,PULP,73PU,826.459144,5.0041682,11.887118,6.3629247,51.9999316,5.4884055,16.9033798,2.8245091,389.7755821,0,0,0,6781.501228,10.9001783,1207.739621,0,1255.000007,114.57997,12.0628461,0,0,0,0,0,0,0,0,0,0,0,0,0,0,0,0
E,7,Organic ,7_4,PULP,74PU,862.5380711,11.8802593,4.2702241,11.5215361,0,9.0600426,0,6.5622575,0,0,0,0,0,0,0,0,0,0,0,0,0,0,0,0,0,0,0,0,0,0,0,0,0,0,0
E,7,Organic ,7_5,PULP,75PU,858.6154624,12.266436,6.6274166,12.7518085,3.6553981,11.0016633,0,5.4546874,0,0,0,0,0,0,0,0,0,0,0,0,0,0,0,0,0,0,0,0,0,0,0,0,0,0,0
E,7,Organic ,7_1,SEED,71SD,842.8571429,8.0797914,4.2533626,20.1602599,0,14.2199221,11.7094116,3.0101361,0,0,382.6813219,0,5372.781724,260.0965295,0,0,386.3632022,0,9.3342714,0,0,0,0,0,0,0,0,0,0,47217.58836,0,0,3.998844474,0,0
E,7,Organic ,7_2,SEED,72SD,868.7116564,0,0,0,0,0,0,7.3023593,0,0,0,0,4694.703453,271.5619153,929.7640235,0,378.3105044,0,8.076092,0,0,0,0,0,0,0,0,0,0,46161.9396,0,0,0,0,0
E,7,Organic ,7_3,SEED,73SD,826.0573651,0,2.2234391,4.6788085,0,9.1991286,6.8658466,0,0,0,0,0,4977.649026,0,296.0184897,0,481.0927303,0,12.4363409,0,0,0,0,0,0,0,0,0,87.19756942,45478.8829,0,0,3.641560584,0,0
E,7,Organic ,7_4,SEED,74SD,825.6559767,0,72.1569144,109.6362813,11.3209963,110.4318951,5.3868265,0,0,0,0,0,0,0,0,0,0,0,0,0,0,0,0,0,0,0,0,0,0,4133.923849,0,230.51871,0,0,0
E,7,Organic ,7_5,SEED,75SD,849.1754123,0,2.9142154,0,0,10.5126601,7.6262277,0,0,0,0,0,5644.554655,0,0,0,512.1348803,0,15.8334662,0,0,0,0,0,0,0,0,0,0,52177.41134,0,0,0,0,0
E,7,Organic ,7_1,SKIN,71SK,2059.667008,20.23,0,0,0,0,0,0,0,0,0,0,20635.52308,2491.28917,0,9235.700381,0,0,0,368.9145919,200.6610487,98.0046048,0,0,1973.71063,0,885.1624672,1027.120368,0,3194.53246,839.9406822,0,0,0,0
E,7,Organic ,7_2,SKIN,72SK,857.7486118,6.4492355,4.1745924,3.4201623,20.7080798,10.4596059,5.1949105,0,567.5771316,0,0,0,1778.215463,0,2385.897108,0,4973.763326,13.8706082,64.840145,33.8604748,0,0,472.4996301,6737.608456,1613.260286,349.5301041,3372.402899,42.64916383,6364.178092,828.5633253,0,0,0,0,0
E,7,Organic ,7_3,SKIN,73SK,853.4404822,9.2876333,7.4032205,3.4692721,13.0461422,5.9225381,5.4653513,0,1329.194662,0,0,5436.291599,3435.449202,0,6594.114329,0,8947.594058,35.2454415,151.4719349,72.6955456,36.6773127,48.9974415,6256.457891,582.3496916,2103.836257,286.3005279,2675.875255,34.13583312,4220.705715,221.5881116,0,0,4.100422381,0,0
E,7,Organic ,7_4,SKIN,74SK,843.2754342,22.0836294,0,8.3621389,0,0,9.2039659,0,2017.833403,0,0,37962.92589,5787.616202,0,8791.304545,882.348904,19600.95696,56.8114556,254.2474137,130.8127175,74.3607002,66.2641707,0,4626.735062,1403.011102,1573.161537,2867.009629,35.27352504,5564.877274,2348.04773,0,0,0,0,0
E,7,Organic ,7_5,SKIN,75SK,811.8490205,7.9535018,8.9731521,2.6604047,4.2228961,6.4989204,6.4225075,6.0239654,1185.043447,0,0,34578.05852,2721.293497,0,7892.841341,446.414282,11548.04106,24.1804474,150.2792786,75.7798297,43.7224941,49.2090282,0,3027.088684,0,953.6911163,2357.878714,16.1192047,3815.20726,1614.152641,0,0,0,0,0
E,8,Conventional ,8_1,PULP,81PU,850.8763145,24.2248914,10.1127905,6.1742834,0,13.4119177,6.9402867,10.9576168,0,0,0,0,4139.969189,278.057122,0,0,530.4094524,70.7693899,0,0,0,0,0,0,0,0,0,0,0,388.462326,0,0,0,0,0
E,8,Conventional ,8_2,PULP,82PU,842.0218038,14.7625059,0,11.9862206,0,7.4051231,6.1895707,6.8757747,0,0,0,0,3821.070522,0,0,0,0,12.7965093,52.8668076,0,0,0,0,0,0,0,0,0,0,309.5527777,0,0,0,0,0
E,8,Conventional ,8_3,PULP,83PU,839.1111111,13.106505,7.8813959,4.3894458,0,12.3352288,6.5654623,4.9742767,0,0,0,0,3540.219663,0,0,0,0,38.0847082,0,0,0,0,0,0,0,0,0,0,0,0,0,0,0,0,0
E,8,Conventional ,8_4,PULP,84PU,853.4404822,15.5618016,8.9785497,5.5325998,0,0,5.3774998,0,0,0,0,0,4991.434101,0,0,0,0,58.7462173,0,0,0,0,0,0,0,0,0,0,0,0,0,0,0,0,0
E,8,Conventional ,8_5,PULP,85PU,834.987715,16.5830736,0,0,0,9.3624826,9.019066,3.9119129,0,0,0,0,4681.968491,0,0,0,691.372951,70.1029728,0,0,0,0,0,0,0,0,0,0,0,0,0,0,0,0,0
E,8,Conventional ,8_1,SEED,81SD,841.6047548,0,11.4187173,50.1124318,0,10.3034973,7.5592751,10.8058435,0,561.8747666,0,0,4758.597302,0,242.7185241,0,0,0,0,0,0,0,0,0,0,0,0,0,0,38284.82753,0,0,0,0,0
E,8,Conventional ,8_2,SEED,82SD,845.7939273,6.7752657,3.8641774,39.2398205,0,8.297148,6.4729218,0,0,713.6680594,0,0,5791.669058,0,725.8676486,0,702.9694031,0,0,0,0,0,0,0,0,0,0,0,0,53048.29561,0,0,0,0,0
E,8,Conventional ,8_3,SEED,83SD,843.2754342,0,0,7.8171714,0,7.4288614,4.4091856,0,0,0,0,0,5754.149136,0,153.2984972,0,0,0,10.3133367,0,0,0,0,0,0,0,0,0,0,41615.50816,0,0,0,0,0
E,8,Conventional ,8_4,SEED,84SD,842.0218038,0,8.0668842,19.245301,0,6.773978,5.801965,0,0,469.9923615,0,0,2863.337095,0,0,0,0,0,0,0,0,0,0,0,0,0,0,0,0,29283.85893,0,0,0,0,0
E,8,Conventional ,8_5,SEED,85SD,857.3158426,0,0,6.2864147,0,7.6603857,5.3974838,3.5228128,0,0,0,0,5737.816466,0,258.8215181,0,529.7950159,0,15.6700524,0,0,0,0,0,0,0,0,0,0,41117.04822,0,0,0,0,0
E,8,Conventional ,8_1,SKIN,81SK,820.4732014,10.0067936,5.7991424,0,0,8.1007576,6.2934375,2.5473949,754.6349237,0,0,10309.79758,2306.397529,0,4335.050651,0,5614.166007,23.8396346,112.8425722,52.99383,25.2259888,24.1961144,0,1138.628968,0,512.0753257,741.1251764,9.326352998,1160.433373,1285.121987,0,0,3.858204823,0,0
E,8,Conventional ,8_2,SKIN,82SK,820.4732014,8.9316694,8.3314309,0,0,7.981931,5.7234464,0,1005.605669,0,0,5213.935938,1870.118631,0,8195.39773,458.1378266,6972.241086,16.1996421,124.2486205,63.0079948,31.8685081,40.3839588,0,2280.900116,0,923.9703692,2396.328782,14.28970971,3404.683703,1471.643988,0,0,0,0,0
E,8,Conventional ,8_3,SKIN,83SK,829.2825769,9.8473885,3.7844069,12.066036,0,12.6382761,9.2665793,2.6700715,1160.881221,0,0,13709.62152,3359.761773,0,5549.00567,0,8626.915777,19.3973691,135.122137,61.9333424,31.4146655,32.9816718,3897.729218,22322.86641,4402.031232,2721.720296,7866.289403,31.28080681,10152.94051,1717.147687,153.3271105,0,0,0,0
E,8,Conventional ,8_4,SKIN,84SK,866.4966854,0,44.9648443,137.0986793,0,0,0,0,0,0,0,26545.48061,2658.938168,0,14516.95649,529.2268099,13123.40309,0,204.8697756,109.4792173,60.8429515,0,0,10311.66156,2288.132825,2643.762873,5436.015491,33.8712772,10104.53799,2074.337429,0,0,0,0,0
E,8,Conventional ,8_5,SKIN,85SK,828.4739152,9.8972865,11.4753205,8.8875973,0,8.7112389,7.5728902,2.9506187,1100.721976,0,0,6448.678059,2044.538692,0,6559.617258,0,10299.87494,0,152.5293595,72.1896852,35.3293023,31.6474656,0,2175.056863,0,1108.69201,1907.232279,17.63847591,3888.085744,1512.509574,0,0,0,0,0
F,9,Conventional ,9_1,PULP,91PU,870.9379805,10.648735,0,12.5861149,0,0,5.5087976,0,0,0,24.8091652,0,9893.75938,0,2449.504026,0,3889.307714,186.4321782,41.6374057,23.5631745,0,0,0,0,0,0,0,0,0,0,0,0,0,0,0
F,9,Conventional ,9_2,PULP,92PU,844.1132638,11.1672698,6.7934853,0,4.5616309,0,5.602761,0,0,0,0,0,5796.002601,0,0,0,845.7287216,108.4108154,11.0482077,9.960794,0,0,0,0,0,0,0,0,0,264.4331911,0,0,0,0,0
F,9,Conventional ,9_3,PULP,93PU,847.0588235,12.6232012,3.3180235,12.6363773,5.0809597,9.7127815,0,2.8138904,0,0,0,0,0,0,0,0,0,0,0,0,0,0,0,0,0,0,0,0,0,0,0,0,0,0,0
F,9,Conventional ,9_4,PULP,94PU,803.0245747,8.6222574,3.574617,4.9061044,3.352461,0,3.3513604,0,406.646603,0,0,0,5153.87883,0,707.7528909,0,1221.16235,81.0690917,14.1151726,0,0,0,0,0,0,0,0,0,0,0,0,0,0,0,0
F,9,Conventional ,9_5,PULP,95PU,870.4918033,12.6053854,4.2192944,4.3290934,6.4895138,0,5.6682968,0,0,0,0,0,5482.467558,329.3536406,0,0,585.1135307,114.3902587,0,0,0,0,0,0,0,0,0,0,0,333.6774024,0,0,0,0,0
F,9,Conventional ,9_1,SEED,91SD,824.8543689,0,6.7599576,5.5907086,5.065404,15.7306033,6.8992048,4.7158641,0,0,0,0,15880.36254,0,2651.718032,308.9338779,2228.906864,9.9912723,61.6401369,42.5603083,29.9328755,41.1460791,0,0,0,197.6797308,0,0,0,73192.06217,0,0,3.663842302,0,0
F,9,Conventional ,9_2,SEED,92SD,850.0250125,0,0,50.2824544,0,19.5337157,0,0,0,0,0,0,24530.74611,46.4587788,4682.054833,0,3434.024438,0,105.8885745,72.0703189,0,0,0,0,0,0,0,0,0,107169.656,0,0,0,0,0
F,9,Conventional ,9_3,SEED,93SD,851.3026052,0,5.4985011,11.3258758,4.9839086,18.237685,6.498495,6.7127716,0,0,0,0,20701.58334,7.3920927,3344.446342,329.2624844,2563.955384,11.5087786,69.786797,46.1401691,29.6354401,38.2511924,0,0,0,241.9964972,0,4.594502658,77.73097661,84869.40519,0,10.10210479,0,0,0
F,9,Conventional ,9_4,SEED,94SD,826.8613139,0,3.4137452,3.2316504,0,13.1470932,6.703844,1.9609749,0,0,0,0,7083.995777,0,696.4330289,0,789.8347194,0,22.7386952,17.3535128,0,0,0,0,0,72.9702874,0,0,0,36192.22307,0,0,3.9285156,0,0
F,9,Conventional ,9_5,SEED,95SD,850.4504505,0,9.4245824,5.1793769,5.5183497,10.6529563,3.8182819,0,0,0,0,0,18858.17385,0,3855.07188,344.3640107,2498.114065,15.4460283,75.7143508,49.1281654,33.9508386,52.2961241,0,0,0,149.0562092,0,0,0,94689.89136,0,1.661546898,3.677842072,0,0
F,9,Conventional ,9_1,SKIN,91SK,862.97613,3.9043354,4.4730281,7.0260412,11.172272,9.7291095,6.8826123,0,1531.644982,0,220.6383002,16786.17579,6022.208668,0,13908.75701,759.4986855,18692.15722,80.7155849,225.8143202,133.6019819,88.5643118,105.362292,1403.851528,26053.61061,3438.542435,5408.26444,12550.87553,114.8925158,20361.30272,2826.025709,32.10914528,0,0,0,0
F,9,Conventional ,9_2,SKIN,92SK,864.7328244,3.0123011,0,16.1521942,7.8658802,0,7.0328925,0,2225.249929,0,0,21680.60272,3923.205399,0,7811.917052,1209.703582,12802.30282,35.6369131,168.5333707,106.2894942,71.7959922,0,5226.655302,56064.72972,7343.448266,7567.494297,17097.17873,130.4797766,20581.41138,1927.074327,241.8988571,0,4.583591896,0,0
F,9,Conventional ,9_3,SKIN,93SK,838.2831771,3.7217026,3.2862161,10.1529865,12.2888602,8.0753146,5.6001192,3.2687849,1229.516538,0,0,13765.5304,3435.604487,0.5221462,9567.54357,572.8866471,11011.39303,32.8716785,152.6473606,89.3790359,56.9678553,73.8560838,1527.220595,36235.39502,4134.096463,7334.815686,14855.72113,135.0929302,26825.22241,1959.260403,43.25319066,0,0,0,0
F,9,Conventional ,9_4,SKIN,94SK,816.9230769,5.412426,5.6116253,2.9278925,10.1501275,0,4.7976473,6.518481,1098.011663,0,0,26323.26436,3609.751804,312.8451625,6600.129872,878.4907583,13424.33854,32.0922912,176.2209261,94.130622,53.4146191,53.5639542,795.6128192,18075.01349,2061.146893,4110.598723,9949.724453,87.303221,14906.39905,1984.973757,0,0,0,0,0
F,9,Conventional ,9_5,SKIN,95SK,864.2929807,4.8372292,0,0,19.7806887,8.3059179,4.7152921,10.9629797,1376.660686,0,0,21954.33964,2746.101442,0,7189.882316,1175.001511,9096.608734,39.9678612,139.5217123,75.9337986,47.1660146,61.0862902,3321.118461,36894.02026,5752.809612,5547.725282,12664.21594,99.6960841,14579.97997,2700.919725,82.56304389,0,0,0,0
F,10,Organic ,10_1,PULP,101PU,833.3496812,0,12.7111769,7.1746746,5.1885291,0,0,5.763591,0,0,0,0,6857.004768,298.1297577,1177.194151,0,1264.491798,142.7061834,19.0721903,15.5536514,0,0,0,0,0,0,0,0,0,300.0723124,0,0,20.26074634,0,0
F,10,Organic ,10_2,PULP,102PU,832.533072,11.9589594,3.8781156,11.2284123,0,7.6880681,5.9050256,0,0,0,0,0,5762.319515,0,280.5241484,0,554.2663148,90.1658377,0,0,0,0,0,0,0,0,0,0,0,793.8345011,0,0,0,0,0
F,10,Organic ,10_3,PULP,103PU,850.8763145,11.8925352,10.5856295,0,6.5346431,0,5.3769023,0,0,0,0,0,7050.343407,340.6910557,1265.263564,906.3653406,6276.474642,19.638707,19.9584836,0,0,0,0,0,0,0,0,0,0,281.1040729,0,0,0,0,0
F,10,Organic ,10_4,PULP,104PU,852.1564694,5.4951334,2.6454125,2.0942744,3.2313223,2.3886056,0,0,0,0,0,0,3536.766665,0,279.1110635,0,562.5801401,51.7779835,9.1449164,0,0,0,0,0,0,0,0,0,0,0,0,0,4.011614496,0,0
F,10,Organic ,10_5,PULP,105PU,839.1111111,10.5345173,0,7.4918386,6.2140894,6.5992481,5.7834906,2.997853,0,0,0,0,6876.354877,0,1180.070792,0,1291.637708,103.1883864,24.1226842,0,0,0,0,243.1683936,0,139.8273327,0,0,441.3804388,1116.215677,0,0,0,0,0
F,10,Organic ,10_1,SEED,101SD,862.97613,0,3.6527771,3.4499022,0,21.6929163,10.8090901,3.7257677,0,0,0,0,10512.36843,0,1434.828789,0,884.757369,0,40.7506311,25.3564889,19.0917489,0,0,0,0,206.6068193,0,0,0,54600.54692,0,0,0,0,0
F,10,Organic ,10_2,SEED,102SD,847.4812968,0,0,5.5780788,5.7480177,7.8637102,4.5346353,0,0,0,0,0,7635.090231,283.3067441,1001.103663,0,511.9358111,0,21.7470366,0,0,0,0,0,0,0,0,0,0,52051.7013,0,0,0,0,0
F,10,Organic ,10_3,SEED,103SD,806.8376068,0,70.6806087,113.962412,24.6071821,124.5135584,8.267433,0,0,0,0,0,0,0,0,0,0,0,0,0,0,0,0,0,0,0,0,0,0,2839.248288,0,0,3.910063974,0,0
F,10,Organic ,10_4,SEED,104SD,765.0607834,2.8945143,73.9346286,157.9354802,31.9250257,74.7119884,4.8584473,5.6357477,0,0,0,0,635.234466,0,0,0,0,0,0,0,0,0,0,0,0,0,0,0,0,10468.81734,0,492.194539,7.676177967,0,165.2996962
F,10,Organic ,10_5,SEED,105SD,830.4985337,0,75.6261722,124.0768523,13.1833051,102.4930637,7.4840593,3.2251154,0,0,0,0,0,0,0,0,0,0,0,0,0,0,0,0,0,0,0,0,0,10666.01453,0,716.6672136,4.218938699,0,0
F,10,Organic ,10_1,SKIN,101SK,852.1564694,10.4604814,16.355356,102.450548,18.8061956,15.9709713,37.1597077,9.1464551,2521.110397,0,7769.926762,24596.98983,9163.652271,305.9730131,7606.327552,7483.932307,34205.87318,180.370371,415.5229661,300.1248289,209.0517169,165.2164139,81520.52517,5629.398964,12749.65689,2111.749552,21041.50205,168.7482435,34651.06499,5062.56966,0,0,0,128.8865107,0
F,10,Organic ,10_2,SKIN,102SK,826.8613139,5.5960771,4.0852536,3.087835,11.5997384,7.2134898,7.4362383,5.6973618,906.9202743,0,0,10344.87094,3500.869227,0,9657.799521,564.6955262,9421.438064,44.0395256,163.3039129,23.1862749,49.7193506,0,367.9036947,9614.897353,1750.654168,2162.15806,5147.527577,38.92690395,6165.805894,1715.216033,0,0,0,0,0
F,10,Organic ,10_3,SKIN,103SK,848.3275087,9.4334898,15.7166467,17.0182652,7.3361081,6.7445064,7.5955048,0,1486.062576,0,28.6507982,0,3878.443056,0,12365.94969,730.1922424,12770.64399,56.9825663,198.9162193,111.0944389,66.6641023,86.0217072,186.3395065,6361.648416,1785.301141,2562.161471,5900.35785,66.27627801,8390.965099,2361.060308,0,0,0,0,0
F,10,Organic ,10_4,SKIN,104SK,826.0573651,3.9501364,3.0050657,2.5145828,3.0188752,6.4052362,2.9703224,6.430974,1013.170165,0,0,0,3686.207584,0,12680.68383,548.8624225,11073.23244,45.4664457,151.9153582,84.1060864,59.5030163,46.8070025,504.4696914,12443.63159,2159.406146,2901.440546,6086.005171,50.18293958,9304.388158,2957.424456,0,0,4.008427011,0,0
F,10,Organic ,10_5,SKIN,105SK,825.2549781,5.8847312,4.5629966,3.527715,7.4150392,7.3918212,0,6.7225566,906.2813516,0,0,4562.512572,2863.157499,0,9368.979536,512.7643174,11110.43844,37.7334005,140.11884,78.608762,51.286477,48.7670549,434.980148,15665.51549,2526.123038,3859.397002,7524.341375,67.0478463,11738.85733,1829.483307,0,0,0,0,0
G,11,Conventional ,11_1,PULP,111PU,828.0701754,13.82904,6.8036684,5.5491565,0,0,3.5727723,0,0,0,0,0,4622.389784,0,0,0,558.9131216,90.378851,0,0,0,0,0,0,0,0,0,0,0,0,0,0,0,0,0
G,11,Conventional ,11_2,PULP,112PU,864.7328244,10.9113554,5.7366778,2.5127022,4.4808838,0,4.3865047,3.1188167,0,0,0,0,4812.326717,268.1204385,0,0,3437.648253,0,0,8.2062923,0,0,0,0,0,0,0,0,0,266.4111656,0,0,4.009923691,0,0
G,11,Conventional ,11_3,PULP,113PU,857.3158426,12.9022056,5.2083511,5.668139,0,0,4.3533237,0,0,0,0,0,6075.272267,0,379.140905,302.7500516,1018.831776,104.003221,0,0,0,0,0,0,0,0,0,0,0,0,0,0,0,0,0
G,11,Conventional ,11_4,PULP,114PU,826.0573651,0,14.8726303,5.2238763,0,5.2086093,4.0384938,4.0384938,0,0,0,0,5781.650428,45.386459,0,0,928.8395883,94.7290626,0,0,0,0,0,0,0,0,0,0,0,0,0,0,0,0,0
G,11,Conventional ,11_5,PULP,115PU,828.0701754,14.256286,0,4.3736586,5.0381916,0,4.2391938,2.3857484,0,0,0,0,4710.408394,300.4113217,0,0,3255.428026,0,11.4854205,0,0,0,0,0,0,0,0,0,0,388.9631486,0,0,0,0,0
G,11,Conventional ,11_1,SEED,111SD,863.8535841,0,4.5399406,8.0614142,0,10.7709328,6.0751056,0,0,0,0,0,7897.107618,0,610.2462562,0,684.0711509,0,21.1508052,0,0,0,0,0,0,0,0,0,0,50792.56304,0,0,0,0,0
G,11,Conventional ,11_2,SEED,112SD,839.5256917,0,3.4408643,11.0527603,0,19.2606081,7.9302386,4.6018798,0,0,0,0,1456.898412,0,0,0,0,0,0,0,0,0,0,0,0,0,0,0,0,16752.20783,0,60.50362728,3.671747767,0,0
G,11,Conventional ,11_3,SEED,113SD,835.809149,83.5821471,131.5375129,9.9774918,13.6145508,130.1621524,0,4.1797514,0,0,0,0,0,0,0,0,0,0,0,0,0,0,0,0,0,0,0,0,0,1013.07644,0,0,0,0,0
G,11,Conventional ,11_4,SEED,114SD,847.0588235,0,2.6749436,7.1892476,0,16.6283421,9.3607189,5.4357739,0,0,0,0,10817.26334,0,1549.031521,0,1282.740061,0,37.7986717,26.0778428,14.058288,0,0,0,0,101.0337169,0,0,0,50447.08198,0,0,4.15223286,0,0
G,11,Conventional ,11_5,SEED,115SD,829.2825769,0,0,0,0,13.5190808,8.5593038,0,0,0,0,0,9581.38891,0,1347.834967,0,0,31.4473858,19.2560638,0,0,0,0,0,0,178.6595412,0,0,0,58178.6685,0,0,0,0,0
G,11,Conventional ,11_1,SKIN,111SK,842.4392662,8.1722771,7.0591358,11.6069463,15.1751516,5.2099682,6.5760655,7.6274939,1015.419731,0,0,1945.053691,2750.920604,0,5716.783178,461.3234758,6501.365029,0,98.0800733,47.5495741,30.2198749,26.1249685,512.3235614,12742.93536,2673.779187,3743.358334,8064.220379,74.62469835,14321.70809,1800.841355,0,0,0,0,0
G,11,Conventional ,11_2,SKIN,112SK,813.7931034,7.2813102,5.7041616,2.9522317,13.5811151,0,6.7330547,0,1386.862877,0,0,5373.433948,3889.243341,0,4760.70093,0,8328.025051,0,134.8290548,67.7819576,43.7141371,44.6230137,2316.834035,29993.27543,3397.007876,5578.519432,12468.568,108.963056,21857.3782,1994.724505,0,0,0,0,0
G,11,Conventional ,11_3,SKIN,113SK,867.381317,9.3408202,0,3.3759558,5.9782204,0,7.8190271,2.624963,1294.02371,0,0,4716.164273,4633.712561,0,11053.83023,872.3820066,13749.74248,45.3735664,199.1237716,105.2132148,72.9734035,0,592.9800248,13414.65436,2208.499797,3628.32676,7297.991362,68.32599747,12919.45845,2040.648587,33.47542507,0,4.365466967,0,0
G,11,Conventional ,11_4,SKIN,114SK,861.2265585,10.8773613,7.6250656,0,14.3497007,0,6.9339222,0,1349.346703,0,0,0,3785.090991,0,6066.318841,0,11519.83179,0,149.9879709,72.4706135,44.6616928,36.9598984,6952.798878,514.5009697,2706.908294,530.6364293,4473.968056,61.69189391,8681.155251,1842.172811,0,0,0,0,0
G,11,Conventional ,11_5,SKIN,115SK,822.8571429,7.0519646,4.5157458,6.9130972,14.4879399,0,5.0281739,0,1307.116348,0,0,2556.894229,2755.837282,0,5599.505919,462.0673207,7025.236206,0,112.2186282,59.6837189,38.0458264,49.0253811,395.5760883,10662.70676,2080.026387,3165.509988,7046.640928,55.60527259,12360.70953,1614.875608,0,0,0,0,0
G,12,Organic ,12_1,PULP,121PU,836.6322009,11.7329917,0,0,8.0297972,0,0,0,0,0,0,0,0,0,0,0,0,0,0,0,0,0,0,0,0,0,0,0,0,0,0,0,0,0,0
G,12,Organic ,12_2,PULP,122PU,821.2663122,14.9475425,0,0,7.7698381,0,0,0,0,0,0,0,0,0,0,0,0,0,0,0,0,0,0,0,0,0,0,0,0,0,0,0,0,0,0
G,12,Organic ,12_3,PULP,123PU,838.6969398,12.687246,0,10.571902,0,10.5546234,0,0,0,0,0,0,0,0,0,0,0,0,0,0,0,0,0,0,0,0,0,0,0,0,0,0,0,0,0
G,12,Organic ,12_4,PULP,124PU,846.2151394,16.5659644,0,0,4.8216392,0,0,0,0,0,0,0,0,0,0,0,0,0,0,0,0,0,0,0,0,0,0,0,0,0,0,0,0,0,0
G,12,Organic ,12_5,PULP,125PU,831.7180617,14.9485637,6.9707928,14.2075662,6.3703737,0,0,0,0,0,0,0,330.5689026,0,0,0,0,0,0,0,0,0,0,0,0,0,0,0,0,0,0,0,0,0,0
G,12,Organic ,12_1,SEED,121SD,832.533072,0,47.7237875,87.9848255,57.9436047,0,0,0,0,0,0,0,1557.828925,0,0,0,0,0,0,0,0,0,0,0,0,0,0,0,0,8858.82017,0,191.3397009,0,0,0
G,12,Organic ,12_2,SEED,122SD,849.6,0,51.2407905,93.0681114,7.4176778,90.0110011,12.7503602,0,0,0,0,0,0,0,0,0,0,0,0,0,0,0,0,0,0,0,0,0,0,1541.734081,0,696.8715093,0,0,0
G,12,Organic ,12_3,SEED,123SD,820.4732014,19.6691539,34.462413,53.6133381,0,69.7869462,12.0371185,0,0,0,0,0,0,0,0,0,0,0,0,0,0,0,0,0,0,0,0,0,0,0,0,0,0,0,0
G,12,Organic ,12_4,SEED,124SD,847.9041916,28.8445982,0,22.9630392,55.5824522,19.6342684,16.4944047,10.4812687,0,0,0,0,0,0,2192.225008,307.4689819,0,0,0,0,0,0,0,0,0,0,0,0,0,0,0,25.21008654,3.504132903,0,0
G,12,Organic ,12_5,SEED,125SD,837.044335,0,36.9136785,90.9605099,8.5890428,95.7490013,11.605875,0,0,0,0,0,0,0,0,0,0,0,0,0,0,0,0,0,0,0,0,0,0,1328.493469,0,167.698385,0,0,0
G,12,Organic ,12_1,SKIN,121SK,866.0550459,6.1796157,3.8843661,19.3213014,9.4953572,15.4498972,0,3.7836792,0,387.3970707,0,0,3363.348594,0,415.6550631,383.1621878,3248.316026,30.2626852,38.8748833,26.7351075,27.873825,24.4356017,0,1779.003094,0,3049.768784,5816.725909,68.06933029,20390.22778,1971.643486,0,0,0,0,0
G,12,Organic ,12_2,SKIN,122SK,868.7116564,7.3479131,3.9047517,13.0889906,8.9603317,10.0051927,0,0,0,0,0,0,1856.70389,0,406.7231792,359.1457534,610.0480012,24.1214891,26.400517,0,0,0,282.7359033,5435.679862,1501.875442,3219.114785,5088.347148,54.31810315,15099.83866,2054.442134,330.5049585,0,0,0,0
G,12,Organic ,12_3,SKIN,123SK,866.4966854,6.350313,0,14.8462477,11.2524434,12.9085365,0,0,0,0,0,7434.864157,0,0,0,0,0,19.9910832,0,0,0,0,860.9249629,12065.80306,2416.959334,4877.825545,9991.523387,95.07174144,27160.62551,1669.326425,389.1204476,0,0,0,0
G,12,Organic ,12_4,SKIN,124SK,830.9046455,4.9377457,0,10.6146719,0,9.0840798,0,0,0,0,0,0,39.2027817,0,0,0,0,0,0,0,0,0,0,693.8335675,0,1065.403257,2208.85225,26.20747103,6809.04843,0,0,0,0,0,0
G,12,Organic ,12_5,SKIN,125SK,856.4516129,6.2111831,3.3493129,12.8557815,7.8467482,13.8653514,0,5.3720534,0,0,0,0,1275.409586,0,1243.293934,0,0,10.2310567,0,0,0,0,508.8157796,7420.616999,1641.65844,3549.784891,6520.941031,72.04088923,20342.82986,1122.674138,0,0,0,0,0
H,13,Organic ,13_1,PULP,131PU,837.044335,0,5.3101704,5.8915624,6.6515351,14.8208084,5.3651276,4.3175015,0,0,0,0,1253.323882,0,0,0,0,29.7205686,0,0,0,0,0,0,0,0,0,0,0,0,0,0,0,0,0
H,13,Organic ,13_2,PULP,132PU,833.3496812,13.5687636,5.0508705,0,13.6749142,0,0,8.5458465,0,0,0,0,0,0,0,0,0,0,0,0,0,0,0,0,0,0,0,0,0,0,0,0,0,0,0
H,13,Organic ,13_3,PULP,133PU,859.4840668,12.147654,5.2174937,3.5495631,4.7805491,12.213346,6.7036115,3.3667008,0,0,0,0,9254.747361,409.915833,1157.751091,0,1224.578517,221.6983284,18.0938228,0,0,0,0,0,0,0,0,0,0,1636.572191,0,0,0,0,0
H,13,Organic ,13_4,PULP,134PU,830.9046455,13.1599472,3.5820571,15.2359562,11.9139307,0,0,3.700716,0,0,0,0,0,0,0,0,0,0,0,0,0,0,0,0,0,0,0,0,0,0,0,0,0,0,0
H,13,Organic ,13_5,PULP,135PU,832.9411765,13.1070481,5.6363905,3.9594976,6.41731,14.413018,7.8212415,5.6115877,0,0,0,0,6535.277339,336.744001,0,0,797.4484869,122.9582818,10.0593631,0,0,0,0,0,0,0,0,0,0,946.1017724,0,0,0,0,0
H,13,Organic ,13_1,SEED,131SD,825.6559767,0,43.7706086,68.0781455,0,0,0,0,5525.217272,0,0,0,0,0,0,0,0,0,0,0,0,0,0,0,0,0,0,0,0,850.3868444,0,0,0,0,0
H,13,Organic ,13_2,SEED,132SD,847.9041916,0,12.3292775,0,0,24.9640511,11.2189946,4.4778457,0,0,0,0,7806.227475,0,1401.313301,0,839.7560493,0,42.5456387,26.1100874,15.8912942,0,0,0,0,234.6000198,0,0,0,44344.36417,0,0,3.956951229,0,0
H,13,Organic ,13_3,SEED,133SD,824.0543162,0,2.8065289,8.3759346,4.1017638,20.7097151,7.2708449,3.0487704,0,0,0,0,25392.59026,82.3717176,4286.732918,362.2934878,2654.993235,11.8305533,81.5540433,52.0255421,34.0426649,46.4199049,0,0,0,232.3017842,0,7.500388288,170.5876801,78128.93501,0,42.63100185,3.760701692,0,0
H,13,Organic ,13_4,SEED,134SD,831.3111546,3.8403664,4.0316954,12.7131994,0,29.3659598,12.1333622,4.5906566,0,561.0384051,0,0,11620.26347,0,1642.234888,0,1662.890796,0,42.0478374,24.3739939,0,0,0,0,0,164.2971051,0,0,0,47292.51689,0,71.5943233,0,0,0
H,13,Organic ,13_5,SEED,135SD,856.4516129,0,2.6552729,4.1189527,0,18.448521,8.3638444,2.6190751,0,0,0,0,7036.500417,0,1239.411453,0,1013.811522,0,28.4644778,17.3458675,0,0,0,0,0,0,0,0,0,30360.32322,0,0,3.950970098,0,0
H,13,Organic ,13_1,SKIN,131SK,829.6875,5.8960071,5.8861525,2.7240728,22.4453289,9.5845984,8.5185872,3.1929495,1740.059523,0,418.5072538,0,3585.310247,0,8294.133373,1018.163626,9200.231717,39.9219773,183.4075403,96.6978115,55.5043426,52.5112814,551.5884127,5640.448778,2008.804518,2323.295549,4753.361055,53.82014547,9804.391877,1458.524239,75.14735146,0,4.056987302,0,0
H,13,Organic ,13_2,SKIN,132SK,854.7283702,5.0660779,3.7557403,2.6269688,8.4575743,8.8282729,6.4689116,0,1484.482844,0,127.8324744,958.0147423,5103.05906,0,6321.876154,615.3581661,5996.554201,38.9540621,128.4446438,71.3674611,50.556649,66.1237006,3673.165925,38925.43445,10524.88368,6631.278617,14307.19677,121.4051022,21826.82357,2534.906922,64.82684068,0,0,0,0
H,13,Organic ,13_3,SKIN,133SK,859.049545,5.5043051,5.5478626,3.754861,7.8384495,8.3834936,6.3963138,2.4574314,1413.760784,0,393.7287689,0,4181.594253,0,6678.730893,861.0823598,8439.883249,49.6089004,157.1162106,83.6866429,52.9540016,52.1246149,3011.451666,31189.22523,6759.199011,5101.307502,11794.49476,73.62017352,14121.7499,2495.569534,116.1195559,0,4.064410608,0,0
H,13,Organic ,13_4,SKIN,134SK,837.4568753,6.2727527,3.9243332,9.2136433,13.1529587,11.7633865,9.1197675,4.275797,634.4795396,0,0,0,2663.200258,0,2853.771616,0,5037.465571,22.7182089,78.7642387,43.4249979,27.892621,23.4946444,11735.23568,891.1843055,2328.63951,423.6509333,3245.973194,45.07643213,8454.541696,631.409752,0,0,4.703654895,0,115.707233
H,13,Organic ,13_5,SKIN,135SK,848.3275087,9.0404733,10.031346,3.2458861,8.6397905,10.0001987,8.8343577,0,3634.315285,0,0,0,6191.537522,260.6171814,8587.0095,837.0933599,11614.59498,33.0942941,191.4519006,100.855492,58.3649178,61.0317058,4621.539717,31997.16368,7445.786431,5064.389877,12540.9609,79.54374797,22537.15048,579.7912715,0,0,0,0,0
H,14,Conventional ,14_1,PULP,141PU,866.4966854,5.892748,7.6333991,75.2453511,6.7669627,14.5773875,11.2106465,4.5939415,0,0,0,0,28.3281253,0,0,0,0,14.3790809,0,0,0,0,0,0,0,0,0,0,0,0,0,0,0,0,0
H,14,Conventional ,14_2,PULP,142PU,826.459144,13.8380962,11.6954975,0,0,0,0,0,0,0,0,0,0,0,0,0,0,0,0,0,0,0,0,0,0,0,0,0,0,0,0,0,0,0,0
H,14,Conventional ,14_3,PULP,143PU,839.1111111,11.564476,6.3956769,3.645223,4.8559086,15.2922396,8.2302619,3.6572525,0,0,0,0,4154.528027,0.2883417,0,0,0,102.1568285,0,0,0,0,0,0,0,0,0,0,0,1163.116992,0,0,0,0,0
H,14,Conventional ,14_4,PULP,144PU,844.1132638,9.3055269,6.358529,9.4702005,6.2761847,26.9480661,11.1869396,4.8913622,0,0,0,0,5345.641232,65.9144955,0,0,0,106.7321734,0,0,8.8466575,0,0,0,0,0,0,0,0,1086.243361,0,0,0,0,0
H,14,Conventional ,14_5,PULP,145PU,839.1111111,13.5101483,5.4096302,6.1354723,15.7666341,16.7128717,8.8474602,5.7506544,0,0,0,0,4425.20854,365.0712571,0,0,0,116.4684557,0,0,0,0,0,0,0,0,0,0,0,965.3970568,0,0,0,0,0
H,14,Conventional ,14_1,SEED,141SD,830.9046455,0,75.9049647,106.4525609,12.3250443,118.742557,6.0567401,0,0,0,0,0,163.0426293,0,0,0,0,0,0,0,0,0,0,0,0,0,0,0,0,2086.587772,0,86.7351704,0,0,0
H,14,Conventional ,14_2,SEED,142SD,857.7486118,0,3.895097,12.6503027,0,26.9072612,10.2265497,4.0220894,0,789.064206,0,0,17355.01138,32.8162763,4515.054419,384.2896381,2951.354051,87.6283735,58.0840313,40.3094553,20.0063926,57.2204789,0,0,0,191.0899868,0,0,0,87699.66937,0,40.19135704,0,0,0
H,14,Conventional ,14_3,SEED,143SD,1288.376339,19.57,0,113.6193613,23.8553769,0,32.2440863,0,0,0,0,0,0,0,0,0,0,0,0,0,0,0,0,0,0,0,0,0,0,0,868.2677568,0,416.7307951,0,0
H,14,Conventional ,14_4,SEED,144SD,830.4985337,4.7905063,4.9191813,16.9376323,4.6470262,39.6046335,13.8566445,6.9811856,0,174.8740593,0,0,3928.602695,44.7794813,1858.651759,315.3863289,1335.957132,0,53.734451,39.576267,25.5048658,39.4450255,0,0,0,121.4425304,0,0,0,105837.1723,0,12.12641999,3.803935555,0,0
H,14,Conventional ,14_5,SEED,145SD,838.6969398,3.4250358,5.1466041,22.1020286,5.8200053,40.6700835,12.5273851,7.2855661,0,312.5857926,0,0,4362.757481,70.7544501,2798.863331,337.3000011,1496.043854,0,58.8949201,44.2014012,28.470144,50.8769827,0,0,0,168.965051,0,0,0,134518.3161,0,47.25259557,3.850335856,0,0
H,14,Conventional ,14_1,SKIN,141SK,849.6,5.3543325,2.8543463,0,5.7468434,9.1916591,6.9449314,3.2613801,1041.34296,0,0,0,3509.899059,0,4703.337975,0,8235.209737,40.2728983,139.8492175,79.2719117,47.5480392,44.4488922,324.5247569,3792.510692,1282.1503,1676.762215,3373.756754,45.45138533,6242.56637,1232.837795,0,0,0,0,0
H,14,Conventional ,14_2,SKIN,142SK,829.2825769,5.5388425,0,5.9000867,0,11.1499877,7.9437758,4.3398943,1108.657132,0,0,0,2187.040725,0,6245.476803,1011.116387,13576.17497,41.5058438,159.5816734,83.1100907,49.681784,43.4299989,0,2565.965275,0,1129.782566,2204.589107,33.22305177,3774.747776,1252.329823,0,0,4.061858808,0,0
H,14,Conventional ,14_3,SKIN,143SK,845.3731343,4.3463751,3.4100885,0,7.440553,9.7084156,6.9508627,0,1310.327571,0,0,0,3403.904757,0,11899.30156,927.5210821,11160.12155,42.9915456,203.5892184,117.9567882,69.5021092,68.0461999,1378.094587,19617.38894,4338.898159,4572.865775,9756.573482,83.37390493,13691.594,1818.713464,0,0,0,0,0
H,14,Conventional ,14_4,SKIN,144SK,825.2549781,0,4.8822471,0,0,17.4234432,9.5857543,8.9634025,0,0,0,0,1774.429177,0,6299.303421,657.6859958,6455.437564,54.1253795,138.1378271,0,0,89.5633131,170.1107343,6889.886705,1695.034327,3165.648675,5068.190516,46.39981835,9044.679937,2602.388063,0,0,0,0,0
H,14,Conventional ,14_5,SKIN,145SK,839.9406822,3.5919411,4.1586417,2.517522,11.1535017,13.8616961,10.3189573,3.7724779,558.7535971,0,0,0,1517.843512,0,4673.220433,0,7524.305925,39.4880935,173.5511575,113.8753747,95.4413052,124.524036,479.4832008,10486.4184,1697.929023,4163.129975,6606.189687,68.49071651,14793.66868,2995.7649,147.4330914,0,4.134552364,0,0
I,15,Conventional ,15_1,PULP,151PU,824.4541485,13.3337696,5.2426422,55.5438719,4.2261913,18.6731779,8.8381974,5.1523158,0,0,0,0,132.3865555,0,0,0,0,8.05551,0,0,0,0,0,0,0,0,0,0,0,0,0,0,3.240422813,0,0
I,15,Conventional ,15_2,PULP,152PU,866.9387755,10.3196931,8.8855207,8.2255888,5.3223985,13.2694783,7.0419193,8.2934782,0,0,0,0,6265.879721,0,1056.365674,0,1436.126483,77.5474696,0,0,0,0,0,0,0,0,0,0,0,443.6214097,0,0,0,0,0
I,15,Conventional ,15_3,PULP,153PU,832.1253673,10.508426,4.2844765,5.501601,4.5137142,16.45625,8.8657407,9.2129034,0,0,0,0,3885.513275,0,0,0,926.8015009,71.846113,0,0,0,0,0,0,0,0,0,0,108.3564812,0,0,0,0,0,0
I,15,Conventional ,15_4,PULP,154PU,830.0928188,13.7167816,6.9453877,13.8525478,7.0462933,19.7856654,6.4184151,10.7446229,0,0,0,0,7612.709942,19.7472484,0,0,729.9818145,118.0978463,0,0,0,0,0,0,0,0,0,0,459.4010217,1021.793255,0,0,0,0,0
I,15,Conventional ,15_5,PULP,155PU,828.0701754,12.4642185,5.1951238,8.3692472,0,18.3531052,9.3835419,6.2123128,0,0,0,0,6393.056259,0,0,0,657.8521602,103.8932792,0,0,0,0,0,0,0,0,0,0,0,794.6769007,0,0,0,0,0
I,15,Conventional ,15_1,SEED,151SD,830.4985337,0,3.3388789,20.7813539,0,30.575148,10.7265876,11.4242638,0,0,0,0,12630.95543,0,2282.994402,343.4277854,1860.366907,0,56.2295437,41.7396867,27.6520356,40.9633013,0,0,0,205.4778295,0,0,0,61313.30058,0,0,0,0,0
I,15,Conventional ,15_2,SEED,152SD,3398.4,0,0,0,0,9.6720739,0,0,0,0,0,0,12819.8896,0,3816.223875,0,1430.756021,0,43.8821651,30.9606733,0,0,0,0,0,0,0,0,0,59102.01312,0,0,0,0,0
I,15,Conventional ,15_3,SEED,153SD,826.8613139,0,0,0,0,0,0,0,0,0,0,0,18125.1033,341.3220028,5178.905512,0,2926.753671,16.7336762,92.201531,69.2676858,43.0157271,51.4168704,0,0,0,292.4554875,0,0,0,93327.74392,0,0,0,0,0
I,15,Conventional ,15_4,SEED,154SD,840.7718951,0,0,0,0,6.3067419,0,0,1102.800301,0,0,0,14492.14605,436.7348949,2823.500893,0,1613.16418,17.1524512,52.0657076,42.0637276,22.4347671,32.384778,0,0,0,311.3596826,0,0,0,81990.07306,0,0,0,0,0
I,15,Conventional ,15_5,SEED,155SD,857.7486118,0,5.2426423,17.2457452,4.9308769,33.1959756,15.3513877,6.6690998,0,428.8935617,0,0,11183.41524,0,2199.588753,316.2793665,1938.026089,8.153448,65.053511,39.0927924,28.2949445,40.3143278,0,0,0,198.8759523,0,0,0,46876.30957,0,5.185843897,4.198632369,0,0
I,15,Conventional ,15_1,SKIN,151SK,855.5891239,4.8500323,3.1989464,6.6615394,0,13.5846533,8.3028402,0,965.3737754,0,0,0,15.3210313,0,5746.887706,858.6253987,7250.455632,49.4370145,100.8423318,51.883028,0,25.9407538,0,1400.764269,0,1267.297765,3018.388003,30.32019606,4688.894612,1601.456142,0,0,0,0,0
I,15,Conventional ,15_2,SKIN,152SK,853.4404822,4.4723313,2.8997254,3.2232621,13.683918,11.188322,7.2483651,7.2381132,1708.282261,0,19.1638374,0,5118.575724,0,11934.34595,1048.930775,14160.57586,73.0620913,201.9856437,122.8942116,90.5058277,100.4002312,381.6277714,9246.19046,2679.349176,4282.692802,8366.621577,88.32824954,13518.96509,2875.326483,0,0,0,0,0
I,15,Conventional ,15_3,SKIN,153SK,853.0120482,0,5.5502804,8.7562463,21.7115751,16.5566992,18.317096,5.9442023,1356.435144,0,385.3915326,0,2651.616075,220.0405371,13553.1874,759.0591557,19137.03013,61.3401568,193.0714235,118.3598304,89.9054774,67.7198501,93.3000179,1694.466622,0,1552.823791,3801.593264,37.88306211,6143.50946,2092.228615,0,0,0,0,0
I,15,Conventional ,15_4,SKIN,154SK,850.8763145,3.3033941,4.8749986,4.8050346,14.6521599,8.9472327,4.9322878,5.8432329,1274.397076,0,0,0,3368.615347,0,10564.11422,1071.828449,11897.29653,42.5761913,197.9765029,127.2567821,87.693073,110.9940997,563.5526224,7818.606451,2289.982974,2906.586026,6532.810132,69.56952203,8517.262404,2282.487161,0,0,0,0,0
I,15,Conventional ,15_5,SKIN,155SK,855.5891239,3.9932601,4.9870392,2.433534,6.078999,12.9178124,8.1786458,2.66805,1574.75938,0,0,2202.50996,3840.680966,17.8622381,13176.52726,1307.577824,19064.57906,55.7013616,220.0639088,131.0481728,85.8379935,102.6370488,169.9901607,6228.561662,1980.160392,3146.941626,6596.322024,79.87704736,11070.23177,2267.962081,0,0,0,0,0
I,16,Organic ,16_1,PULP,161PU,867.381317,10.8795563,2.9222407,8.3882151,5.3374357,11.4873668,5.6937018,8.143312,541.0267492,0,0,0,8309.25968,269.1694198,1420.094225,0,2058.739689,147.4360906,25.6088635,12.3702185,0,0,0,0,0,0,0,0,0,1095.525087,0,0,0,0,0
I,16,Organic ,16_2,PULP,162PU,828.0701754,11.0626526,5.037484,5.1550451,4.8087649,15.8747387,8.1160122,3.9666362,0,0,0,0,4641.748262,390.3134341,0,0,328.8419636,128.6628756,0,0,0,0,0,0,0,0,0,0,0,766.6314048,0,0,0,0,0
I,16,Organic ,16_3,PULP,163PU,829.6875,12.8998667,0,8.0789443,5.9303907,15.6783972,9.2416898,3.941819,0,0,0,0,9566.589626,484.7290764,972.1142771,0,1586.773406,239.2350661,15.9072853,0,0,0,357.1851201,0,0,0,0,0,0,741.5568819,0,0,0,0,0
I,16,Organic ,16_4,PULP,164PU,861.663286,12.8022364,0,17.8781371,5.7568853,11.9324382,0,2.9783427,0,0,0,0,0,0,0,0,0,0,0,0,0,0,0,0,0,0,0,0,0,0,0,0,3.921612961,0,0
I,16,Organic ,16_5,PULP,165PU,819.6816208,10.3746364,5.5750296,7.2383501,0,0,5.9531503,0,693.9323945,0,0,0,9514.454968,38.4093511,965.7348015,0,542.8131903,50.832446,138.4215697,19.4162809,0,0,0,0,0,0,0,0,0,811.4233748,0,0,0,0,0
I,16,Organic ,16_1,SEED,161SD,843.2754342,12.545571,9.2015902,18.0773978,6.1950126,0,7.1259346,4.1558082,0,0,0,0,1341.847972,0,0,0,0,20.8363529,0,0,0,0,0,0,0,0,0,0,0,406.8165156,0,0,0,0,0
I,16,Organic ,16_2,SEED,162SD,855.5891239,0,42.3917838,0,7.040535,57.7412646,18.64098,11.0314602,0,0,0,0,15751.80897,364.3833007,3273.650326,0,2485.778892,13.5931943,94.4847355,61.6897643,44.1484433,54.8333159,0,0,0,357.9250844,0,0,0,83477.46374,0,0,0,0,0
I,16,Organic ,16_3,SEED,163SD,821.6634429,0,27.0678486,0,11.2871769,33.8223561,9.5149709,6.056511,0,0,0,0,15334.80884,315.5967455,3026.580583,0,2285.575161,10.5674113,94.5170111,60.3073796,39.1535231,46.897597,0,0,0,327.312177,0,0,0,78200.23897,0,0,4.440780716,0,0
I,16,Organic ,16_4,SEED,164SD,828.8780488,0,4.4737935,10.9714576,0,31.9936063,9.9524552,5.1848963,0,0,0,0,17745.34674,78.8054152,3242.811057,406.3836169,2386.744159,14.1398997,94.2685587,64.0203913,45.5454789,60.4198512,0,0,0,298.0216396,0,0,0,99655.39495,0,31.68059421,0,0,0
I,16,Organic ,16_5,SEED,165SD,844.5328032,0,3.9486484,18.6846726,4.8424431,29.6379565,9.4832731,6.4901324,0,0,0,0,20326.80752,66.883225,4048.740875,376.155447,2491.982296,11.2459915,93.1627641,56.8526609,39.4582844,63.1836138,0,0,0,314.0178929,0,9.98834267,250.5433767,90188.73065,0,63.87046121,4.006467703,0,0
I,16,Organic ,16_1,SKIN,161SK,849.1754123,5.5134829,0,11.820727,15.8735954,12.0252574,8.3975906,0,1838.632034,0,358.2910836,0,5661.844413,0,7210.025652,1198.202357,13362.7459,67.8351595,158.8307919,87.3194779,63.1480179,61.1186105,956.05751,10234.70429,2800.088567,3385.169377,6942.111438,71.97253552,14200.10476,2124.203888,85.81256584,0,0,0,0
I,16,Organic ,16_2,SKIN,162SK,850.0250125,5.9147451,5.2992742,0,6.5407406,12.6876112,8.6652134,3.943752,1949.404103,0,545.2520408,0,4959.060015,284.9066462,5327.534329,1319.821528,15311.70472,102.7272681,157.5416383,91.8693769,63.1474322,59.3734892,501.5069038,3739.395428,1485.284617,1840.785176,3960.539569,57.64236668,8247.618097,2083.33025,0,0,4.154732895,0,0
I,16,Organic ,16_3,SKIN,163SK,842.0218038,6.4300586,4.1855854,3.3297815,7.4138664,12.5713774,10.6848445,4.8767676,1877.020765,0,762.7317945,0,7555.320838,92.7954267,7951.287921,721.6816147,11437.27006,140.0977935,131.5794488,72.2571755,51.3231991,50.1309185,436.5769024,4633.28596,1766.197866,1846.608262,4582.374705,49.3898468,6745.221364,4847.276391,0,0,3.966586146,0,0
I,16,Organic ,16_4,SKIN,164SK,855.5891239,6.0713835,14.8010428,36.358007,9.2472426,12.5288572,8.0553718,0,2612.722666,0,76.0560651,0,8331.912949,38.7667912,10187.36965,1395.564028,14516.54582,127.8539924,203.6022476,120.7622237,87.1202998,110.9973792,591.1872623,14602.67704,3670.129015,5348.851614,11057.08643,118.6085686,18138.92177,4008.004039,0,0,0,0,0
I,16,Organic ,16_5,SKIN,165SK,819.6816208,6.2481736,6.319133,0,5.9030939,8.5430924,7.4220081,3.7884829,1973.895892,0,434.29841,0,6067.35605,268.8565085,5972.719736,0,11283.85421,81.1552742,160.6747044,91.4345427,59.6249529,63.0230085,714.837037,8981.340232,2191.969254,3326.974089,6819.626267,88.93790432,13695.6066,2162.165443,50.1265976,0,3.920891325,0,0
J,17,Conventional ,17_1,PULP,171PU,834.5776031,10.7164616,4.3247616,13.7061513,0,17.2208022,7.9287617,8.913972,0,0,0,0,370.6184566,0,0,0,0,0,0,0,0,0,0,0,0,0,0,0,0,0,0,0,0,0,0
J,17,Conventional ,17_2,PULP,172PU,829.2825769,18.5850149,8.4845268,0,0,0,7.1647526,3.5802542,0,0,0,0,1153.980479,0,0,0,0,19.459968,0,0,0,0,0,0,0,0,0,0,0,343.5126985,0,0,0,0,0
J,17,Conventional ,17_3,PULP,173PU,844.5328032,8.3677033,4.4907728,7.2607936,0,13.6294048,3.7204815,0,0,0,0,0,0,0,0,0,0,11.7478112,0,0,0,0,0,0,0,0,0,0,0,368.549025,0,0,0,0,0
J,17,Conventional ,17_4,PULP,174PU,839.1111111,12.5185832,4.2338993,9.4571175,5.4163203,13.7186989,8.168874,5.1683147,0,0,0,0,1332.311026,0,0,0,0,19.9864174,0,0,0,0,0,0,0,0,0,0,0,308.4314163,0,0,0,0,0
J,17,Conventional ,17_5,PULP,175PU,845.3731343,10.9133245,5.8265752,5.823504,0,14.5945259,8.0588914,8.1162777,0,0,0,0,881.0559658,0,0,0,0,16.2039001,0,0,0,0,0,0,0,0,0,0,0,602.9999366,0,0,0,0,0
J,17,Conventional ,17_1,SEED,171SD,859.9190283,0,0,17.6219415,6.1044395,22.0248091,6.7747524,4.4200825,0,0,0,0,13907.04031,1.8314011,4904.434362,391.2441084,3766.582855,0,98.2955954,61.3909588,35.9797561,26.6985174,0,0,0,256.9758223,0,0,0,59852.76596,0,43.97971963,0,0,0
J,17,Conventional ,17_2,SEED,172SD,829.6875,0,0,0,0,7.2343342,22.1503921,0,0,0,0,0,0,0,0,0,0,0,0,0,0,0,0,0,0,0,0,0,0,1016.050897,0,0,2.454213776,0,0
J,17,Conventional ,17_3,SEED,173SD,852.5840442,0,2.4254407,9.8429894,5.2633757,25.4769862,9.0405664,4.2655658,0,0,0,0,7725.081269,0,2309.869969,0,2305.482181,0,61.5111088,33.8085075,18.6756133,0,0,0,0,191.9577558,0,0,0,30961.49125,0,0,3.941202262,0,0
J,17,Conventional ,17_4,SEED,174SD,834.987715,0,0,17.922533,6.2554686,18.1947132,7.5520635,9.8296305,0,0,0,0,10605.27877,0,2906.971333,339.2627027,2464.193892,0,62.6202495,34.2215105,0,0,309.1357522,0,0,178.8719654,0,0,0,49436.85198,0,0,0,0,0
J,17,Conventional ,17_5,SEED,175SD,823.255814,0,13.9494594,0,5.4531755,24.4539074,9.0632984,3.9664893,0,0,0,0,9914.140441,275.9474884,2956.933905,0,3379.36873,0,81.0263379,47.2640184,27.2448614,20.9169541,0,0,0,204.7849504,0,0,0,34737.8259,0,0,3.814492566,0,0
J,17,Conventional ,17_4,SKIN ,174SK,859.9190283,19.76,0,0,0,0,0,0,0,0,0,0,0,2169.289538,0,0,1180.472672,5430.615183,0,77.7269576,0,0,0,2204.864688,19305.82387,5117.334155,2217.719416,4622.070892,44.14024081,6082.375299,745.6646246,0,0,0,0
J,17,Conventional ,17_1,SKIN,171SK,848.3275087,3.8055695,3.7389679,5.187882,0,8.6733845,5.692711,2.953245,325.0156696,0,0,0,531.3325928,400.4355777,1141.179102,1537.938481,0,60.5278885,31.4586766,18.2537086,0,0,321.8610432,1371.438555,0,767.5187831,1018.121267,19.51304029,2242.647786,506.0301694,0,0,4.291515127,0,0
J,17,Conventional ,17_2,SKIN,172SK,836.6322009,3.543689,4.0999989,3.1832651,8.0065306,10.5230889,10.3715344,3.2601796,477.9244768,0,266.3141435,0,664.7314954,0,3592.088611,0,5737.187134,7.8225722,56.4818589,32.2725642,24.6316299,18.5922202,508.1310372,8982.135547,2434.198119,2269.889961,4775.016927,49.15931336,6884.910924,1301.809523,0,0,0,0,0
J,17,Conventional ,17_3,SKIN,173SK,828.0701754,6.195906,4.1900823,7.5022121,8.4305531,11.497075,5.6690782,3.2177253,584.2207711,0,0,0,1158.232786,0,2342.218744,0,5438.115534,0,67.0539559,35.6492524,25.0465719,0,561.8676054,9356.638922,1805.191382,2222.417495,4422.71372,53.60364283,8532.561904,769.5739752,0,0,0,0,0
J,17,Conventional ,17_5,SKIN,175SK,745.6646246,19.76,0,0,0,0,0,0,0,0,0,0,0,2169.289538,0,0,1180.472672,5430.615183,0,77.7269576,0,0,0,2204.864688,19305.82387,5117.334155,2217.719416,4622.070892,44.14024081,6082.375299,859.9190283,0,0,0,0
K,18,Conventional ,18_1,PULP,181PU,833.3496812,14.7571739,6.5897602,20.1620482,8.7313599,18.8115387,3.8194901,7.3039282,517.0749784,0,0,0,10981.32391,312.826253,1173.397357,0,1571.387768,236.8031629,18.0677314,0,0,0,0,0,0,0,0,0,0,790.4009094,0,0,0,0,0
K,18,Conventional ,18_2,PULP,182PU,852.5840442,11.7826405,3.4597072,5.4212183,6.0775696,11.0417563,7.3467456,3.04432,0,0,0,0,4774.827675,263.1885751,0,0,354.8827648,97.0851595,0,0,0,0,0,0,0,0,0,0,0,234.1838405,0,0,0,0,0
K,18,Conventional ,18_3,PULP,183PU,851.3026052,15.1059858,0,0,11.9683021,13.5599585,5.8166591,5.3242302,0,0,0,0,8135.802255,259.7454243,0,0,5533.73283,0,0,14.5471485,0,0,0,0,0,0,0,0,0,293.6904994,0,0,0,0,0
K,18,Conventional ,18_4,PULP,184PU,854.7283702,5.9916174,5.1171066,28.1833294,5.1077554,11.326271,6.7814528,4.5145323,0,0,0,0,7735.980756,0,0,0,1063.438267,126.9246561,0,0,0,0,0,0,0,0,0,0,0,0,0,0,0,0,0
K,18,Conventional ,18_5,PULP,185PU,826.459144,10.3750891,6.0893057,22.5091247,0,16.5192135,5.2262241,0,0,0,0,0,9944.349651,0,1567.659033,0,2109.273096,122.2304718,28.1876055,0,0,0,0,0,0,0,0,0,0,0,0,0,0,0,0
K,18,Conventional ,18_1,SEED,181SD,862.1004566,0,1.526787,4.2153701,2.9178171,17.2177085,5.2501981,3.265395,0,0,0,0,299.9392675,6539.463015,1886.022787,898.8269304,1343.910969,9.7162138,41.0515573,23.2920142,14.9709726,17.388746,0,0,0,164.505096,0,0,0,46898.36699,0,0,3.975290696,0,0
K,18,Conventional ,18_2,SEED,182SD,829.2825769,0,12.7852915,0,0,19.5423519,6.6585763,7.9359287,0,0,0,0,16025.01022,75.137005,2760.362838,332.2553642,2157.08209,0,66.8748499,44.3879719,27.755497,38.8684146,0,0,0,212.2736804,0,4.867875872,83.94733735,61883.08783,0,24.22759519,0,0,0
K,18,Conventional ,18_3,SEED,183SD,843.2754342,0,0,13.7354248,5.4440746,27.7949755,7.246526,4.3021376,0,0,0,0,23842.26723,472.7515378,3247.765452,0,3172.481713,24.5567234,88.2293059,53.2733704,33.3126472,40.9741486,0,0,0,222.2349962,0,0,0,122953.1358,0,0,4.030534463,0,0
K,18,Conventional ,18_5,SEED,185SD,859.4840668,0,2.7881398,13.7719692,4.3746658,27.8651743,10.0101107,5.7254862,0,0,0,0,20247.51045,0,3261.794301,1377.106299,2803.502513,67.6519406,47.8535574,29.1994905,0,0,0,0,0,240.5300377,0,0,300.7997797,70918.34604,0,0,3.995928034,0,0
K,18,Conventional ,18_1,SKIN,181SK,863.8535841,3.9040927,4.2847073,5.4232979,5.9932677,13.6428115,7.3286058,5.6740306,1233.050078,0,0,3725.235608,9342.050517,0,10838.26589,734.222099,8176.987598,92.671425,186.3561665,107.604109,89.1182698,100.4767767,4593.510575,58922.3253,11320.2225,10347.12851,20452.85723,179.9444824,39640.66493,3928.478518,60.03652346,0,0,0,0
K,18,Conventional ,18_2,SKIN,182SK,801.8876829,2.9982923,0,11.1027365,11.7210317,10.4255589,8.7188149,3.2126584,1639.936565,0,0,0,4572.042829,0,6434.501547,871.8396852,11418.68735,56.9278851,168.2774292,90.6929382,57.0468841,60.1171066,1766.804785,33762.60813,4451.947263,5941.982637,13125.88216,111.7043373,21022.93839,1530.90068,142.0968469,0,4.535224274,0,0
K,18,Conventional ,18_3,SKIN,183SK,844.5328032,4.2104874,4.0967075,4.5385262,7.5443068,11.2608989,7.5950196,2.4185141,946.2889005,0,0,0,4620.785873,0,6679.132764,881.0701943,8039.425881,53.4435479,160.8318563,91.5693698,61.613076,83.5549382,2656.904055,34087.30474,4771.46023,6876.060873,14767.38365,127.7044872,33726.10688,1953.436772,197.1104997,0,4.112884181,0,0
K,18,Conventional ,18_4,SKIN,184SK,855.1585304,4.6268204,4.00548,3.8697091,12.346328,14.0773714,8.8943173,0,1213.068406,0,0,7384.308845,5721.854453,0,1539.442423,1639.292003,7133.434312,69.5233266,165.8501149,92.0936201,63.1130046,80.7215399,91621.29917,10995.58176,10209.85221,3678.522462,22571.83651,127.1281048,29799.16361,2680.533175,0,0,0,0,0
K,18,Conventional ,18_5,SKIN,185SK,820.4732014,4.1027683,4.4090571,11.5791071,8.7350158,3.9245924,6.9630364,6.2970205,1267.575313,0,0,1990.777184,10649.4683,0,9826.693279,723.2435219,8193.75995,113.8197815,175.2451027,96.8946108,88.3869145,96.8042489,6177.630537,69920.63567,15642.81798,13239.40609,23075.93764,145.2476783,43210.02187,4906.302564,64.67768207,0,0,0,0
L,19,Organic ,19_1,PULP,191PU,840.7718951,15.330105,6.2776729,13.1679473,0,12.7772056,0,3.6883968,0,0,0,0,0,0,0,0,0,0,0,0,0,0,0,0,0,0,0,0,0,0,0,0,0,0,0
L,19,Organic ,19_2,PULP,192PU,847.9041916,14.4091466,0,8.0073074,0,10.62313,6.0677995,0,0,0,0,0,4396.030805,342.2143694,0,0,0,108.0001886,0,0,0,0,0,0,0,0,0,0,0,892.2606351,0,0,0,0,0
L,19,Organic ,19_3,PULP,193PU,830.4985337,20.1139955,15.6379415,0,0,0,6.9830136,0,0,0,0,0,4147.41841,275.1281245,0,0,480.7578881,81.9661629,0,0,0,0,0,0,0,0,0,0,0,259.7148767,0,0,0,0,0
L,19,Organic ,19_4,PULP,194PU,852.5840442,10.400937,4.5856922,8.3687259,0,9.6581229,5.4450448,6.925403,0,0,0,0,2612.015648,0,0,0,0,68.703251,0,0,0,0,0,0,0,0,0,0,0,0,0,0,0,0,0
L,19,Organic ,19_5,PULP,195PU,828.4739152,12.4217799,7.7371175,3.8381384,46.5461439,12.4385157,35.0574043,8.7199213,0,0,0,0,3622.20323,11.2164644,0,0,0,112.3309556,0,0,0,0,0,0,0,0,0,0,0,1177.546017,0,0,0,0,0
L,19,Organic ,19_1,SEED,191SD,841.1881188,0,4.0797333,2.3518349,0,12.6255831,5.5421164,2.6093916,0,0,0,0,9262.150977,0,1678.844449,0,1189.274436,0,45.6360037,23.8834213,14.2146095,0,0,0,0,146.6867463,0,0,0,56984.76772,0,7.933274063,3.687072906,0,0
L,19,Organic ,19_2,SEED,192SD,845.7939273,0,0,13.2872662,0,13.5018143,5.8639517,6.3277287,0,0,0,0,12799.52861,0,2250.45452,317.8984432,1765.124254,0,56.8324475,34.4560304,17.8864265,0,0,0,0,170.8587111,0,0,0,72853.5841,0,8.610320686,0,0,0
L,19,Organic ,19_3,SEED,193SD,873.6246787,0,79.8075114,116.0530193,11.3377327,112.768359,10.0391588,0,0,0,0,0,0,0,0,0,0,0,0,0,0,0,0,0,0,0,0,0,891.0517611,4085.208958,0,198.308905,4.501494917,0,0
L,19,Organic ,19_4,SEED,194SD,7584.777448,18.93,0,219.6325808,19.5553829,0,106.7268473,0,0,3862.329519,0,0,0,0,0,0,0,0,0,0,0,0,0,0,0,0,0,0,0,0,897.6228209,0,2003.814371,0,0
L,19,Organic ,19_5,SEED,195SD,820.8695652,0,7.3585038,0,0,16.3566458,6.1843132,2.5063339,0,0,0,0,12628.04292,265.4891413,2165.5752,0,1741.072693,6.6559684,56.3161149,35.4187514,20.2216986,0,0,0,0,239.9081883,0,0,0,68981.24628,0,0,4.237552055,0,0
L,19,Organic ,19_1,SKIN,191SK,836.2204724,4.8876805,2.1621825,11.4229297,3.8572,6.8182152,5.6042852,2.2673837,747.2083237,0,0,0,1113.794603,0,7609.138319,524.3861123,8125.396169,25.3276821,127.665971,66.8946336,11.6636396,51.1882929,3483.854528,261.4818391,1664.387435,1957.360228,0,0,3814.261864,1237.083386,0,0,3.917316579,0,0
L,19,Organic ,19_2,SKIN,192SK,836.6322009,6.1317043,0,2.5905505,0,7.85828,5.5907217,2.4304224,955.4837366,0,0,0,2040.60965,0,8585.904033,0,10096.3665,36.5273004,153.0270737,81.0248473,56.0264545,45.1014388,430.6385757,9000.956074,1764.667124,2063.983789,3879.536017,51.3069729,9288.934839,1579.144198,0,0,0,0,0
L,19,Organic ,19_3,SKIN,193SK,834.987715,5.0862806,4.9131295,3.5428467,6.0429091,9.3445151,7.6370259,0,1107.827612,0,0,0,1666.520573,0,7324.942236,930.3408234,13272.8667,46.3259121,185.0790714,98.7080236,56.5457748,55.228736,0,5413.495739,1498.625755,2001.341927,3566.223187,58.36570111,8602.529467,1585.107914,0,0,0,0,0
L,19,Organic ,19_4,SKIN,194SK,845.3731343,5.3617135,4.510091,2.6469748,6.12634,7.8555895,6.3232891,0,893.8878645,0,0,0,2208.421581,0,5280.187445,0,9402.732984,34.1508869,146.5530718,79.8838496,47.5890216,50.6168273,619.0299882,10654.93602,2058.751558,2390.043503,4907.690828,57.02960398,9974.416774,1307.295977,0,0,0,0,0
L,19,Organic ,19_5,SKIN,195SK,857.7486118,5.3623343,5.4770065,2.3229706,0,10.6924879,6.4638769,0,1130.994113,0,0,0,1644.0143,0,6722.522302,613.3313846,7706.718499,39.7202754,121.6526755,63.4589024,37.7926268,49.8322589,107.9128103,3844.406734,1403.880616,1600.565162,3699.554431,39.72730304,5799.334796,2026.587216,0,0,4.064689623,0,0
L,20,Conventional ,20_1,PULP,201PU,829.6875,16.1158985,0,0,0,0,6.7858856,4.4828507,0,0,0,0,5006.537938,297.1637924,0,0,0,103.2352479,0,0,0,0,0,0,0,0,0,0,0,946.9309963,0,0,5.82977627,0,0
L,20,Conventional ,20_2,PULP,202PU,850.4504505,15.4698573,4.4796553,9.9927511,0,10.5999422,7.5489716,9.3138885,658.736988,0,0,0,10778.63181,0,1484.808596,0,1775.668941,177.9450285,22.8537354,15.2095521,0,0,0,0,0,0,0,0,0,0,0,0,0,0,0
L,20,Conventional ,20_3,PULP,203PU,829.2825769,13.3106105,0,3.3006023,0,0,5.7406095,4.6577674,0,0,0,0,7035.302994,0,612.1033221,0,878.6825049,64.9499637,12.4694808,0,0,0,0,0,0,0,0,0,0,0,0,0,0,0,0
L,20,Conventional ,20_4,PULP,204PU,841.6047548,14.1649049,4.2561444,4.6901615,0,0,4.4105128,0,0,0,0,0,5743.65645,273.9225123,0,0,398.2290075,116.3260185,0,0,0,0,0,0,0,0,0,0,0,235.2357123,0,0,0,0,0
L,20,Conventional ,20_5,PULP,205PU,837.4568753,12.9391553,0,8.4765891,0,0,6.3675686,0,0,0,0,0,7338.745321,326.4165589,0,0,906.4768929,119.6976661,0,0,0,0,0,0,0,0,0,0,0,346.3615885,0,0,0,0,0
L,20,Conventional ,20_1,SEED,201SD,854.7283702,0,0,0,0,2.2483594,0,0,846.2762989,0,434.8362753,0,7978.344497,278.2402189,1962.893059,0,1315.062517,20.5154284,7.7479183,0,0,0,0,0,0,0,0,0,0,42828.06223,0,0,0,0,0
L,20,Conventional ,20_2,SEED,202SD,824.8543689,0,0,0,0,11.454673,5.8803345,0,0,269.7435137,0,0,6093.128779,0,913.9663641,0,695.0348776,0,24.9832683,15.1232048,8.1592945,0,0,0,0,0,0,0,84.21578299,28717.89094,0,0,0,0,0
L,20,Conventional ,20_3,SEED,203SD,851.3026052,0,0,3.8447126,0,12.31196,7.5058674,5.5181681,0,0,0,0,13105.31479,25.0098996,2555.005953,304.6215302,1807.19833,0,57.0749853,36.4096331,19.2748836,17.3934822,0,0,0,167.5442908,0,0,0,60418.24534,0,4.839086889,0,0,0
L,20,Conventional ,20_4,SEED,204SD,854.2986425,0,0,2.2746423,0,10.5711207,5.780171,2.6687279,0,0,0,0,4595.333087,0,460.5473922,0,570.3413694,0,14.6494618,8.513088,0,0,0,0,0,0,0,0,0,20746.43576,0,0,3.76168759,0,0
L,20,Conventional ,20_5,SEED,205SD,824.0543162,0,2.9687739,3.6767573,0,10.0953322,5.7483158,0,0,0,0,0,10883.03282,4.1028352,1860.155215,0,1394.196405,0,43.8119396,26.5549975,14.6252641,0,0,0,0,128.8634669,0,0,0,57888.46656,0,5.9204327,0,0,0
L,20,Conventional ,20_1,SKIN,201SK,826.459144,5.8423524,6.0908712,9.1806261,20.1725887,0,4.540444,0,1301.344619,0,0,0,2232.066241,0,9826.09164,371.3398932,6387.960409,32.8033152,128.7783949,64.854005,31.8546896,29.1570789,472.7466998,16832.42043,3939.059715,3726.221938,6812.43915,56.83232653,14659.15036,1691.465617,0,0,0,0,0
L,20,Conventional ,20_2,SKIN,202SK,862.97613,6.1383156,3.5238126,2.7635912,9.5784065,7.3584328,6.5427969,2.0913886,1165.150971,0,0,7559.369,3078.696977,0,1658.810386,0,1004.452062,47.3437296,167.1986487,92.2236039,69.8162472,79.8407798,25842.14104,2010.203001,4773.41232,1070.231304,8546.303026,86.68214738,17670.7304,1609.369169,47.97729746,0,4.092623026,0,0
L,20,Conventional ,20_3,SKIN,203SK,849.6,5.2572018,0,0,11.8627707,0,4.932442,0,1534.82278,0,0,0,5290.406342,0,10000.21268,554.2572765,6512.333969,53.473051,131.7395768,63.1411023,26.3958941,47.7243444,415.1247618,13367.69263,3131.583515,3594.362873,7024.592218,42.15994984,14664.25,1835.620814,0,0,0,0,0
L,20,Conventional ,20_4,SKIN,204SK,857.3158426,4.8382874,2.5540942,0,0,6.8953682,5.2079998,0,980.9284339,0,0,0,1467.509463,0,15763.32735,785.6654348,11136.11625,45.8937895,203.9642879,104.4448462,27.2434567,71.5498955,120.7351994,7190.434856,2043.699047,2487.237518,5146.111499,46.2478971,11695.26823,1791.605856,2.645943482,0,0,0,0
L,20,Conventional ,20_5,SKIN,205SK,842.0218038,6.9693711,0,0,6.804618,0,5.7881361,0,1192.36893,0,0,0,3760.517441,0,9686.715807,901.7240519,9674.446817,61.1913091,170.2879222,86.6674384,32.0698814,44.77278,0,1583.876804,1406.989916,1468.767335,2658.833315,25.6504708,6765.285842,1394.198311,71.23073087,0,4.070991486,0,0
M,21,Organic ,21_1,PULP,211PU,840.3560831,14.7485123,3.9168558,0,0,8.7624802,5.8939214,6.6944307,0,0,0,0,5175.077848,0,691.131122,0,1050.297051,81.2444873,15.0182166,0,0,0,0,0,0,0,0,0,0,0,0,0,0,0,0
M,21,Organic ,21_2,PULP,212PU,847.4812968,7.1547463,2.5656642,1.9693313,2.1865648,4.943313,0,3.2359173,304.0679161,0,0,0,3396.784642,0,274.4955637,0,864.0240711,68.0686357,9.382325,0,0,0,0,0,0,0,0,0,0,0,0,0,3.593494026,0,0
M,21,Organic ,21_3,PULP,213PU,854.7283702,13.5146378,4.8282563,5.3906099,4.3295595,10.32151,6.4873335,0,0,0,0,0,5383.001869,285.9963249,0,0,753.0623236,129.3190998,0,0,0,0,0,0,0,0,0,0,0,705.6894555,0,0,0,0,0
M,21,Organic ,21_4,PULP,214PU,825.2549781,12.4243059,5.2599679,0,0,9.9437239,5.3767667,7.3083417,0,0,0,0,4826.01966,276.5419158,0,0,702.0450446,90.6044205,0,11.3052659,0,0,0,0,0,0,0,0,0,327.356122,0,0,0,0,0
M,21,Organic ,21_5,PULP,215PU,847.0588235,10.8793559,0,7.7043601,0,12.0054369,5.6621764,0,0,0,0,0,4856.749942,309.0740069,0,0,516.8440996,97.7429748,0,0,0,0,0,0,0,0,0,0,0,498.536693,0,0,0,0,0
M,21,Organic ,21_1,SEED,211SD,865.6138563,0,0,0,0,0,0,0,0,528.9952255,0,0,14937.72665,18.4704641,4799.442354,0,2620.914452,0,69.2204573,41.1932791,25.5780691,27.5435337,0,0,0,315.0827943,0,0,0,81777.07489,0,0,0,0,0
M,21,Organic ,21_2,SEED,212SD,824.4541485,0,0,0,50.4077157,16.5610865,9.3107722,3.3606889,0,452.0183399,0,0,7304.020327,0,1842.503419,0,1294.630598,0,31.4846791,18.0980195,0,0,0,0,0,0,0,0,255.0940212,45484.47089,0,0,0,0,0
M,21,Organic ,21_3,SEED,213SD,851.7293233,0,84.9320287,160.5274012,43.7103516,120.8604106,8.7470714,0,0,0,0,0,0,0,0,0,0,0,0,0,0,0,0,0,0,0,0,0,0,8924.347632,0,988.9051315,6.509881126,0,0
M,21,Organic ,21_4,SEED,214SD,842.8571429,0,2.385201,10.6235327,0,19.3442317,8.5505385,4.4586563,0,0,0,0,10639.12926,0,2380.612128,0,2065.880563,0,54.9495771,35.0622587,21.909875,27.1486893,0,0,0,150.9604396,0,0,0,57388.41088,0,6.919395149,4.119571527,0,0
M,21,Organic ,21_5,SEED,215SD,836.6322009,0,0,0,25.8495785,16.7480348,10.2059807,4.7512615,0,756.1651274,0,0,13458.95358,16.7685844,4363.511104,298.9127389,2607.931544,0,60.8361632,40.1080692,22.8726538,22.005601,0,0,0,0,0,0,616.6006725,69714.56919,0,37.86698435,0,0,0
M,21,Organic ,21_1,SKIN,211SK,844.1132638,0,0,3.1124887,0,9.7972619,8.259527,3.426357,2087.154493,0,0,0,1723.623241,281.2188291,13613.92208,1015.797792,12809.90902,36.1784501,231.2453551,160.2504756,84.3269986,0,591.2229868,14670.24496,2984.776181,4015.572261,8104.102853,66.83286454,17044.06191,2348.451014,205.3078497,0,0,0,0
M,21,Organic ,21_2,SKIN,212SK,862.1004566,6.7388412,4.2419041,3.2805866,6.2143598,8.4490492,6.8214889,0,1245.939509,0,0,0,2274.929854,0,5202.211482,0,8032.756955,37.5606821,130.361497,67.9845173,40.2008287,56.4521735,407.9380672,7462.364884,2107.56279,2316.266999,4309.847399,58.70076396,9925.617671,1221.547695,0,0,0,0,0
M,21,Organic ,21_3,SKIN,213SK,846.6367713,5.301595,5.5495439,4.2047865,5.1337933,8.8674808,6.4011727,6.1699044,1160.809732,0,9.362773,0,1715.651608,0,6308.363008,508.5907863,5619.653009,23.9988306,97.0430105,51.784967,29.2140399,40.3069275,202.4870802,5037.660923,1808.146606,1626.222655,3550.180205,35.66290838,6297.609612,1070.985486,0,0,4.160694987,0,0
M,21,Organic ,21_4,SKIN,214SK,842.4392662,12.8693632,10.7997674,14.4864687,0,19.0854145,15.6595809,14.5160947,3648.711523,0,0,0,5210.225852,0,31152.9361,1553.052637,24022.91196,82.3516692,461.6967674,274.9460161,154.0046444,220.1379195,724.0433954,23397.88994,5326.112688,8228.29392,16760.32246,177.3497591,27686.41725,3191.150875,0,0,0,0,0
M,21,Organic ,21_5,SKIN,215SK,857.3158426,0,5.2845556,0,8.9792951,10.4114883,12.4562508,4.0123187,1328.206705,0,0,0,3236.023421,345.8950628,7798.222195,0,7968.615189,42.1175299,160.0475523,74.861927,21.4028691,0,1551.871552,5528.075585,2710.279248,3053.779298,5832.409916,47.81555116,10820.19321,1267.848595,0,0,0,0,0
M,22,Conventional ,22_1,PULP,221PU,867.381317,10.5944301,5.9732044,5.790485,12.0486976,15.4934656,4.8800117,5.6561778,0,0,0,0,1595.317504,0,0,0,0,20.7128404,0,0,0,0,0,0,0,0,0,0,0,0,0,0,0,0,0
M,22,Conventional ,22_2,PULP,222PU,842.8571429,10.4016868,3.8101578,3.5221798,44.5396989,11.4429502,10.2368459,19.8304411,0,0,0,0,2337.328633,0,0,0,0,46.705077,0,0,0,0,0,0,0,0,0,0,0,0,0,0,0,0,0
M,22,Conventional ,22_3,PULP,223PU,842.8571429,12.7822712,4.7589941,5.7802812,14.8025859,6.5922865,10.1734928,0,0,0,0,0,3093.460469,0,0,0,0,51.2915269,0,0,0,0,0,0,0,0,0,0,0,305.4369922,0,0,0,0,0
M,22,Conventional ,22_4,PULP,224PU,858.6154624,10.5155108,4.5649465,5.2793397,14.5438342,6.8856829,9.9560235,0,0,0,0,0,1826.370429,0,0,0,0,37.2271284,0,0,0,0,0,0,0,0,0,0,0,323.8952055,0,0,0,0,0
M,22,Conventional ,22_5,PULP,225PU,844.9527598,5.8638497,0,17.4934763,3.7823092,6.2189595,0,3.9091399,0,0,0,0,0,0,0,0,0,0,0,0,0,0,0,0,0,0,0,0,0,0,0,0,0,0,0
M,22,Conventional ,22_1,SEED,221SD,846.6367713,0,2.3381766,5.1943895,0,18.8728779,6.5355633,3.9462653,0,0,0,0,17347.98909,0,5338.460564,413.0828144,3260.245502,12.8742096,99.9936796,62.6844028,40.9676102,57.5851965,0,0,0,250.2260402,0,0,0,75364.97765,0,19.61775274,0,0,0
M,22,Conventional ,22_2,SEED,222SD,1809.584665,0,5.341157,0,0,24.1980105,5.2305566,8.0521044,0,359.2502196,0,0,41965.37234,0,11865.947,985.3624882,7575.911591,63.1221913,231.908869,153.0213047,112.0091753,157.1144399,0,0,0,388.5133535,0,0,0,172756.6125,0,57.29070436,8.594328171,0,0
M,22,Conventional ,22_3,SEED,223SD,1328.53792,0,0,15.4252591,0,25.2750791,13.4596468,0,0,0,0,0,17745.11426,600.7898602,2737.038614,0,1712.599937,0,77.9423039,50.2767171,0,0,0,0,0,0,0,0,260.0054572,128318.0511,0,0,0,0,0
M,22,Conventional ,22_4,SEED,224SD,841.6047548,0,0,4.5873259,0,23.3661178,10.0866511,3.7853812,0,387.6180659,0,0,13030.67068,0,3109.429249,313.726985,2357.106988,10.7086775,68.0019671,42.8854861,23.6001579,18.0124276,0,0,0,207.4811046,0,0,0,68704.07926,0,16.31319385,0,0,0
M,22,Conventional ,22_5,SEED,225SD,12775.93985,0,0,344.9225673,0,0,0,0,0,0,0,0,70706.03272,0,7524.341849,0,7701.412143,0,280.4150006,0,0,0,0,0,0,0,0,0,0,318187.8188,0,0,0,0,0
M,22,Conventional ,22_1,SKIN,221SK,818.8915663,0,5.2328503,9.2514324,4.5644376,9.3917361,8.3175409,0,0,0,0,0,697.5779218,0,3852.677391,305.1353901,4062.173665,0,65.411964,33.7365056,0,21.0335849,0,4220.861642,1384.402057,1663.629645,3163.688352,37.26998584,6532.172222,862.2420427,0,0,0,0,0
M,22,Conventional ,22_2,SKIN,222SK,809.5283468,3.2211262,0,5.447813,4.9882261,10.1439601,6.9084839,4.5056206,446.7995392,0,0,0,959.4767144,0,3574.907785,0,5007.559892,11.0167566,83.5558237,42.7471746,28.5655558,0,0,3614.982664,0,1417.46915,2170.451459,36.3922252,5379.171244,647.8072865,0,0,0,0,0
M,22,Conventional ,22_3,SKIN,223SK,839.5256917,6.7727756,6.2991344,0,4.2950846,11.0421201,7.132269,6.6609394,1340.053957,0,122.8927611,0,1464.990547,0,5014.060172,504.4216621,5528.717214,23.357118,107.2972197,60.7356033,38.8696418,52.0047408,0,4677.664164,1424.020067,1751.057371,3523.417365,34.86094422,6295.251636,1031.491644,0,0,0,0,0
M,22,Conventional ,22_4,SKIN,224SK,818.1030332,6.2167092,6.2077844,2.5250404,5.6141561,10.3072276,6.9444328,3.2952739,469.8363735,0,0,0,1607.412013,0,2987.805011,0,3696.72,19.538828,77.12512,41.5511623,25.6357939,25.21847,618.0824638,14289.27242,2365.080331,2751.002397,4906.827754,41.67867204,10762.65255,595.1064127,0,0,0,0,0
M,22,Conventional ,22_5,SKIN,225SK,836.6322009,9.508606,13.4814839,3.0279132,51.6188862,9.5775838,16.9621805,4.2298536,490.538601,0,0,0,1562.178426,0,5004.019086,358.6849992,3983.216463,0,69.3903328,47.3245924,29.6903937,34.7006513,455.4277067,11276.48037,2038.141315,2659.529688,5625.375291,33.47762538,6881.834494,1027.822929,0,0,0,0,0
N,23,Organic ,23_1,PULP,231PU,851.3026052,11.9361665,0,17.0661226,5.1513114,15.3163906,5.7140191,8.7636059,0,0,0,0,3558.685168,314.9758172,0,0,0,64.5440559,0,0,0,0,0,0,0,0,0,0,0,1034.853834,0,0,0,0,0
N,23,Organic ,23_2,PULP,232PU,867.381317,0,10.6812466,5.9048958,5.0884953,14.3965996,14.3268804,6.1495368,0,0,0,0,5195.968031,17.9754672,324.2952357,0,906.8417763,105.0272199,0,0,0,0,0,0,0,0,0,0,94.87757623,0,0,0,0,0,0
N,23,Organic ,23_3,PULP,233PU,844.1132638,7.0199231,8.4016744,66.0858074,8.2750333,13.5086899,9.3017061,4.5381349,0,0,0,0,0,0,0,0,0,0,0,0,0,0,0,0,0,0,0,0,0,0,0,0,0,0,0
N,23,Organic ,23_4,PULP,234PU,835.809149,9.804988,0,8.2390919,0,28.8761718,13.0922978,9.5465641,0,0,0,0,4456.130998,16.8892063,0,0,0,66.2534023,0,0,0,0,0,0,0,0,0,0,0,1554.825065,0,0,0,0,0
N,23,Organic ,23_5,PULP,235PU,851.3026052,9.4771965,0,4.134596,5.1056426,10.3028934,0,6.645396,0,0,0,0,3588.404606,321.8251477,0,0,0,66.1962863,0,0,0,0,0,0,0,0,0,0,0,701.1767236,0,0,0,0,0
N,23,Organic ,23_1,SEED,231SD,826.8613139,0,3.7309432,9.2191655,0,29.5693817,11.7610707,5.2965817,0,0,0,0,10837.32299,303.8739894,1901.087997,0,1371.881237,0,56.8106287,33.320977,21.4008409,25.1327882,0,0,0,233.1892685,0,0,0,58813.9852,0,0,3.925992738,0,0
N,23,Organic ,23_2,SEED,232SD,832.533072,0,4.5423672,0,26.1661303,11.0929444,4.4527851,0,0,0,0,0,7237.50894,0,1482.46686,0,931.9977383,0,39.9447923,24.0341677,15.6479891,0,0,0,0,190.3578961,0,0,0,44312.92396,0,0,0,0,0
N,23,Organic ,23_3,SEED,233SD,862.97613,0,3.5228395,12.1179086,0,23.746527,10.5985718,4.8007589,0,0,0,0,9479.001729,0,1422.434281,0,1281.767248,0,40.5821106,24.0441751,16.1932461,19.1918907,0,0,0,157.9026784,0,0,0,50117.51879,0,0.6840581131,3.83568058,0,0
N,23,Organic ,23_4,SEED,234SD,837.4568753,0,3.6865423,15.2188524,3.777467,29.2804805,9.0765404,5.5583697,0,393.1676369,0,0,10774.65996,0,2962.865842,341.3207644,1811.642822,0,58.2817843,37.5252244,23.7602725,32.2937547,0,0,0,258.0700756,0,7.68125241,235.5356842,56875.18057,0,42.31763602,4.22150058,0,0
N,23,Organic ,23_5,SEED,235SD,844.9527598,0,90.0424661,210.0842966,59.7616087,176.8193574,10.0372536,0,0,0,0,0,0,0,0,0,0,0,0,0,0,0,0,0,0,0,0,0,0,3723.339282,0,0,0,0,0
N,23,Organic ,23_1,SKIN,231SK,824.4541485,7.145502,3.2912235,3.625414,3.0358366,7.4209338,4.3588968,3.4577988,1214.988408,0,513.0207987,0,3618.873083,0,9937.107918,407.6287246,9058.526141,33.1067892,162.1399205,91.9145694,54.9670317,58.280018,228.8616798,7188.170874,1703.640306,1895.653852,4364.740988,43.93773071,6695.650939,1336.910827,0,0,0,0,0
N,23,Organic ,23_2,SKIN,232SK,835.809149,6.8030523,0,8.8652938,8.2414828,11.8164175,8.0305769,0,1665.948467,0,851.1105803,0,4414.980485,0,4941.664126,912.4075946,9487.616194,46.8316436,155.2670743,92.1773682,22.8166972,64.444696,0,6012.825553,1413.823767,2154.619982,4016.746292,58.97715965,8816.46193,1164.515112,0,0,0,0,0
N,23,Organic ,23_3,SKIN,233SK,855.5891239,4.6050025,4.1707583,0,10.132053,7.3945102,6.4517062,10.8905594,1208.062906,0,0,0,3397.25776,0,4481.538966,0,6427.557556,34.4606323,117.5883778,70.1182632,46.2386994,65.5902925,0,6830.901091,1552.906006,2524.205343,4621.364539,64.48215997,9621.693824,1194.654877,32.76670975,0,4.095017055,0,0
N,23,Organic ,23_4,SKIN,234SK,829.2825769,8.493077,0,15.251673,8.2493912,14.0171707,9.644342,7.0532872,1806.519998,0,1005.605763,0,6252.733496,377.3132414,10830.25027,1167.376026,15587.25344,68.7550428,233.163716,130.7622054,35.975921,86.4001825,0,1567.190677,1228.900515,1700.10691,3138.125547,50.19226894,6201.290627,1381.499722,0,0,0,0,0
N,23,Organic ,23_5,SKIN,235SK,816.1383285,5.6008616,4.5907479,3.9194837,3.9652127,7.517829,7.0527357,2.7254622,1118.652857,0,323.313184,0,3169.054738,0,5358.385227,0,5937.581627,24.6303086,90.2368534,48.2805781,30.7540427,33.3368679,4315.003284,410.9536063,1824.515424,55.7731217,2566.630606,27.3513069,4281.33276,1060.140226,0,0,3.837441033,0,0
P,24,Organic ,24_1,PULP,241PU,850.8763145,8.6751645,3.9102447,2.9752559,0,8.9231372,5.7571695,3.4424341,0,0,0,0,7596.91875,36.1271216,584.1833982,419.6394717,5007.565619,14.1112629,0,0,0,0,0,0,0,0,0,0,0,988.6718581,0,0,0,0,0
P,24,Organic ,24_2,PULP,242PU,834.5776031,14.1800497,0,0,6.8244503,14.3799997,9.4905968,5.1307592,0,0,0,0,12558.73184,365.9025756,1401.390326,0,1196.352588,176.2740456,20.0649492,0,0,0,0,0,0,0,0,0,0,1218.246692,0,0,0,0,0
P,24,Organic ,24_3,PULP,243PU,837.044335,13.8306675,5.0398455,5.410184,4.1408538,9.537145,7.5348907,3.8124885,728.2138665,0,0,0,11748.82686,397.7740049,1669.189431,0,2243.949481,220.6074871,30.3968893,14.2262994,0,0,0,0,0,0,0,0,0,996.0438733,0,0,0,0,0
P,24,Organic ,24_4,PULP,244PU,856.0201511,10.2443102,4.2828537,4.1204936,4.6045577,8.3859507,7.1688941,4.6884347,0,0,0,0,11201.45465,36.4290142,674.8953347,0,1021.84203,177.2229977,16.5043255,0,11.4348683,0,0,0,0,0,0,0,0,1193.457593,0,0,0,0,0
P,24,Organic ,24_5,PULP,245PU,844.9527598,0,14.3440096,6.7255543,7.2813302,11.3849963,15.5932558,0,0,0,0,0,1005.389465,63.6775492,0,0,0,30.3317873,0,0,0,0,0,0,0,0,0,0,0,0,0,0,0,0,0
P,24,Organic ,24_1,SEED,241SD,828.4739152,0,40.1272939,0,2.9541558,35.9111571,5.0185975,9.9355565,0,0,0,0,15206.97054,352.4411334,1357.871593,0,578.8336674,14.9806442,42.2213845,23.5977234,10.7359951,0,0,0,0,347.7819531,0,0,0,79784.17539,0,0,5.358620225,0,0
P,24,Organic ,24_2,SEED,242SD,850.4504505,0,2.5381262,9.4757437,0,20.9843311,3.7577814,3.1891569,0,530.5136803,0,0,19196.88994,60.0878226,1023.069632,345.1898173,2136.901178,7.7217971,73.1140849,49.4933571,30.6160454,45.9819584,0,0,0,334.1487232,0,0,293.3975808,73228.99624,0,20.76251748,0,0,0
P,24,Organic ,24_3,SEED,243SD,850.0250125,2.9267159,5.9510967,18.1931571,6.5615852,23.3596296,10.9385622,6.099364,0,802.2870147,0,0,25003.87995,110.5799367,7806.618253,427.2154788,4719.352143,0,103.0437777,75.6386785,49.1984312,57.1477605,0,0,0,315.9257907,0,0,232.539601,87849.01244,0,11.21703088,0,0,0
P,24,Organic ,24_4,SEED,244SD,859.9190283,0,2.7722767,7.9267217,6.5185749,28.4145579,10.4484095,4.3592086,0,0,0,0,20443.16289,354.3073153,1510.569187,0,2832.798886,8.8496721,108.3638199,71.1046424,48.866375,59.9696433,0,0,0,361.2348329,0,0,0,90215.05073,0,0,0,0,0
P,24,Organic ,24_5,SEED,245SD,816.1383285,0,13.415062,0,5.4478496,18.9268984,6.1766627,2.7727614,0,0,0,0,15696.22331,322.2471101,3400.236974,0,2693.6692,0,88.1596719,56.6432361,37.1913463,44.9244121,0,0,0,363.0522713,0,0,0,70039.22934,0,0,3.976741321,0,0
P,24,Organic ,24_1,SKIN,241SK,832.533072,5.911876,3.7444259,5.4045234,3.5466709,10.6447247,0,6.2957745,2076.203471,0,1600.683646,0,6013.125461,0,10005.83839,763.297995,12338.83205,89.3847979,173.42207,101.0940566,82.5616446,71.0435172,422.3890393,24294.1784,3674.274539,7040.27574,13509.29493,113.279874,23043.60589,5113.447451,0,0,0,0,0
P,24,Organic ,24_2,SKIN,242SK,856.0201511,6.1568912,0,6.0129991,8.2743406,11.1580699,7.8627994,0,1963.151675,0,0,0,8755.494502,0,5279.879173,979.7973013,10471.93184,122.7637698,160.9928634,88.0007146,61.9243777,68.5690531,1475.036024,45638.16105,5172.782866,8120.270353,17414.61899,170.8207681,31987.378,6570.128896,105.8489203,0,0,0,0
P,24,Organic ,24_3,SKIN,243SK,857.7486118,9.3599698,4.6160239,9.8213405,8.610555,14.3631584,10.0794058,4.7118366,4747.229395,0,1227.984046,1908.734446,11653.9937,0,17811.59348,1281.837873,17850.0313,172.8448086,253.1580196,137.8406409,99.322788,94.1105493,710.5391286,29772.41912,5536.247894,10106.21845,19310.85726,174.2992746,28657.82812,11938.41636,48.62852915,0,0,0,0
P,24,Organic ,24_4,SKIN,244SK,836.2204724,6.214162,7.9439632,19.7893752,4.7276473,9.7231344,6.6408684,0,2299.699603,0,269.1827012,0,7251.481103,0,8036.056866,982.1867021,13134.09866,78.5424918,162.6001974,93.2277697,67.1113766,80.6516286,235.9471087,13859.34493,2874.593727,5120.324855,10223.3319,118.6495451,15972.44571,4917.001838,0,0,0,0,0
P,24,Organic ,24_5,SKIN,245SK,837.4568753,5.8247951,4.13177,2.486863,0,7.5501901,6.1133581,0,1449.867556,0,0,4407.65173,5099.487206,0,5946.424788,0,8838.502402,73.6046372,163.0816195,92.8854303,67.3238603,67.5331519,33704.7619,2775.893211,7154.257126,1020.878702,13855.54121,142.9904567,26551.12516,5256.240312,89.18141319,0,3.924595056,0,0