Latitude,Longitutde,elevation,Szn.Max.Avg,Szn.Min.Avg,Szn.Temp.Avg,Szn.Total.Precip,Prox.Water,site.code ,orchard.type,Orchard_Num,Plant,Tissue,trans.cinnamic.acid,gallic acid,procyanidin B1,gentistic acid,catechin,cyanidin galactoside,chlorogenic acid,glucoside,caffeic acid??,procyanidin B2,syringic acid,epicatechin,p-coumaric,ferulic,rutin,hyperin,isoquercitin,reynoutrin,avicularin,quercitrin,phloridzin,quercetin,phloretin
34.04883,116.9434,1466,80.74166667,54.91666667,67.825,9.05,4653,A,Organic ,1,1,PULP,860.7902736,0,0,0,0,0,128444.8468,0,3543.106632,2189.483788,0,3852.573849,0,0,0,0,0,0,0,0,12705.37582,0,0
34.04883,116.9434,1466,80.74166667,54.91666667,67.825,9.05,4653,A,Organic ,1,2,PULP,857.7486118,0,0,0,0,0,89577.11134,0,2782.551258,2516.99652,0,0,0,0,0,0,0,0,0,1548.12716,2577.580718,0,0
34.04883,116.9434,1466,80.74166667,54.91666667,67.825,9.05,4653,A,Organic ,1,3,PULP,838.2831771,0,2225.477501,0,0,0,136519.604,0,3166.410686,3822.932956,0,4664.989455,0,0,0,0,0,0,0,0,3885.372618,0,0
34.04883,116.9434,1466,80.74166667,54.91666667,67.825,9.05,4653,A,Organic ,1,4,PULP,864.2929807,0,0,0,0,0,117716.5666,0,6330.409539,0,0,3599.374705,0,0,0,0,0,0,0,0,4257.840283,0,0
34.04883,116.9434,1466,80.74166667,54.91666667,67.825,9.05,4653,A,Organic ,1,5,PULP,829.6875,0,1915.527774,0,0,0,127585.9042,0,5975.739128,3078.838176,0,4680.582085,0,0,0,0,0,0,0,0,3188.056437,0,0
34.04883,116.9434,1466,80.74166667,54.91666667,67.825,9.05,4653,A,Organic ,1,1,SEED,761.6315554,0,0,0,0,0,112169.9108,0,2477.93843,3995.808756,0,4764.852736,0,0,0,0,842.701846,1298.657291,2019.807313,0,478021.6388,0,639.7118576
34.04883,116.9434,1466,80.74166667,54.91666667,67.825,9.05,4653,A,Organic ,1,2,SEED,840.7718951,0,0,0,0,0,253465.7635,0,0,6531.072766,2290.907779,6059.504159,0,0,0,0,0,2645.541332,3351.705203,1775.352923,1223590.75,0,1416.350993
34.04883,116.9434,1466,80.74166667,54.91666667,67.825,9.05,4653,A,Organic ,1,3,SEED,825.6559767,0,0,0,0,0,158026.8585,0,4964.131804,5638.465266,1401.089831,6201.857526,0,0,0,0,1163.267023,1653.417096,2568.052584,784.7998653,655018.78,0,623.986131
34.04883,116.9434,1466,80.74166667,54.91666667,67.825,9.05,4653,A,Organic ,1,4,SEED,853.8693467,0,0,0,0,0,134621.8471,0,3509.284364,5856.386307,1370.17778,4743.737078,0,0,0,0,0,1250.432352,1856.264226,0,562919.0428,0,651.4097318
34.04883,116.9434,1466,80.74166667,54.91666667,67.825,9.05,4653,A,Organic ,1,5,SEED,867.381317,0,0,0,0,0,239568.3989,0,8997.675746,15586.05512,1985.827685,10517.44186,0,0,0,0,0,1565.074918,3097.273526,975.1370763,911946.9009,0,992.7134773
34.04883,116.9434,1466,80.74166667,54.91666667,67.825,9.05,4653,A,Organic ,1,1,SKIN,846.2151394,0,2826.799586,0,0,0,51456.13067,0,2459.84644,9150.983193,4353.405515,11550.18901,0,0,5260.549902,185481.8979,23518.91813,37418.25158,82762.38981,35033.2153,9856.492113,1906.420504,0
34.04883,116.9434,1466,80.74166667,54.91666667,67.825,9.05,4653,A,Organic ,1,2,SKIN,862.1004566,0,0,0,0,0,53835.49992,0,1833.592037,7582.810132,2738.094161,7599.597826,0,0,5470.814397,266935.5778,34817.28372,63408.33146,141468.891,132375.4195,7396.149567,3110.684517,0
34.04883,116.9434,1466,80.74166667,54.91666667,67.825,9.05,4653,A,Organic ,1,3,SKIN,805.6899004,0,4865.161842,0,9202.489405,0,65376.46612,0,2867.722787,14942.63876,2605.941659,14228.67642,0,0,13607.40966,265968.6356,37991.99402,49780.24819,107847.0836,49913.8534,22929.82341,0,0
34.04883,116.9434,1466,80.74166667,54.91666667,67.825,9.05,4653,A,Organic ,1,4,SKIN,862.97613,0,0,2636.429618,6076.413831,0,94061.14889,0,5878.230795,15706.84388,1287.605075,14998.09739,0,0,49884.67176,8685.709443,12959.35155,1265.427668,28204.11237,9716.055091,47879.46172,0,0
34.04883,116.9434,1466,80.74166667,54.91666667,67.825,9.05,4653,A,Organic ,1,5,SKIN,830.9046455,0,3219.949458,0,0,0,54298.24532,0,2385.582741,10242.79794,3741.096576,16167.56204,0,0,2025.097024,68684.67526,9355.343441,18451.91283,40970.60276,21244.87619,21076.68972,0,0
34.04883,116.9434,1466,80.74166667,54.91666667,67.825,9.05,4653,A,Conventional ,2,1,PULP,871.8317086,0,0,0,0,0,101925.595,0,3613.919143,0,0,2237.981826,0,0,0,0,0,0,0,0,7641.28257,0,0
34.04883,116.9434,1466,80.74166667,54.91666667,67.825,9.05,4653,A,Conventional ,2,3,PULP,837.044335,0,0,0,0,0,129461.8788,0,3150.559692,3726.828863,0,7666.322503,0,0,0,0,0,0,0,0,13515.70249,0,0
34.04883,116.9434,1466,80.74166667,54.91666667,67.825,9.05,4653,A,Conventional ,2,4,PULP,834.5776031,0,0,2720.675911,1977.753955,0,275529.1803,0,2642.085063,4595.285817,2181.462929,7302.101969,0,0,0,0,0,0,0,0,7702.291834,0,0
34.04883,116.9434,1466,80.74166667,54.91666667,67.825,9.05,4653,A,Conventional ,2,5,PULP,847.0588235,0,19330.56427,0,9026.609006,0,942267.1517,0,12267.07085,39509.87592,0,41623.80405,5832.19654,0,0,0,0,0,2574.87628,0,16974.60238,0,0
34.04883,116.9434,1466,80.74166667,54.91666667,67.825,9.05,4653,A,Conventional ,2,1,SEED,871.3846154,0,0,0,0,0,247379.3719,0,6315.593841,9169.452932,2709.851684,10006.50346,0,0,0,1692.482736,0,2514.371552,3624.741747,1268.116205,960631.0546,0,931.2156798
34.04883,116.9434,1466,80.74166667,54.91666667,67.825,9.05,4653,A,Conventional ,2,2,SEED,813.4035424,0,0,0,1624.304813,0,294068.1685,0,5375.123981,20191.645,3988.474091,15128.91602,0,0,0,0,0,2558.514703,3219.734501,1198.334476,966494.9487,856.330344,1681.997621
34.04883,116.9434,1466,80.74166667,54.91666667,67.825,9.05,4653,A,Conventional ,2,3,SEED,859.9190283,0,0,4021.536204,0,0,154704.7022,0,970.9326658,3322.190414,1545.790215,3987.206977,0,0,0,0,0,0,1325.283926,0,962372.8967,0,722.4426967
34.04883,116.9434,1466,80.74166667,54.91666667,67.825,9.05,4653,A,Conventional ,2,4,SEED,774.8290014,0,1819.059806,0,0,0,263211.5396,0,5028.973633,18662.28722,3358.942937,14833.22542,0,0,0,0,0,2681.106735,2917.724518,1217.206272,962845.5169,0,1045.717121
34.04883,116.9434,1466,80.74166667,54.91666667,67.825,9.05,4653,A,Conventional ,2,5,SEED,824.4541485,0,1305.29021,0,1195.576164,0,216643.6359,0,4563.112919,18672.84756,2657.675286,15551.21972,0,0,0,0,0,1974.961616,2222.296434,1007.8041,645149.9967,0,861.004984
34.04883,116.9434,1466,80.74166667,54.91666667,67.825,9.05,4653,A,Conventional ,2,1,SKIN,863.4146341,0,0,0,0,0,76357.78651,0,3466.341406,7266.900142,3270.629599,7670.53402,0,0,86448.32089,10650.2611,23644.66954,3500.789205,52031.24593,24551.49984,17895.83474,0,0
34.04883,116.9434,1466,80.74166667,54.91666667,67.825,9.05,4653,A,Conventional ,2,2,SKIN,846.2151394,0,4843.58919,0,5651.540262,0,168035.6949,0,2736.623638,9885.86316,14982.25993,19989.19088,0,0,1785.18409,24860.14902,13613.5292,17808.17029,37990.27309,16188.48085,24585.63458,0,0
34.04883,116.9434,1466,80.74166667,54.91666667,67.825,9.05,4653,A,Conventional ,2,3,SKIN,819.6816208,0,4020.299773,0,0,0,69979.60235,0,0,11350.71573,7567.788406,17151.47565,0,0,0,76318.81431,8825.547793,33559.79137,60189.08163,36635.42375,26118.40351,0,0
34.04883,116.9434,1466,80.74166667,54.91666667,67.825,9.05,4653,A,Conventional ,2,4,SKIN,826.8613139,0,0,0,0,0,105035.7668,0,2042.466793,8582.320163,10499.86002,16967.40195,0,0,2242.179846,27177.19232,14225.58483,19905.61345,39431.18316,20599.40504,14692.48996,1116.178902,0
34.04883,116.9434,1466,80.74166667,54.91666667,67.825,9.05,4653,A,Conventional ,2,5,SKIN,869.6008188,0,5771.005148,0,0,0,174029.7371,0,5659.373101,18519.69841,10205.49383,31089.5413,0,0,2648.456777,44000.71566,21499.21418,29979.04173,64905.8538,21521.36596,34039.45735,0,0
35.27926,120.6921,15,69.625,46.68333333,58.16666667,9.49,197,B,Organic ,3,1,PULP,863.8535841,0,0,0,0,0,9787.97852,0,5676.344987,0,0,0,0,0,4972.995646,0,0,0,2618.84099,2162.090294,0,0,0
35.27926,120.6921,15,69.625,46.68333333,58.16666667,9.49,197,B,Organic ,3,2,PULP,855.1585304,0,0,0,0,0,0,0,0,0,0,0,0,0,0,0,0,0,0,0,0,0,0
35.27926,120.6921,15,69.625,46.68333333,58.16666667,9.49,197,B,Organic ,3,3,PULP,844.1132638,0,0,0,0,0,0,0,0,0,0,0,0,0,0,0,0,0,0,0,0,0,0
35.27926,120.6921,15,69.625,46.68333333,58.16666667,9.49,197,B,Organic ,3,4,PULP,846.2151394,0,0,0,0,0,1397.618763,0,2649.922972,0,0,0,0,0,0,0,0,0,0,0,0,0,0
35.27926,120.6921,15,69.625,46.68333333,58.16666667,9.49,197,B,Organic ,3,5,PULP,818.8915663,0,0,0,0,0,13052.03455,0,6044.554949,0,0,0,1616.102631,0,0,0,0,0,0,0,1058.924066,0,0
35.27926,120.6921,15,69.625,46.68333333,58.16666667,9.49,197,B,Organic ,3,1,SEED,844.1132638,0,0,0,0,0,129538.3534,0,3262.315623,3677.519894,1178.641951,4135.025284,0,0,0,0,0,1180.280638,1585.535876,0,467637.1387,0,858.4387117
35.27926,120.6921,15,69.625,46.68333333,58.16666667,9.49,197,B,Organic ,3,2,SEED,865.6138563,0,0,1847.593089,1582.14796,0,117007.0517,0,3298.180845,2131.360177,0,1958.452434,0,0,0,0,0,1349.482063,1892.049287,0,546391.1112,0,0
35.27926,120.6921,15,69.625,46.68333333,58.16666667,9.49,197,B,Organic ,3,3,SEED,810.3004292,0,0,0,0,0,0,0,0,0,0,0,0,0,0,0,0,0,0,0,1684.086688,2112.512483,2800.089569
35.27926,120.6921,15,69.625,46.68333333,58.16666667,9.49,197,B,Organic ,3,4,SEED,810.6870229,0,0,0,0,0,268424.0846,0,11664.92448,11858.97487,0,7255.654494,0,0,0,0,0,0,1528.675407,2770.146569,697139.4789,0,1884.494826
35.27926,120.6921,15,69.625,46.68333333,58.16666667,9.49,197,B,Organic ,3,5,SEED,856.4516129,0,0,0,0,0,0,0,0,0,0,0,0,0,0,0,0,0,0,0,32349.86995,0,879.0304744
35.27926,120.6921,15,69.625,46.68333333,58.16666667,9.49,197,B,Organic ,3,1,SKIN,841.1881188,0,3997.514337,0,0,27350.38088,54033.33447,0,2039.352904,32552.8202,6457.298946,44526.12335,0,0,14353.42283,258877.2401,31977.70267,51094.45307,137722.4596,58410.53292,17369.34856,2343.418242,0
35.27926,120.6921,15,69.625,46.68333333,58.16666667,9.49,197,B,Organic ,3,2,SKIN,863.8535841,0,0,0,0,20077.29844,58255.11643,0,1999.175107,29868.32165,804.3198412,39357.367,2221.895122,0,6127.038224,141833.1612,16264.73343,31761.84106,87951.68155,37307.06643,17824.69816,2523.896931,0
35.27926,120.6921,15,69.625,46.68333333,58.16666667,9.49,197,B,Organic ,3,4,SKIN,868.2677568,0,0,3447.610246,0,0,56059.21116,0,1828.135994,28753.23661,6200.277575,3577.911933,0,0,0,34486.11864,5413.352082,14438.62359,37016.63976,13931.58019,25832.95537,2125.071954,0
35.27926,120.6921,15,69.625,46.68333333,58.16666667,9.49,197,B,Organic ,3,3,SKIN,832.9411765,0,0,0,0,0,17236.65839,0,3844.956881,2366.909917,2752.188349,3214.761427,0,0,1791.726737,41066.10499,6573.13887,17299.89436,42553.44958,22792.60974,3243.453725,3132.450206,0
35.27926,120.6921,15,69.625,46.68333333,58.16666667,9.49,197,B,Organic ,3,5,SKIN,850.4504505,0,0,0,0,0,90754.09077,0,2144.43696,30314.5512,6514.919515,52153.899,0,0,2303.222919,118920.7799,11957.70577,32195.49756,80724.83757,34350.15652,20323.16335,1538.544302,0
35.77103,120.6372,245,78.73333333,43.06666667,60.89166667,11.66,608,B,Conventional ,4,1,PULP,822.0609579,0,0,0,0,0,104347.1084,0,5232.814962,2387.088222,0,2010.811429,0,0,0,0,0,0,0,0,4265.479722,0,0
35.77103,120.6372,245,78.73333333,43.06666667,60.89166667,11.66,608,B,Conventional ,4,2,PULP,801.8876829,0,0,0,0,0,124738.4043,0,3718.301614,0,0,0,0,0,0,0,0,0,0,0,3311.392359,0,0
35.77103,120.6372,245,78.73333333,43.06666667,60.89166667,11.66,608,B,Conventional ,4,3,PULP,864.2929807,0,0,0,0,0,0,0,0,0,0,0,0,0,0,0,0,0,0,0,0,0,0
35.77103,120.6372,245,78.73333333,43.06666667,60.89166667,11.66,608,B,Conventional ,4,4,PULP,849.6,0,0,0,0,0,84881.65435,0,5716.053278,1670.484573,0,2715.48248,0,0,0,0,0,0,0,0,2162.95044,0,0
35.77103,120.6372,245,78.73333333,43.06666667,60.89166667,11.66,608,B,Conventional ,4,5,PULP,847.9041916,0,0,0,0,0,67829.87454,0,3353.810372,0,0,0,0,0,0,0,0,0,0,0,1799.785937,0,0
35.77103,120.6372,245,78.73333333,43.06666667,60.89166667,11.66,608,B,Conventional ,4,1,SEED,805.6899004,0,0,0,0,0,4397.156766,0,0,0,0,0,0,0,0,0,0,0,0,0,93014.38559,0,6766.606308
35.77103,120.6372,245,78.73333333,43.06666667,60.89166667,11.66,608,B,Conventional ,4,2,SEED,858.6154624,0,0,0,0,0,195774.9268,0,11420.4703,6134.476389,0,0,0,0,0,0,0,0,3465.684344,1595.275539,954896.3193,0,1278.247507
35.77103,120.6372,245,78.73333333,43.06666667,60.89166667,11.66,608,B,Conventional ,4,3,SEED,821.2663122,0,0,0,0,0,0,0,0,0,0,0,0,0,0,0,0,0,0,0,7134.919741,0,0
35.77103,120.6372,245,78.73333333,43.06666667,60.89166667,11.66,608,B,Conventional ,4,4,SEED,826.459144,0,0,0,0,0,255248.7509,0,7891.176621,17349.10849,1800.120098,10385.36971,0,0,0,0,0,2161.121689,2061.60688,3680.619004,817772.9661,0,553.7834382
35.77103,120.6372,245,78.73333333,43.06666667,60.89166667,11.66,608,B,Conventional ,4,5,SEED,848.3275087,0,0,0,0,0,74120.07227,0,2738.296368,2078.962457,0,0,0,0,0,0,0,0,1298.584677,0,405597.2453,0,0
35.77103,120.6372,245,78.73333333,43.06666667,60.89166667,11.66,608,B,Conventional ,4,1,SKIN,837.4568753,0,2888.843843,0,0,0,75454.00471,0,971.4471705,25985.68137,4990.958583,25527.83597,0,0,3925.402001,181197.4498,32344.86263,42393.51939,84544.43651,36754.54986,23043.50277,0,0
35.77103,120.6372,245,78.73333333,43.06666667,60.89166667,11.66,608,B,Conventional ,4,2,SKIN,843.694141,0,2446.38063,0,1593.52734,0,94385.83023,0,1708.85134,3719.589096,2314.520395,8799.116284,0,0,4776.437461,111759.8594,22678.02868,32640.60908,67390.37945,30742.80243,35575.79872,0,0
35.77103,120.6372,245,78.73333333,43.06666667,60.89166667,11.66,608,B,Conventional ,4,3,SKIN,868.7116564,0,3101.188229,0,0,0,89792.63536,0,1849.041696,22056.36013,4027.704064,18980.78975,0,0,9498.509988,248124.8919,40941.84809,48539.78365,106930.0092,43092.29713,40301.66685,0,0
35.77103,120.6372,245,78.73333333,43.06666667,60.89166667,11.66,608,B,Conventional ,4,4,SKIN,853.8693467,0,2986.169933,0,0,0,53720.02378,0,1663.380351,14168.70658,3974.528348,17013.76293,0,0,0,43434.06704,10569.08364,15272.24377,31350.1666,13144.05731,21971.60171,0,0
35.77103,120.6372,245,78.73333333,43.06666667,60.89166667,11.66,608,B,Conventional ,4,5,SKIN,839.1111111,0,0,0,0,0,52112.00273,0,0,10720.65828,3354.639796,9886.851811,0,0,3930.130595,109667.9025,21306.65467,28221.41735,61147.721,22330.56527,15526.92071,0,0
35.1985,119.0442,105,79.575,55.03333333,67.30833333,0,20000,Q,Organic ,5,1,PULP,796.2511715,0,0,0,0,0,93678.7481,0,2657.922047,1980.097449,0,1590.19666,0,0,0,0,0,0,0,0,1369.103504,0,0
35.1985,119.0442,105,79.575,55.03333333,67.30833333,0,20000,Q,Organic ,5,2,PULP,865.1731161,0,0,0,0,0,152817.9542,0,3505.716158,3653.671749,0,3046.275113,0,0,0,16520.22475,2525.726017,3209.581312,8589.984352,3796.070268,4271.40628,0,0
35.1985,119.0442,105,79.575,55.03333333,67.30833333,0,20000,Q,Organic ,5,3,PULP,852.1564694,0,0,0,0,0,87928.35304,0,2110.565757,1975.340079,0,1891.507724,0,0,0,0,0,0,1905.719404,1799.508061,5081.638852,0,0
35.1985,119.0442,105,79.575,55.03333333,67.30833333,0,20000,Q,Organic ,5,4,PULP,1809.584665,0,0,0,0,0,196079.1986,0,2509.577585,4115.269531,0,5442.736308,0,0,0,0,0,0,0,0,11282.40361,0,0
35.1985,119.0442,105,79.575,55.03333333,67.30833333,0,20000,Q,Organic ,5,5,PULP,825.2549781,0,0,0,0,0,111169.2707,0,3831.780601,4853.770417,0,4183.075394,0,0,0,0,0,0,0,0,1870.530055,0,0
35.1985,119.0442,105,79.575,55.03333333,67.30833333,0,20000,Q,Organic ,5,1,SEED,845.7939273,0,0,0,0,0,102254.5189,0,7241.255801,4393.928675,0,3371.567148,0,0,0,0,2066.752004,0,2266.103709,0,725719.0231,0,0
35.1985,119.0442,105,79.575,55.03333333,67.30833333,0,20000,Q,Organic ,5,2,SEED,844.9527598,0,0,0,0,0,33695.78623,0,5273.18671,0,0,0,0,0,0,0,0,0,1182.879146,0,420506.5964,0,0
35.1985,119.0442,105,79.575,55.03333333,67.30833333,0,20000,Q,Organic ,5,3,SEED,834.5776031,0,0,0,0,0,67844.17969,0,5235.191931,2168.101219,0,0,0,0,0,0,0,0,0,0,643605.3967,0,0
35.1985,119.0442,105,79.575,55.03333333,67.30833333,0,20000,Q,Organic ,5,4,SEED,862.5380711,0,0,0,0,0,40440.79541,0,3067.944919,683.5881491,0,0,0,0,0,0,0,0,972.2244662,584.0419064,369337.0733,0,581.8036141
35.1985,119.0442,105,79.575,55.03333333,67.30833333,0,20000,Q,Organic ,5,5,SEED,827.2638754,0,0,0,0,0,54069.11476,0,4074.654212,0,0,0,0,0,0,0,0,0,0,0,354582.3238,0,0
35.1985,119.0442,105,79.575,55.03333333,67.30833333,0,20000,Q,Organic ,5,1,SKIN,843.694141,0,3957.608605,0,0,0,87723.29717,0,2015.472105,12499.81665,6505.764873,16735.09958,0,0,26763.52234,441201.5251,119992.1215,21006.71381,134731.0794,66758.38607,26168.85498,0,0
35.1985,119.0442,105,79.575,55.03333333,67.30833333,0,20000,Q,Organic ,5,2,SKIN,868.7116564,0,0,0,0,0,77215.65642,0,2735.139404,13356.74412,3386.600111,17604.10015,0,0,17075.59728,520516.6728,87002.85661,86361.60712,168259.4407,82253.75553,27394.18312,1596.289701,0
35.1985,119.0442,105,79.575,55.03333333,67.30833333,0,20000,Q,Organic ,5,3,SKIN,827.666829,0,2566.381742,0,0,0,87858.89083,0,0,10942.43649,3117.642767,13899.27565,0,0,7610.863693,293384.8363,56812.79312,50071.81879,95109.92059,55020.97695,19601.22243,1198.358671,0
35.1985,119.0442,105,79.575,55.03333333,67.30833333,0,20000,Q,Organic ,5,4,SKIN,829.2825769,0,2823.740385,0,0,0,103481.7593,0,1485.676493,14467.56225,3202.294343,14871.34347,0,0,16745.89491,372468.672,86306.35803,59914.12618,115585.9152,65259.60872,20349.21235,1716.057137,0
35.1985,119.0442,105,79.575,55.03333333,67.30833333,0,20000,Q,Organic ,5,5,SKIN,842.8571429,0,0,0,0,0,68340.11043,0,2890.908766,3133.370576,5140.383096,1989.968031,0,0,9769.656148,237594.243,48471.97059,40584.28687,68898.24819,40240.34993,7084.412783,17310.94846,0
36.6386,119.5089,97,79.53333333,54.45833333,67,0,78,D,Organic ,6,1,PULP,582.1171634,0,0,0,0,0,0,0,0,0,0,0,0,0,0,0,0,0,0,0,0,0,0
36.6386,119.5089,97,79.53333333,54.45833333,67,0,78,D,Organic ,6,2,PULP,869.6008188,0,0,0,0,0,0,0,0,0,0,0,0,0,0,0,0,0,0,0,0,0,0
36.6386,119.5089,97,79.53333333,54.45833333,67,0,78,D,Organic ,6,3,PULP,775.5362848,0,0,0,0,0,1644.369594,0,0,0,0,0,0,0,0,0,0,0,0,0,0,0,0
36.6386,119.5089,97,79.53333333,54.45833333,67,0,78,D,Organic ,6,4,PULP,850.0250125,0,0,0,0,0,100648.4399,0,1458.636413,0,0,0,0,0,0,0,0,0,0,0,3870.577115,0,0
36.6386,119.5089,97,79.53333333,54.45833333,67,0,78,D,Organic ,6,5,PULP,852.1564694,0,0,0,0,0,20411.67894,0,0,0,0,0,0,0,0,0,0,0,0,0,2400.618714,0,0
36.6386,119.5089,97,79.53333333,54.45833333,67,0,78,D,Organic ,6,1,SEED,746.572935,0,0,0,0,0,0,0,0,0,0,0,0,0,0,0,0,0,0,0,35510.65117,0,3317.803582
36.6386,119.5089,97,79.53333333,54.45833333,67,0,78,D,Organic ,6,2,SEED,819.2864031,0,0,1893.19497,0,0,54658.16254,6903.56783,0,0,0,0,0,0,0,0,0,0,0,0,557701.4359,0,0
36.6386,119.5089,97,79.53333333,54.45833333,67,0,78,D,Organic ,6,3,SEED,813.0143541,0,0,0,0,0,1285.208556,0,0,0,0,0,0,0,0,0,0,0,0,0,87522.29623,0,1594.611673
36.6386,119.5089,97,79.53333333,54.45833333,67,0,78,D,Organic ,6,4,SEED,814.5733461,0,0,0,0,0,1326.326382,0,0,0,0,0,0,2520.806273,0,0,0,0,0,0,104975.6424,0,9636.877886
36.6386,119.5089,97,79.53333333,54.45833333,67,0,78,D,Organic ,6,5,SEED,839.5256917,0,0,0,0,0,88520.27359,0,4527.953606,5225.398529,0,3718.773197,0,0,0,0,0,874.6433663,1671.255333,821.0501517,414961.4385,0,650.5807554
36.6386,119.5089,97,79.53333333,54.45833333,67,0,78,D,Organic ,6,1,SKIN,860.7902736,0,0,0,0,0,3070.218244,0,2106.091547,0,0,0,0,0,0,20847.04511,4683.151271,6728.701524,11150.29407,11516.8257,0,0,0
36.6386,119.5089,97,79.53333333,54.45833333,67,0,78,D,Organic ,6,3,SKIN,804.5454545,0,0,0,0,0,20526.5261,0,0,0,0,0,0,0,10003.18547,232380.6268,46171.67595,40521.82788,70355.55867,38650.34422,2248.275502,10352.98466,0
36.6386,119.5089,97,79.53333333,54.45833333,67,0,78,D,Organic ,6,2,SKIN,828.8780488,0,2076.751101,0,0,0,49900.944,0,0,11532.78398,0,14177.10654,0,0,4700.525433,174573.7578,28450.25697,37922.16272,74470.60808,40222.03027,12791.30654,0,0
36.6386,119.5089,97,79.53333333,54.45833333,67,0,78,D,Organic ,6,4,SKIN,873.6246787,0,1834.717813,0,0,0,47077.76861,0,0,9410.632505,0,15095.51324,0,0,0,35298.09812,7538.926048,1883.525257,28838.85269,18261.20201,1783.980394,0,0
36.6386,119.5089,97,79.53333333,54.45833333,67,0,78,D,Organic ,6,5,SKIN,855.5891239,0,0,0,0,0,45620.1018,0,1298.541289,10230.45082,2971.092649,9525.952275,0,0,5571.957938,238682.5572,36593.23805,42442.34163,79287.38603,35299.87443,23264.84416,1473.55923,0
38.16262,121.205,20,77.15833333,48.375,62.74166667,0,1719,E,Organic ,7,1,PULP,847.9041916,0,0,0,0,0,0,0,0,0,0,0,0,0,0,0,0,0,0,0,0,0,0
38.16262,121.205,20,77.15833333,48.375,62.74166667,0,1719,E,Organic ,7,2,PULP,819.6816208,0,0,0,0,0,3348.734938,0,2189.524047,0,0,0,0,0,0,0,0,0,0,0,0,0,0
38.16262,121.205,20,77.15833333,48.375,62.74166667,0,1719,E,Organic ,7,3,PULP,826.459144,0,1232.149896,0,0,0,104055.2654,0,5342.874622,4602.999541,4770.320628,0,0,0,0,0,0,0,0,0,0,0,0
38.16262,121.205,20,77.15833333,48.375,62.74166667,0,1719,E,Organic ,7,4,PULP,862.5380711,0,0,0,0,0,0,0,0,0,0,0,0,0,0,0,0,0,0,0,0,0,0
38.16262,121.205,20,77.15833333,48.375,62.74166667,0,1719,E,Organic ,7,5,PULP,858.6154624,0,0,0,0,0,0,0,0,0,0,0,0,0,0,0,0,0,0,0,0,0,0
38.16262,121.205,20,77.15833333,48.375,62.74166667,0,1719,E,Organic ,7,1,SEED,842.8571429,0,0,0,0,0,79834.15275,0,3733.752036,1844.07701,0,1722.37737,0,0,0,0,0,0,0,0,480802.6566,0,0
38.16262,121.205,20,77.15833333,48.375,62.74166667,0,1719,E,Organic ,7,2,SEED,868.7116564,0,0,0,0,0,69437.80409,0,3946.200505,2076.582452,0,0,0,0,0,0,0,0,1310.039927,0,469999.3654,0,0
38.16262,121.205,20,77.15833333,48.375,62.74166667,0,1719,E,Organic ,7,3,SEED,826.0573651,0,0,0,0,0,76837.65017,0,2849.654222,1831.756374,0,1714.899705,0,0,0,0,0,0,1106.844446,964.7358701,502436.7503,0,0
38.16262,121.205,20,77.15833333,48.375,62.74166667,0,1719,E,Organic ,7,4,SEED,825.6559767,0,0,0,0,0,0,0,0,0,0,0,0,0,0,0,0,0,0,0,41818.03315,0,4948.68711
38.16262,121.205,20,77.15833333,48.375,62.74166667,0,1719,E,Organic ,7,5,SEED,849.1754123,0,0,0,0,0,83960.52906,0,3069.008794,1933.746012,0,0,0,0,0,0,0,0,1206.837319,0,531406.2632,0,0
38.16262,121.205,20,77.15833333,48.375,62.74166667,0,1719,E,Organic ,7,2,SKIN,857.7486118,0,1914.515383,0,0,0,25018.35719,0,0,8558.3781,0,19004.93557,0,0,2152.342119,63576.98539,10439.15174,2981.512545,42472.70793,23735.00593,7419.883843,0,0
38.16262,121.205,20,77.15833333,48.375,62.74166667,0,1719,E,Organic ,7,3,SKIN,853.4404822,0,4117.260782,0,0,18809.93971,50284.35021,0,2546.921395,27226.27275,3601.895539,33970.48437,0,0,41750.90013,9286.516316,15702.7715,2306.049513,5412.165275,16517.05329,1231.361438,0,0
38.16262,121.205,20,77.15833333,48.375,62.74166667,0,1719,E,Organic ,7,4,SKIN,843.2754342,0,6106.949608,0,0,134289.398,86155.03979,0,0,36991.77531,7291.12605,74091.75467,0,0,0,44895.49163,8311.881385,16141.50306,36800.79619,21008.34828,22942.53377,0,0
38.16262,121.205,20,77.15833333,48.375,62.74166667,0,1719,E,Organic ,7,5,SKIN,811.8490205,0,3722.646239,0,0,126499.4293,42763.6171,0,1295.708045,24903.04538,4587.6285,45412.16962,0,0,0,31322.75164,4883.454706,9815.054028,23760.00822,14283.37692,13816.3341,0,0
38.16262,121.205,20,77.15833333,48.375,62.74166667,0,1719,E,Conventional ,8,1,PULP,850.8763145,0,0,0,0,0,61027.15719,0,4204.131733,0,0,2267.450788,0,0,0,0,0,0,0,0,2937.280155,0,0
38.16262,121.205,20,77.15833333,48.375,62.74166667,0,1719,E,Conventional ,8,2,PULP,842.0218038,0,0,0,0,0,56188.75751,0,2001.234938,0,2028.859916,0,0,0,0,0,0,0,0,0,2142.752103,0,0
38.16262,121.205,20,77.15833333,48.375,62.74166667,0,1719,E,Conventional ,8,3,PULP,839.1111111,0,0,0,0,0,55176.92144,0,1913.867489,0,0,0,0,0,0,0,0,0,0,0,2434.717017,0,0
38.16262,121.205,20,77.15833333,48.375,62.74166667,0,1719,E,Conventional ,8,4,PULP,853.4404822,0,0,0,0,0,77103.12833,0,1988.178256,0,0,0,0,0,0,0,0,0,0,0,0,0,0
38.16262,121.205,20,77.15833333,48.375,62.74166667,0,1719,E,Conventional ,8,5,PULP,834.987715,0,0,0,0,0,72395.12935,0,3929.310871,0,0,0,0,0,0,0,0,0,0,0,1958.531285,0,0
38.16262,121.205,20,77.15833333,48.375,62.74166667,0,1719,E,Conventional ,8,1,SEED,841.6047548,0,0,4024.564887,0,0,73565.20701,0,3795.758502,1687.317602,0,0,0,0,0,0,0,0,0,0,422208.5762,0,0
38.16262,121.205,20,77.15833333,48.375,62.74166667,0,1719,E,Conventional ,8,2,SEED,845.7939273,0,0,5106.160403,0,0,89161.13129,0,4659.367321,3160.371619,0,2586.495648,0,0,0,0,0,0,0,0,586665.655,0,0
38.16262,121.205,20,77.15833333,48.375,62.74166667,0,1719,E,Conventional ,8,3,SEED,843.2754342,0,0,0,0,0,88589.73829,0,4295.662128,1417.448562,0,0,0,0,0,0,0,0,0,0,459306.8395,0,0
38.16262,121.205,20,77.15833333,48.375,62.74166667,0,1719,E,Conventional ,8,4,SEED,842.0218038,0,0,3369.936305,0,0,44970.13413,0,2658.706535,0,0,0,0,0,0,0,0,0,0,0,321927.3872,0,0
38.16262,121.205,20,77.15833333,48.375,62.74166667,0,1719,E,Conventional ,8,5,SEED,857.3158426,0,0,3283.066489,2560.51982,0,88372.78458,0,3017.146963,1753.984417,0,1900.201386,0,0,0,0,0,0,0,0,453681.4762,0,0
38.16262,121.205,20,77.15833333,48.375,62.74166667,0,1719,E,Conventional ,8,1,SKIN,820.4732014,0,2444.039772,0,0,36130.40827,33158.05913,0,3008.775928,17288.01414,3520.57046,21405.11442,0,0,0,14030.7156,2943.222193,4761.562148,13173.82449,6138.72077,12123.69663,0,0
38.16262,121.205,20,77.15833333,48.375,62.74166667,0,1719,E,Conventional ,8,2,SKIN,820.4732014,0,3160.784453,0,0,19670.54872,29939.07815,0,1753.68684,25832.26887,4741.874648,27344.24718,0,0,0,24054.58043,5738.523989,9512.619064,24179.39912,12822.32577,12184.39344,0,0
38.16262,121.205,20,77.15833333,48.375,62.74166667,0,1719,E,Conventional ,8,3,SKIN,829.2825769,0,3622.504428,0,0,48195.15571,49189.51277,0,3248.76029,22649.51756,4525.268618,32755.03351,0,0,25635.09184,200850.1947,40392.50393,28494.4643,91951.69941,36394.95193,16521.56156,2909.88942,0
38.16262,121.205,20,77.15833333,48.375,62.74166667,0,1719,E,Conventional ,8,4,SKIN,866.4966854,0,0,0,0,97320.95427,41937.51643,0,0,45095.89976,0,51619.74518,0,0,0,102578.6634,15101.15154,27068.3118,61734.21224,36814.70465,18662.73624,0,0
38.16262,121.205,20,77.15833333,48.375,62.74166667,0,1719,E,Conventional ,8,5,SKIN,862.1004566,0,3588.102367,0,0,0,30331.10131,0,1798.927496,28233.36039,2915.347502,40640.9586,0,0,0,24149.54878,6267.53507,11617.6531,27166.11478,15952.97454,15020.22841,0,0
36.99562,121.7716,63,77.61666667,48.25,62.925,14.6,918,F,Conventional ,9,1,PULP,870.9379805,0,2763.318727,0,2389.013575,0,151106.8245,0,3605.764444,8427.006411,0,15161.05601,0,0,0,0,0,0,0,2240.866134,3553.610739,0,0
36.99562,121.7716,63,77.61666667,48.25,62.925,14.6,918,F,Conventional ,9,2,PULP,844.1132638,0,0,0,0,0,86280.81239,0,3395.66365,1973.920749,0,3452.915487,0,0,0,0,0,0,0,0,1679.817361,0,0
36.99562,121.7716,63,77.61666667,48.25,62.925,14.6,918,F,Conventional ,9,3,PULP,847.0588235,0,0,0,0,0,0,0,0,0,0,0,0,0,0,0,0,0,0,0,0,0,0
36.99562,121.7716,63,77.61666667,48.25,62.925,14.6,918,F,Conventional ,9,4,PULP,803.0245747,0,1284.664615,0,0,0,79448.27572,0,2601.231508,3057.05801,0,4641.959123,0,0,0,0,0,0,0,0,2564.327729,0,0
36.99562,121.7716,63,77.61666667,48.25,62.925,14.6,918,F,Conventional ,9,5,PULP,870.4918033,0,0,0,0,0,81438.67691,0,5561.489322,0,0,0,0,0,0,0,0,0,0,0,2354.573165,0,0
36.99562,121.7716,63,77.61666667,48.25,62.925,14.6,918,F,Conventional ,9,1,SEED,824.8543689,0,0,0,0,0,241336.7757,0,4436.98881,8989.548803,2475.231193,8615.820376,0,0,0,0,1324.571286,2101.038244,3145.959909,0,811193.1682,0,571.8901383
36.99562,121.7716,63,77.61666667,48.25,62.925,14.6,918,F,Conventional ,9,2,SEED,850.0250125,0,0,9842.638368,0,0,371907.803,0,6467.96993,15188.29949,0,13368.19598,0,0,0,0,0,0,5671.180319,0,1189605.549,0,0
36.99562,121.7716,63,77.61666667,48.25,62.925,14.6,918,F,Conventional ,9,3,SEED,851.3026052,0,0,0,0,0,314135.547,0,5397.62547,11124.6473,2712.12379,9932.737702,0,0,0,0,1423.37203,2555.987128,3738.931271,950.8420724,941153.738,0,797.471191
36.99562,121.7716,63,77.61666667,48.25,62.925,14.6,918,F,Conventional ,9,4,SEED,826.8613139,0,0,0,0,0,108620.1894,0,2425.594886,3049.55377,0,2933.683252,0,0,0,0,0,828.5425601,1311.543531,0,398970.7131,0,0
36.99562,121.7716,63,77.61666667,48.25,62.925,14.6,918,F,Conventional ,9,5,SEED,850.4504505,0,0,0,0,0,286320.1404,0,4545.007349,12675.51553,2942.626864,1305.989983,0,0,0,0,0,1607.415739,2695.993791,0,1050567.338,0,637.199425
36.99562,121.7716,63,77.61666667,48.25,62.925,14.6,918,F,Conventional ,9,1,SKIN,862.97613,0,4808.87301,0,4569.8927,61810.41793,92675.61648,0,4749.422867,43243.56269,9183.442733,73606.87058,0,0,10254.95166,256298.648,26008.06104,55280.56559,150406.9534,73486.01118,27055.30256,3230.336852,0
36.99562,121.7716,63,77.61666667,48.25,62.925,14.6,918,F,Conventional ,9,2,SKIN,864.7328244,0,3238.670687,0,0,0,57690.153,0,1440.64771,32598.98858,12221.434,48492.31856,0,0,34687.31244,498517.0258,71469.47449,80526.40684,194157.1339,71551.44655,18620.92871,4249.041071,0
36.99562,121.7716,63,77.61666667,48.25,62.925,14.6,918,F,Conventional ,9,3,SKIN,838.2831771,0,0,0,0,50799.24216,53596.73505,0,5128.603971,30022.42134,6428.760208,43287.49158,0,0,11127.64531,355675.0326,32772.82952,74939.12468,179295.3124,96578.88492,17525.47815,3444.314148,0
36.99562,121.7716,63,77.61666667,48.25,62.925,14.6,918,F,Conventional ,9,4,SKIN,829.2825769,0,3488.635716,0,0,94389.01792,53831.52979,0,5405.370786,27752.54662,7544.771048,51588.84254,0,0,4482.467703,165808.8281,15770.46851,16284.08164,116634.2636,53133.94448,19560.96446,0,0
36.99562,121.7716,63,77.61666667,48.25,62.925,14.6,918,F,Conventional ,9,5,SKIN,864.2929807,0,4323.496137,0,0,80615.00612,43248.02161,0,3048.07754,22825.87792,6116.37301,35721.80424,0,0,23926.57059,362163.2653,47885.98966,56703.94103,151810.0178,52815.35369,25654.74839,4515.608867,0
36.9768,121.7215,53,77.61666667,48.25,62.925,14.6,1650,F,Organic ,10,1,PULP,833.3496812,0,0,0,0,0,102476.1486,0,4842.01832,3256.871503,0,0,0,0,0,0,0,0,0,0,2056.475091,0,0
36.9768,121.7215,53,77.61666667,48.25,62.925,14.6,1650,F,Organic ,10,2,PULP,832.533072,0,0,0,0,0,88690.462,0,3755.21186,1791.975164,0,2002.354211,0,0,0,0,0,0,0,0,4571.0767,0,0
36.9768,121.7215,53,77.61666667,48.25,62.925,14.6,1650,F,Organic ,10,3,PULP,850.8763145,0,0,0,0,0,105380.0281,0,5962.932683,3606.068049,0,7606.816651,0,0,0,0,0,0,0,0,1841.770639,0,0
36.9768,121.7215,53,77.61666667,48.25,62.925,14.6,1650,F,Organic ,10,4,PULP,852.1564694,0,0,0,0,0,55152.20905,0,1779.506113,1809.823984,0,2030.794887,0,0,0,0,0,0,0,0,1623.101602,0,0
36.9768,121.7215,53,77.61666667,48.25,62.925,14.6,1650,F,Organic ,10,5,PULP,839.1111111,0,0,0,0,0,105512.9915,0,2774.392684,4533.188509,0,4912.145872,0,0,0,0,0,1512.082141,3338.359509,2241.470443,8128.937053,0,0
36.9768,121.7215,53,77.61666667,48.25,62.925,14.6,1650,F,Organic ,10,1,SEED,839.9406822,0,0,0,0,0,153889.9989,0,3196.259996,4213.80309,1463.327981,3509.638866,0,0,0,0,0,1402.73097,2034.0324,0,541271.4005,0,0
36.9768,121.7215,53,77.61666667,48.25,62.925,14.6,1650,F,Organic ,10,2,SEED,847.4812968,0,0,0,0,0,114299.5584,0,4365.924095,2442.870982,0,2196.796001,0,0,0,0,0,0,1323.378331,0,530125.5318,0,0
36.9768,121.7215,53,77.61666667,48.25,62.925,14.6,1650,F,Organic ,10,3,SEED,806.8376068,0,0,0,0,0,0,0,0,0,0,0,0,0,0,0,0,0,0,0,27998.82933,0,1767.102085
36.9768,121.7215,53,77.61666667,48.25,62.925,14.6,1650,F,Organic ,10,4,SEED,765.0607834,0,0,0,0,0,7824.671756,0,0,0,0,0,0,0,0,0,0,0,0,0,105903.2014,0,15994.64574
36.9768,121.7215,53,77.61666667,48.25,62.925,14.6,1650,F,Organic ,10,5,SEED,830.4985337,0,0,0,0,0,0,0,0,0,0,0,0,0,0,0,0,0,0,0,114566.6621,0,14148.30525
36.9768,121.7215,53,77.61666667,48.25,62.925,14.6,1650,F,Organic ,10,1,SKIN,852.1564694,0,8066.629135,0,89361.10143,90219.46581,140051.4381,0,13642.89051,24077.79165,110841.8182,134859.9389,0,0,581531.0851,56823.02107,114152.34,13205.41727,256271.7199,124571.9348,52027.98598,0,0
36.9768,121.7215,53,77.61666667,48.25,62.925,14.6,1650,F,Organic ,10,2,SKIN,826.8613139,0,2851.800044,0,0,38344.01624,54557.47988,0,1259.185411,30283.82746,6335.342172,37012.64461,0,0,2857.792902,95688.41676,10316.92035,22149.36302,58414.05418,22700.04409,14865.22257,0,0
36.9768,121.7215,53,77.61666667,48.25,62.925,14.6,1650,F,Organic ,10,3,SKIN,848.3275087,0,0,0,0,0,60299.43137,0,1402.959615,38538.32432,8779.48077,50231.05415,0,0,1569.218857,63965.47626,10482.59671,26233.70108,67645.47289,30673.29147,21950.34531,0,0
36.9768,121.7215,53,77.61666667,48.25,62.925,14.6,1650,F,Organic ,10,4,SKIN,826.0573651,0,3184.552798,0,0,27430.38899,57352.20289,0,963.905004,39469.69539,6098.187096,43534.37466,0,0,3831.36119,123310.6082,14188.88069,29693.89254,70112.68213,33921.72378,28708.69037,0,0
36.9768,121.7215,53,77.61666667,48.25,62.925,14.6,1650,F,Organic ,10,5,SKIN,825.2549781,0,3286.107418,0,0,17304.54115,44932.22475,0,2232.823294,29404.26897,5554.753154,43681.44918,0,0,3335.63222,154772.0967,17663.26997,39470.05907,88039.34235,42625.77783,16146.50934,1787.352277,0
38.4296,122.8479,55,73.1,44.19166667,58.65833333,26.32,1968,G,Conventional ,11,1,PULP,828.0701754,0,0,0,0,0,71481.67516,0,4374.324271,0,0,3166.573484,0,0,0,0,0,0,0,0,2052.589583,0,0
38.4296,122.8479,55,73.1,44.19166667,58.65833333,26.32,1968,G,Conventional ,11,2,PULP,864.7328244,0,0,0,0,0,71239.98545,0,3866.413993,1265.974336,0,2344.81881,0,0,0,0,0,0,0,0,1675.121146,0,0
38.4296,122.8479,55,73.1,44.19166667,58.65833333,26.32,1968,G,Conventional ,11,3,PULP,857.3158426,0,0,0,0,0,93464.36443,0,3817.91492,2119.644176,0,3830.997344,0,0,0,0,0,0,0,0,3682.204071,0,0
38.4296,122.8479,55,73.1,44.19166667,58.65833333,26.32,1968,G,Conventional ,11,4,PULP,826.0573651,0,0,0,0,0,88968.53464,0,6292.154984,0,0,0,0,0,0,0,0,0,0,0,3895.658083,0,0
38.4296,122.8479,55,73.1,44.19166667,58.65833333,26.32,1968,G,Conventional ,11,5,PULP,828.0701754,0,0,0,0,0,69775.73671,0,4928.447469,1189.832511,0,3244.350838,0,0,0,0,0,0,0,0,2969.908981,0,0
38.4296,122.8479,55,73.1,44.19166667,58.65833333,26.32,1968,G,Conventional ,11,1,SEED,863.8535841,0,0,0,0,0,120966.1935,0,3158.598875,2829.36817,0,2507.847977,0,0,0,0,0,0,1536.775457,0,561442.0336,0,0
38.4296,122.8479,55,73.1,44.19166667,58.65833333,26.32,1968,G,Conventional ,11,2,SEED,839.5256917,0,0,0,0,0,23744.35231,0,0,0,0,0,0,0,0,0,0,0,0,0,182326.1076,0,1742.496838
38.4296,122.8479,55,73.1,44.19166667,58.65833333,26.32,1968,G,Conventional ,11,3,SEED,835.809149,0,0,0,0,0,0,0,0,0,0,0,0,0,0,0,0,0,0,0,6996.818612,0,0
38.4296,122.8479,55,73.1,44.19166667,58.65833333,26.32,1968,G,Conventional ,11,4,SEED,847.0588235,0,0,0,0,0,164990.6492,0,2548.650624,5663.456499,1538.165874,4875.241094,0,0,0,0,0,1116.987083,1871.096553,0,557679.2565,0,0
38.4296,122.8479,55,73.1,44.19166667,58.65833333,26.32,1968,G,Conventional ,11,5,SEED,838.2831771,0,0,0,0,0,145567.3656,0,3517.133591,4066.67309,0,5054.551342,0,0,0,0,0,1184.043088,1854.633184,0,599100.9259,0,0
38.4296,122.8479,55,73.1,44.19166667,58.65833333,26.32,1968,G,Conventional ,11,1,SKIN,842.4392662,0,0,0,0,7796.045619,43274.85496,0,1599.125377,18324.3577,4731.598555,25480.24564,0,0,3892.008331,126269.0023,18930.08008,38287.59063,94647.10349,51874.60258,15739.21352,0,0
38.4296,122.8479,55,73.1,44.19166667,58.65833333,26.32,1968,G,Conventional ,11,2,SKIN,840.3560831,0,0,0,0,19216.95905,59166.36107,0,935.69006,19817.33825,5098.730132,32656.63298,0,0,15317.03791,277163.9906,30773.44946,61134.85358,147365.1927,78173.23067,20005.05667,0,0
38.4296,122.8479,55,73.1,44.19166667,58.65833333,26.32,1968,G,Conventional ,11,3,SKIN,867.381317,0,4019.896522,0,1412.427641,16245.4003,68511.55611,0,1741.161574,46966.25027,6951.941262,52061.56524,0,0,2964.919104,122493.862,16708.66621,38200.8438,85904.19401,45799.6952,19776.67215,1164.119418,0
38.4296,122.8479,55,73.1,44.19166667,58.65833333,26.32,1968,G,Conventional ,11,5,SKIN,861.2265585,0,4296.537764,0,0,10471.94768,45327.35551,0,1455.961217,18782.6523,5018.507331,28837.72805,0,0,3196.383666,110850.7123,14090.01469,33898.73853,85932.44221,46938.588,14409.87932,1979.467837,0
38.4296,122.8479,55,73.1,44.19166667,58.65833333,26.32,1968,G,Conventional ,11,4,SKIN,822.8571429,0,0,0,0,0,53117.03345,0,1723.268619,23759.96387,3287.06761,41715.7632,0,0,44435.74739,8337.419828,21087.05334,4704.832438,9345.352258,30129.11366,16967.61262,0,0
40.28567,123.8063,72,64.025,46.20833333,55.13333333,30.82,304,G,Organic ,12,1,PULP,836.6322009,0,0,0,0,0,0,0,0,0,0,0,0,0,0,0,0,0,0,0,0,0,0
40.28567,123.8063,72,64.025,46.20833333,55.13333333,30.82,304,G,Organic ,12,2,PULP,862.5380711,0,0,0,0,0,0,0,0,0,0,0,0,0,0,0,0,0,0,0,0,0,0
40.28567,123.8063,72,64.025,46.20833333,55.13333333,30.82,304,G,Organic ,12,3,PULP,838.6969398,0,0,0,0,0,0,0,0,0,0,0,0,0,0,0,0,0,0,0,0,0,0
40.28567,123.8063,72,64.025,46.20833333,55.13333333,30.82,304,G,Organic ,12,4,PULP,846.2151394,0,0,0,0,0,0,0,0,0,0,0,0,0,0,0,0,0,0,0,0,0,0
40.28567,123.8063,72,64.025,46.20833333,55.13333333,30.82,304,G,Organic ,12,5,PULP,831.7180617,0,0,0,0,0,6733.745698,0,0,0,0,0,0,0,0,0,0,0,0,0,0,0,0
40.28567,123.8063,72,64.025,46.20833333,55.13333333,30.82,304,G,Organic ,12,1,SEED,832.533072,0,0,0,0,0,25252.52583,0,0,0,0,0,0,6560.441118,0,0,0,0,0,0,94422.41657,0,4212.460667
40.28567,123.8063,72,64.025,46.20833333,55.13333333,30.82,304,G,Organic ,12,2,SEED,849.6,0,0,0,0,0,0,0,0,0,0,0,0,4180.554074,0,0,0,0,0,0,12815.76836,0,13787.44805
40.28567,123.8063,72,64.025,46.20833333,55.13333333,30.82,304,G,Organic ,12,3,SEED,820.4732014,0,0,0,0,0,0,0,0,0,0,0,0,0,0,0,0,0,0,0,0,0,0
40.28567,123.8063,72,64.025,46.20833333,55.13333333,30.82,304,G,Organic ,12,4,SEED,847.9041916,0,0,0,0,0,0,0,0,7619.124303,0,0,0,0,0,0,0,0,0,0,0,0,1080.838821
40.28567,123.8063,72,64.025,46.20833333,55.13333333,30.82,304,G,Organic ,12,5,SEED,837.044335,0,0,0,0,0,0,0,0,0,0,0,3355.082942,0,0,0,0,0,0,0,10504.51413,0,3768.465937
40.28567,123.8063,72,64.025,46.20833333,55.13333333,30.82,304,G,Organic ,12,1,SKIN,866.0550459,0,0,2782.075124,0,0,52564.83131,0,3568.414604,8356.682228,3487.499397,12631.4083,0,0,0,19252.2341,5182.85688,31211.68545,66480.77166,73591.86935,17520.8982,12723.39815,0
40.28567,123.8063,72,64.025,46.20833333,55.13333333,30.82,304,G,Organic ,12,2,SKIN,868.7116564,0,0,0,0,0,29837.9446,0,3123.415638,2216.327985,3117.461786,2214.507411,0,0,2262.361179,54967.18818,7648.172928,32940.18425,57387.07216,54677.65321,18429.71609,10825.98387,0
40.28567,123.8063,72,64.025,46.20833333,55.13333333,30.82,304,G,Organic ,12,3,SKIN,866.4966854,0,0,0,0,0,25897.633,0,1852.60884,0,2177.398978,0,0,0,4800.20753,110597.042,18937.87172,51626.49716,115659.0526,93675.13482,15988.67862,6430.901113,0
40.28567,123.8063,72,64.025,46.20833333,55.13333333,30.82,304,G,Organic ,12,4,SKIN,830.9046455,0,0,0,0,0,2335.865671,0,0,0,2168.727062,0,0,0,0,8578.757477,1662.312033,10957.04423,21771.326,25003.21822,1159.07351,1789.597938,0
40.28567,123.8063,72,64.025,46.20833333,55.13333333,30.82,304,G,Organic ,12,5,SKIN,832.533072,0,0,0,0,0,16874.17304,0,2542.169487,0,0,0,0,0,2335.477865,67649.0876,10451.83088,36323.28202,75094.88569,68751.56485,10131.55026,0,0
44.20901,123.3281,121,64.7,43.46666667,54.09166667,40.58,426,H,Organic ,13,1,PULP,837.044335,0,0,0,0,0,20667.58236,0,3398.417152,0,0,0,0,0,0,0,0,0,0,0,1912.717629,0,0
44.20901,123.3281,121,64.7,43.46666667,54.09166667,40.58,426,H,Organic ,13,2,PULP,833.3496812,0,0,0,0,0,0,0,0,0,0,0,0,0,0,0,0,0,0,0,0,0,0
44.20901,123.3281,121,64.7,43.46666667,54.09166667,40.58,426,H,Organic ,13,3,PULP,859.4840668,0,0,0,0,0,138953.3287,0,7870.350565,3109.125964,0,4884.676144,0,0,0,0,0,0,0,0,15662.90807,0,0
44.20901,123.3281,121,64.7,43.46666667,54.09166667,40.58,426,H,Organic ,13,4,PULP,830.9046455,0,0,0,0,0,5927.661608,0,0,0,0,0,0,0,0,0,0,0,0,0,0,0,0
44.20901,123.3281,121,64.7,43.46666667,54.09166667,40.58,426,H,Organic ,13,5,PULP,832.9411765,0,0,0,0,0,0,0,0,0,0,0,0,0,0,0,0,0,0,0,0,0,0
44.20901,123.3281,121,64.7,43.46666667,54.09166667,40.58,426,H,Organic ,13,1,SEED,825.6559767,0,16251.68733,0,0,0,0,0,0,0,0,0,0,0,0,0,0,0,0,0,7681.300716,0,0
44.20901,123.3281,121,64.7,43.46666667,54.09166667,40.58,426,H,Organic ,13,2,SEED,847.9041916,0,0,0,0,0,116906.5916,0,3196.62854,4216.263374,1288.548486,3431.621949,0,0,0,0,1030.805279,1755.564442,2221.625292,0,451477.4939,0,632.0192305
44.20901,123.3281,121,64.7,43.46666667,54.09166667,40.58,426,H,Organic ,13,3,SEED,824.0543162,0,0,0,0,0,384856.905,0,7300.631606,13957.58049,3283.808507,10298.25677,0,0,0,0,1720.840577,2454.286085,4163.949665,1261.322263,866198.5674,0,1393.391366
44.20901,123.3281,121,64.7,43.46666667,54.09166667,40.58,426,H,Organic ,13,4,SEED,831.3111546,0,0,0,0,0,177073.3663,0,4540.505005,5928.938742,0,0,0,0,0,0,0,1761.012841,2517.177374,0,522615.332,0,1946.441487
44.20901,123.3281,121,64.7,43.46666667,54.09166667,40.58,426,H,Organic ,13,5,SEED,856.4516129,0,0,0,0,0,105155.5412,0,2943.466718,3478.320073,0,4089.888621,0,0,0,0,0,0,1299.26144,0,308770.6527,0,0
44.20901,123.3281,121,64.7,43.46666667,54.09166667,40.58,426,H,Organic ,13,1,SKIN,829.6875,0,5298.767413,0,0,0,52625.79367,0,2690.59508,4864.994741,2525.575008,34914.48109,0,0,2729.13157,53767.06911,14876.8693,24213.34687,57560.10977,35224.25893,13882.0169,1752.279929,0
44.20901,123.3281,121,64.7,43.46666667,54.09166667,40.58,426,H,Organic ,13,2,SKIN,854.7283702,0,4661.052099,0,3507.220594,4215.369266,78790.04492,0,2509.544769,20177.14842,7026.914018,23484.42586,0,0,26434.16528,381980.2356,93091.47815,67760.97472,172347.1073,78719.60835,23854.30373,4038.325712,0
44.20901,123.3281,121,64.7,43.46666667,54.09166667,40.58,426,H,Organic ,13,3,SKIN,859.049545,0,4363.772447,0,0,0,61641.67734,0,2480.56608,3985.118695,6839.725846,32060.03637,1530.79051,0,19530.67461,279167.6903,65286.00087,54034.34947,135534.4308,49818.99808,24428.84852,2381.74317,0
44.20901,123.3281,121,64.7,43.46666667,54.09166667,40.58,426,H,Organic ,13,4,SKIN,837.4568753,0,2101.696402,0,0,0,38554.37939,0,1182.159519,10680.55232,2203.31752,19238.43188,1585.249344,0,79275.12457,11931.67931,18225.17795,3796.189919,7146.774471,30707.33982,5432.56645,0,0
44.20901,123.3281,121,64.7,43.46666667,54.09166667,40.58,426,H,Organic ,13,5,SKIN,838.2831771,0,4741.527636,0,0,0,91205.56243,0,3681.096253,35646.9938,6470.765694,43492.65348,0,0,30203.89277,282849.8594,71829.05272,53012.19154,142015.1988,77157.28908,4834.792983,0,0
44.02257,123.0045,138,64.7,43.46666667,54.09166667,40.58,72,H,Conventional ,14,1,PULP,866.4966854,0,0,0,0,0,2246.507884,0,3414.071995,0,0,0,0,0,0,0,0,0,0,0,0,0,0
44.02257,123.0045,138,64.7,43.46666667,54.09166667,40.58,72,H,Conventional ,14,2,PULP,826.459144,0,0,0,0,0,0,0,0,0,0,0,0,0,0,0,0,0,0,0,0,0,0
44.02257,123.0045,138,64.7,43.46666667,54.09166667,40.58,72,H,Conventional ,14,3,PULP,839.9406822,0,0,0,0,0,65467.27768,0,6703.99714,0,0,0,0,0,0,0,0,0,0,0,8847.394775,0,0
44.02257,123.0045,138,64.7,43.46666667,54.09166667,40.58,72,H,Conventional ,14,4,PULP,844.1132638,0,0,0,0,0,82427.87338,0,6968.83067,0,0,0,0,0,0,0,0,0,0,0,7769.344452,0,0
44.02257,123.0045,138,64.7,43.46666667,54.09166667,40.58,72,H,Conventional ,14,5,PULP,0,0,0,0,0,0,0,0,0,0,0,0,0,0,0,0,0,0,0,0,0,0,0
44.02257,123.0045,138,64.7,43.46666667,54.09166667,40.58,72,H,Conventional ,14,1,SEED,830.9046455,0,0,0,0,0,4204.378439,0,0,0,0,0,0,0,0,0,0,0,0,0,18981.8921,0,2232.56192
44.02257,123.0045,138,64.7,43.46666667,54.09166667,40.58,72,H,Conventional ,14,2,SEED,857.7486118,0,0,5643.64233,0,0,263655.5384,0,6138.59249,14689.48795,3526.631415,11460.81012,0,0,0,0,1445.889646,2037.12386,3480.929054,0,972652.3936,6158.478923,1371.242297
44.02257,123.0045,138,64.7,43.46666667,54.09166667,40.58,72,H,Conventional ,14,4,SEED,830.4985337,0,0,0,0,0,61018.81751,0,6302.498641,6585.729085,2557.738609,5089.050052,0,0,0,0,0,1323.585971,2486.765517,0,1174860.678,0,820.9453305
44.02257,123.0045,138,64.7,43.46666667,54.09166667,40.58,72,H,Conventional ,14,5,SEED,838.6969398,0,0,0,0,0,67586.61644,0,7069.356929,9452.354682,2867.125472,5719.266804,0,0,0,0,1238.408305,1809.399747,3280.731116,0,1494352.857,815.1181047,1491.245001
44.02257,123.0045,138,64.7,43.46666667,54.09166667,40.58,72,H,Conventional ,14,1,SKIN,849.6,0,3283.003991,0,0,0,51428.2515,0,3037.344087,18852.28162,0,31286.16489,0,0,1149.68494,37571.09404,6973.638074,17248.90231,42438.16085,23303.94075,11555.03119,0,0
44.02257,123.0045,138,64.7,43.46666667,54.09166667,40.58,72,H,Conventional ,14,2,SKIN,829.2825769,0,0,0,0,0,31317.74049,0,2257.984533,25737.42466,9401.811705,51395.76849,1717.018751,0,0,26658.07482,6329.647639,11390.37923,29396.83745,14951.89416,11778.44792,0,0
44.02257,123.0045,138,64.7,43.46666667,54.09166667,40.58,72,H,Conventional ,14,3,SKIN,845.3731343,0,4326.483182,2697.130174,0,0,53133.32951,0,2629.210013,37116.81145,11769.66405,1899.183442,0,0,10066.29885,193407.6801,34656.29354,46753.27336,115712.8591,49623.8856,15923.26716,1666.146581,0
44.02257,123.0045,138,64.7,43.46666667,54.09166667,40.58,72,H,Conventional ,14,4,SKIN,825.2549781,0,0,0,0,0,28505.34108,0,4631.151282,20075.29001,7745.024167,25302.75538,0,0,1446.956866,69073.90496,9803.002417,32390.13849,57436.66171,32992.47679,24757.37745,0,0
44.02257,123.0045,138,64.7,43.46666667,54.09166667,40.58,72,H,Conventional ,14,5,SKIN,839.9406822,0,1883.333998,0,0,0,21093.60179,0,2278.635113,18741.49707,7822.276377,28605.57696,1566.946088,0,2222.612665,96542.76775,11482.0624,43971.63074,78093.89909,52025.83445,29556.01982,2830.805057,0
45.51143,121.5584,591,50.63333333,35.43333333,43.025,79.83,221,I,Conventional ,15,1,PULP,824.4541485,0,0,0,0,0,3728.293431,0,3652.782465,0,0,0,0,0,0,0,0,0,0,0,0,0,0
45.51143,121.5584,591,50.63333333,35.43333333,43.025,79.83,221,I,Conventional ,15,2,PULP,866.9387755,0,0,0,0,0,93386.16621,0,2872.827148,2642.064293,0,5683.806974,0,0,0,0,0,0,0,0,3480.75549,0,0
45.51143,121.5584,591,50.63333333,35.43333333,43.025,79.83,221,I,Conventional ,15,3,PULP,832.1253673,0,0,0,0,0,60372.09368,0,3618.329067,0,0,3473.274253,0,0,0,0,0,0,0,1045.188095,4202.362007,0,0
45.51143,121.5584,591,50.63333333,35.43333333,43.025,79.83,221,I,Conventional ,15,4,PULP,830.0928188,0,0,0,0,0,116604.286,0,5609.199023,0,0,2696.652454,0,0,0,0,0,0,0,2298.776385,7123.270944,0,0
45.51143,121.5584,591,50.63333333,35.43333333,43.025,79.83,221,I,Conventional ,15,5,PULP,828.0701754,0,0,0,0,0,98197.73609,0,4906.353351,0,0,2412.324787,0,0,0,0,0,0,0,0,4603.367578,0,0
45.51143,121.5584,591,50.63333333,35.43333333,43.025,79.83,221,I,Conventional ,15,1,SEED,830.4985337,0,0,0,2967.421629,0,192321.1204,0,3947.896779,7875.338622,2981.542625,7159.504376,0,0,0,0,0,2181.192715,3032.051423,0,678823.8968,0,0
45.51143,121.5584,591,50.63333333,35.43333333,43.025,79.83,221,I,Conventional ,15,2,SEED,3398.4,0,0,0,0,0,187125.1933,0,3604.267493,8917.155783,0,0,0,0,0,0,0,0,0,0,598990.6288,0,0
45.51143,121.5584,591,50.63333333,35.43333333,43.025,79.83,221,I,Conventional ,15,3,SEED,826.8613139,0,0,0,0,0,274212.9403,0,6082.365718,21014.32577,2862.228306,11285.35376,0,0,0,0,0,2396.16069,4541.861566,1399.757194,951341.1098,0,1965.243611
45.51143,121.5584,591,50.63333333,35.43333333,43.025,79.83,221,I,Conventional ,15,4,SEED,840.7718951,0,0,0,0,0,218814.4629,0,8702.702472,10538.53634,1695.864262,6342.301148,0,0,0,0,1286.62819,2586.720148,2071.634149,994.8315378,835631.9961,0,1378.548238
45.51143,121.5584,591,50.63333333,35.43333333,43.025,79.83,221,I,Conventional ,15,5,SEED,857.7486118,0,0,0,0,0,170537.6414,0,4585.122342,7652.611853,2498.759478,7460.027985,0,0,0,0,0,2116.582095,2708.909804,0,517842.7105,0,709.0647803
45.51143,121.5584,591,50.63333333,35.43333333,43.025,79.83,221,I,Conventional ,15,1,SKIN,855.5891239,0,3035.267162,0,1523.732225,0,40979.3417,0,3774.743525,18430.68612,15977.21576,28434.83855,0,0,0,15535.83991,4705.892201,13019.94482,33903.48158,17441.90764,13450.38779,1964.258051,0
45.51143,121.5584,591,50.63333333,35.43333333,43.025,79.83,221,I,Conventional ,15,2,SKIN,853.4404822,0,5361.951333,0,2283.191085,0,79021.45875,0,4426.850523,37232.41732,13583.13069,55717.58708,0,0,2963.189097,92145.49781,18899.73255,43792.78477,98338.77261,49013.01044,27653.50003,1093.832041,0
45.51143,121.5584,591,50.63333333,35.43333333,43.025,79.83,221,I,Conventional ,15,3,SKIN,853.0120482,0,4259.996019,0,0,0,41798.73056,0,11276.59768,42151.71604,9203.301013,75365.5264,0,0,907.1204598,18398.39066,5608.910411,15933.56665,41463.26724,22640.99165,18931.27024,0,0
45.51143,121.5584,591,50.63333333,35.43333333,43.025,79.83,221,I,Conventional ,15,4,SKIN,850.8763145,0,0,4003.031639,0,0,52612.43118,0,2070.333975,33065.28555,13936.01407,46782.36825,0,0,4259.693768,78198.89603,15236.53846,29748.92084,75507.94287,31126.89482,21061.88663,0,0
45.51143,121.5584,591,50.63333333,35.43333333,43.025,79.83,221,I,Conventional ,15,5,SKIN,855.5891239,0,4943.800916,0,2058.781745,8743.983248,59744.91648,0,5712.725386,41009.92524,17486.47325,75078.90222,0,0,1454.697095,62681.57916,12270.73159,32202.30355,76266.66218,40259.01766,20875.87547,0,0
45.50422,121.5893,644,50.63333333,35.43333333,43.025,79.83,98,I,Organic ,16,1,PULP,867.381317,0,1840.732945,0,1256.870063,0,124525.3381,0,3884.65236,4253.66616,0,8028.938161,1759.099769,0,0,0,0,0,0,1086.041555,10132.40392,0,0
45.50422,121.5893,644,50.63333333,35.43333333,43.025,79.83,98,I,Organic ,16,2,PULP,828.0701754,0,0,0,0,0,68729.38537,0,7452.956328,0,0,1501.043614,1811.301816,0,0,0,0,0,0,0,6823.726986,0,0
45.50422,121.5893,644,50.63333333,35.43333333,43.025,79.83,98,I,Organic ,16,3,PULP,829.6875,0,0,0,0,0,143777.9591,0,10097.35781,2356.24354,2487.256838,6239.389939,2263.849105,0,1398.376216,0,0,0,1980.285046,1532.368013,6565.909011,0,0
45.50422,121.5893,644,50.63333333,35.43333333,43.025,79.83,98,I,Organic ,16,4,PULP,861.663286,0,0,0,0,0,0,0,0,0,0,0,0,0,0,0,0,0,0,0,0,0,0
45.50422,121.5893,644,50.63333333,35.43333333,43.025,79.83,98,I,Organic ,16,5,PULP,848.7512488,0,6184.119808,0,3118.104836,0,93684.06293,0,4222.518629,25421.40474,2747.571553,44275.42781,1562.715528,0,3996.111891,86124.00929,17507.94121,36247.56462,83177.84683,49991.16837,1708.398198,1422.71554,0
45.50422,121.5893,644,50.63333333,35.43333333,43.025,79.83,98,I,Organic ,16,1,SEED,860.3544304,0,0,0,0,0,18776.14155,0,0,0,0,0,0,0,0,0,0,0,0,0,3197.210291,0,0
45.50422,121.5893,644,50.63333333,35.43333333,43.025,79.83,98,I,Organic ,16,2,SEED,1735.648621,0,0,0,0,0,482756.8944,0,13405.53319,25356.3909,0,19542.70829,0,0,0,0,3104.515991,6235.228186,8401.017315,2306.906695,1725916.949,0,2109.286078
45.50422,121.5893,644,50.63333333,35.43333333,43.025,79.83,98,I,Organic ,16,3,SEED,821.6634429,0,0,0,0,0,231702.6441,0,5381.999629,11483.91702,0,8868.791327,1493.97625,0,0,0,1173.423568,2775.357454,4142.919747,828.5529939,796982.6714,0,860.1489938
45.50422,121.5893,644,50.63333333,35.43333333,43.025,79.83,98,I,Organic ,16,4,SEED,828.8780488,0,0,0,0,0,269484.3626,0,7231.639554,10790.46579,3937.334324,9238.088613,0,0,0,0,0,3125.467155,4952.222225,0,1105998.324,0,1189.685222
45.50422,121.5893,644,50.63333333,35.43333333,43.025,79.83,98,I,Organic ,16,5,SEED,844.5328032,0,0,0,0,0,308466.6653,0,6998.124607,13257.41277,3438.845078,9650.088647,1651.166747,0,0,0,1651.291722,3290.301625,5240.800893,1563.398963,1000450.65,736.0054155,1809.751666
45.50422,121.5893,644,50.63333333,35.43333333,43.025,79.83,98,I,Organic ,16,1,SKIN,849.1754123,0,5590.213758,0,2124.417776,0,84224.01767,0,3435.553883,29967.04958,12161.26007,50598.22206,2570.179279,0,5473.272825,94368.38943,23158.61609,35604.74043,81861.53486,50055.49522,20651.25817,1925.257938,0
45.50422,121.5893,644,50.63333333,35.43333333,43.025,79.83,98,I,Organic ,16,2,SKIN,850.0250125,0,5911.056083,0,4153.244439,0,73511.81985,0,4400.07645,21618.74704,14047.36252,57938.98892,2109.769005,0,2360.650578,37104.85653,9135.755952,19010.81308,48923.97554,30045.94968,20233.14857,0,0
45.50422,121.5893,644,50.63333333,35.43333333,43.025,79.83,98,I,Organic ,16,3,SKIN,842.0218038,0,5890.265491,0,10609.6248,0,115763.4345,0,7697.914794,25114.71633,8667.626614,44968.08757,0,0,3351.771561,47073.51031,10349.51165,18930.61529,51267.55492,24783.78565,49681.43751,1275.814506,0
45.50422,121.5893,644,50.63333333,35.43333333,43.025,79.83,98,I,Organic ,16,4,SKIN,855.5891239,0,8194.596389,0,2927.59022,0,127509.2465,0,6289.63661,31925.64815,18816.25106,57122.53386,0,0,4458.081194,144458.8014,28254.1102,54673.48978,131846.0448,65533.82655,40261.53935,0,0
45.50422,121.5893,644,50.63333333,35.43333333,43.025,79.83,98,I,Organic ,16,5,SKIN,819.6816208,0,2184.644517,0,1960.305488,0,145276.2214,0,6060.707866,3859.880662,0,1960.0063,0,0,0,0,0,0,0,0,4832.99284,0,0
45.83882,121.496,161,60.01666667,35.99166667,48.01666667,49.44,500,J,Conventional ,17,1,PULP,834.5776031,0,0,0,0,0,7344.022124,0,0,0,0,0,0,0,0,0,0,0,0,0,3899.372688,0,0
45.83882,121.496,161,60.01666667,35.99166667,48.01666667,49.44,500,J,Conventional ,17,2,PULP,829.2825769,0,0,0,0,0,0,0,0,0,0,0,0,0,0,0,0,0,0,0,0,0,0
45.83882,121.496,161,60.01666667,35.99166667,48.01666667,49.44,500,J,Conventional ,17,3,PULP,844.5328032,0,0,0,0,0,14510.22997,0,0,0,0,0,0,0,0,0,0,0,0,0,2741.734226,0,0
45.83882,121.496,161,60.01666667,35.99166667,48.01666667,49.44,500,J,Conventional ,17,4,PULP,839.1111111,0,0,0,0,0,18268.17779,0,0,0,0,0,0,0,0,0,0,0,0,0,2134.821556,0,0
45.83882,121.496,161,60.01666667,35.99166667,48.01666667,49.44,500,J,Conventional ,17,5,PULP,845.3731343,0,0,0,0,0,11376.05009,0,0,0,0,0,0,0,0,0,0,0,0,0,5133.113935,0,0
45.83882,121.496,161,60.01666667,35.99166667,48.01666667,49.44,500,J,Conventional ,17,1,SEED,859.9190283,0,0,3929.294177,0,0,211636.6301,0,5917.013666,15875.29231,3625.965092,14678.98,0,0,0,0,0,0,0,0,662401.2008,0,1444.450365
45.83882,121.496,161,60.01666667,35.99166667,48.01666667,49.44,500,J,Conventional ,17,2,SEED,829.6875,0,0,0,0,0,0,0,0,2264.746981,0,0,0,0,0,0,0,0,0,0,9366.91217,0,910.4536631
45.83882,121.496,161,60.01666667,35.99166667,48.01666667,49.44,500,J,Conventional ,17,3,SEED,852.5840442,0,0,0,0,0,115658.6045,0,3240.50725,8233.462631,1558.689316,8953.570531,0,0,0,0,0,1293.185352,975.4748001,0,314909.783,0,676.0868391
45.83882,121.496,161,60.01666667,35.99166667,48.01666667,49.44,500,J,Conventional ,17,4,SEED,834.987715,0,0,3147.567097,0,0,161766.855,0,4629.308148,9776.717576,2906.654015,9542.507814,0,0,0,0,0,1910.126756,1549.17502,0,546486.3223,0,0
45.83882,121.496,161,60.01666667,35.99166667,48.01666667,49.44,500,J,Conventional ,17,5,SEED,823.255814,0,0,0,0,0,149090.0896,0,4261.878619,11171.37849,0,12988.92599,0,0,0,0,0,1457.464652,1102.661132,0,353479.8009,0,0
45.83882,121.496,161,60.01666667,35.99166667,48.01666667,49.44,500,J,Conventional ,17,1,SKIN,848.3275087,0,1209.558518,0,0,0,6039.246656,0,0,7651.392578,3061.923344,17454.57693,0,0,1133.056217,16218.85889,3935.993642,7480.964165,16403.53869,9853.011696,4140.046231,0,0
45.83882,121.496,161,60.01666667,35.99166667,48.01666667,49.44,500,J,Conventional ,17,2,SKIN,836.6322009,0,1508.363749,0,5019.236651,0,11785.95372,0,1365.412689,11860.6967,1503.193764,22464.44536,0,0,3860.466804,89530.40033,16707.99772,23249.792,53705.09946,8703.031406,10209.34576,2042.452591,1311.526951
45.83882,121.496,161,60.01666667,35.99166667,48.01666667,49.44,500,J,Conventional ,17,3,SKIN,835.3982301,0,1970.55728,0,0,0,15780.50923,0,0,8509.253424,1409.010378,20928.02644,0,0,2826.328207,87289.69867,12831.60218,23335.65178,54373.99663,31217.88089,6914.405751,0,0
45.83882,121.496,161,60.01666667,35.99166667,48.01666667,49.44,500,J,Conventional ,17,5,SKIN,847.9041916,0,1639.73437,0,0,0,8212.006077,0,0,9208.762885,0,20366.62403,0,0,2374.542763,57449.69753,8701.114969,13717.79082,35303.26586,20973.89711,6285.930845,0,0
45.69196,121.5184,172,60.95,42.46666667,51.7,29.84,339,K,Conventional ,18,1,PULP,832.533072,0,1758.901562,0,0,0,165167.0141,0,5249.556179,3236.862325,0,6176.544067,0,0,0,0,0,0,0,1248.629928,7052.987307,0,0
45.69196,121.5184,172,60.95,42.46666667,51.7,29.84,339,K,Conventional ,18,2,PULP,852.5840442,0,0,0,0,0,70697.98879,0,3779.380323,0,0,1606.893925,0,0,0,0,0,0,0,0,1360.924688,0,0
45.69196,121.5184,172,60.95,42.46666667,51.7,29.84,339,K,Conventional ,18,3,PULP,851.3026052,0,0,0,0,0,121920.9272,0,3688.121985,1265.644173,0,2713.649561,0,0,0,0,0,0,0,0,1969.691201,0,0
45.69196,121.5184,172,60.95,42.46666667,51.7,29.84,339,K,Conventional ,18,4,PULP,854.7283702,0,0,0,0,0,118515.932,0,5392.811876,0,1700.610185,4007.688973,0,0,0,0,0,0,0,0,1197.083408,0,0
45.69196,121.5184,172,60.95,42.46666667,51.7,29.84,339,K,Conventional ,18,5,PULP,826.459144,0,0,0,0,0,151776.7604,0,4822.312816,5696.821981,0,8143.128488,0,0,0,0,0,0,0,0,8570.668945,0,0
45.69196,121.5184,172,60.95,42.46666667,51.7,29.84,339,K,Conventional ,18,1,SEED,862.1004566,0,0,0,0,0,179980.877,0,6331.864399,7403.794035,5334.955568,6508.63895,0,0,0,0,697.168171,989.6424943,1639.293456,0,477522.0254,0,0
45.69196,121.5184,172,60.95,42.46666667,51.7,29.84,339,K,Conventional ,18,2,SEED,829.2825769,0,0,3789.834876,0,0,243528.5364,0,7132.86893,9324.725471,2815.922487,8331.255379,0,0,0,0,1504.986726,2250.4232,3121.62376,955.6636897,685178.0905,0,1048.989618
45.69196,121.5184,172,60.95,42.46666667,51.7,29.84,339,K,Conventional ,18,3,SEED,843.2754342,0,0,0,0,0,361300.2776,0,9703.469107,12413.6802,2908.243852,12216.05955,0,0,0,0,1140.888273,1626.888557,3653.051603,0,1253625.951,0,1024.696156
45.69196,121.5184,172,60.95,42.46666667,51.7,29.84,339,K,Conventional ,18,4,SEED,859.4840668,0,0,0,0,0,306478.3842,0,12437.71069,14866.57216,0,10831.48608,0,0,0,0,1808.829729,1867.46662,3355.072271,0,722630.8439,0,1204.446811
45.69196,121.5184,172,60.95,42.46666667,51.7,29.84,339,K,Conventional ,18,5,SEED,0,0,0,0,0,0,0,0,0,0,0,0,0,0,0,0,0,0,0,0,0,0,0
45.69196,121.5184,172,60.95,42.46666667,51.7,29.84,339,K,Conventional ,18,1,SKIN,863.8535841,0,3873.716248,0,0,14291.21174,142767.692,0,2914.742341,33913.09699,8799.091795,32091.08992,1491.69485,0,32999.35328,577279.1945,100544.7616,105683.3209,248856.4877,142421.9949,39333.13482,3942.179744,0
45.69196,121.5184,172,60.95,42.46666667,51.7,29.84,339,K,Conventional ,18,2,SKIN,801.8876829,0,0,0,0,0,67730.62264,0,2896.780827,26640.00379,7443.641886,43261.19024,1914.737437,0,11082.76308,301578.5262,41140.48064,63118.29917,149897.3102,72864.45283,14654.10735,2722.450157,0
45.69196,121.5184,172,60.95,42.46666667,51.7,29.84,339,K,Conventional ,18,3,SKIN,844.5328032,0,3006.312171,0,0,0,68369.9892,0,2257.94163,4412.581224,7261.625408,30547.16437,1395.399876,0,17121.99129,304648.7753,44210.55267,73115.73869,168293.0106,115687.9492,18914.31118,3570.116046,0
45.69196,121.5184,172,60.95,42.46666667,51.7,29.84,339,K,Conventional ,18,4,SKIN,855.1585304,0,3781.737599,0,0,25724.65945,85124.03025,0,2652.245234,4811.596444,18979.63628,27138.2345,0,0,626099.5328,101105.9821,102101.5565,38751.18411,20155.89635,102514.8046,7644.137916,4761.474165,0
45.69196,121.5184,172,60.95,42.46666667,51.7,29.84,339,K,Conventional ,18,5,SKIN,820.4732014,0,3981.246742,0,0,7943.647122,162403.1216,0,3274.853763,30789.9,8748.5445,32167.00056,0,0,44282.7655,684588.7902,141754.3845,135195.5267,281839.2507,155150.2983,50449.64122,3938.686175,0
47.26603,119.9447,401,63.68333333,39.45833333,51.56666667,4.23,5226,L,Organic ,19,1,PULP,871.8317086,0,0,0,0,0,0,0,0,0,0,0,0,0,0,0,0,0,0,0,0,0,0
47.26603,119.9447,401,63.68333333,39.45833333,51.56666667,4.23,5226,L,Organic ,19,2,PULP,847.9041916,0,0,0,0,0,64936.63817,0,6018.296744,0,0,0,0,0,0,0,0,0,0,0,8081.74587,0,0
47.26603,119.9447,401,63.68333333,39.45833333,51.56666667,4.23,5226,L,Organic ,19,3,PULP,850.0250125,0,0,0,0,0,62628.80374,0,4307.136508,0,0,2122.747885,0,0,0,0,0,0,0,0,1686.84749,0,0
47.26603,119.9447,401,63.68333333,39.45833333,51.56666667,4.23,5226,L,Organic ,19,4,PULP,852.5840442,0,0,0,0,0,41200.33531,0,4088.212441,0,0,0,0,0,0,0,0,0,0,0,0,0,0
47.26603,119.9447,401,63.68333333,39.45833333,51.56666667,4.23,5226,L,Organic ,19,5,PULP,828.4739152,0,0,0,0,0,56391.56954,0,5363.895003,0,0,0,0,0,0,0,0,0,0,0,8866.80862,0,0
47.26603,119.9447,401,63.68333333,39.45833333,51.56666667,4.23,5226,L,Organic ,19,1,SEED,841.1881188,0,0,0,0,0,141514.5737,0,4162.876497,6051.343275,1972.667217,4507.535193,0,0,0,0,897.9489192,1582.295265,2281.658486,0,630545.2053,0,749.2403024
47.26603,119.9447,401,63.68333333,39.45833333,51.56666667,4.23,5226,L,Organic ,19,2,SEED,845.7939273,0,0,3040.621801,0,0,194896.6866,0,4770.549975,7793.706966,2555.0248,6780.054211,0,0,0,0,1300.487562,1829.4449,2810.825837,0,807314.7399,0,765.3282524
47.26603,119.9447,401,63.68333333,39.45833333,51.56666667,4.23,5226,L,Organic ,19,3,SEED,873.6246787,0,0,0,0,0,0,0,0,0,0,0,0,0,0,0,0,0,0,3876.596332,41029.10567,0,4373.561985
47.26603,119.9447,401,63.68333333,39.45833333,51.56666667,4.23,5226,L,Organic ,19,5,SEED,820.8695652,0,0,0,0,0,190454.6034,0,3978.308503,7668.392587,0,6817.742605,0,0,0,1146.650373,0,1836.988472,2698.634355,714.9577291,702910.8035,0,697.5203619
47.26603,119.9447,401,63.68333333,39.45833333,51.56666667,4.23,5226,L,Organic ,19,1,SKIN,836.2204724,0,2351.727692,0,0,0,18560.61569,0,1360.712146,24068.3514,1800.385352,31893.57157,0,0,25079.01606,4368.172931,9430.39262,20060.2857,4782.408063,14299.26083,9490.350408,0,0
47.26603,119.9447,401,63.68333333,39.45833333,51.56666667,4.23,5226,L,Organic ,19,2,SKIN,836.6322009,0,30722.4421,0,0,0,294695.779,0,12608.3454,365949.6979,31094.12275,388203.7876,0,0,0,19185.48854,845812.2261,123882.3814,217166.4806,486094.0432,339727.893,1552430.798,0
47.26603,119.9447,401,63.68333333,39.45833333,51.56666667,4.23,5226,L,Organic ,19,3,SKIN,859.9190283,0,3574.407358,0,0,0,24069.21621,0,1731.917965,31420.92341,2884.673379,51755.73343,0,0,0,53338.27143,9677.027031,21368.97138,45803.8616,32129.65057,15620.17438,0,0
47.26603,119.9447,401,63.68333333,39.45833333,51.56666667,4.23,5226,L,Organic ,19,4,SKIN,868.7116564,0,2933.748092,0,0,0,32477.06086,0,1686.260655,22011.12588,2615.705307,36667.23606,0,0,3258.546757,100761.9957,15707.72241,25604.22344,60999.36668,36828.05717,12660.04503,0,0
47.26603,119.9447,401,63.68333333,39.45833333,51.56666667,4.23,5226,L,Organic ,19,5,SKIN,857.7486118,0,3554.003039,0,0,0,26605.83922,0,2727.92183,21398.15058,6988.249468,30235.75549,0,0,1012.661157,39403.85789,6804.097102,16421.26278,40159.12477,21414.10467,18175.65446,0,0
47.55188,120.2998,203,62.11666667,41.725,51.95833333,8.85,271,L,Conventional ,20,1,PULP,829.6875,0,0,0,0,0,74284.70197,0,4830.40458,0,0,0,0,0,0,0,0,0,0,0,8661.596024,0,0
47.55188,120.2998,203,62.11666667,41.725,51.95833333,8.85,271,L,Conventional ,20,2,PULP,850.4504505,0,2074.840963,0,0,0,164414.8915,0,3965.890761,5472.105307,1604.875762,6820.646121,0,0,0,0,0,0,0,0,4152.024202,0,0
47.55188,120.2998,203,62.11666667,41.725,51.95833333,8.85,271,L,Conventional ,20,3,PULP,829.2825769,0,0,0,0,0,107890.589,0,3872.927936,2796.001568,0,3283.927748,0,0,0,0,0,0,0,0,2202.654846,0,0
47.55188,120.2998,203,62.11666667,41.725,51.95833333,8.85,271,L,Conventional ,20,4,PULP,841.6047548,0,0,0,0,0,85489.16484,0,4127.298978,0,0,1766.671353,0,0,0,0,0,0,0,0,1384.906056,0,0
47.55188,120.2998,203,62.11666667,41.725,51.95833333,8.85,271,L,Conventional ,20,5,PULP,837.4568753,0,0,0,0,0,109807.7066,0,5618.933767,1963.43758,0,3679.605381,0,0,0,0,0,0,0,0,2523.866216,0,0
47.55188,120.2998,203,62.11666667,41.725,51.95833333,8.85,271,L,Conventional ,20,1,SEED,854.7283702,0,0,0,0,0,119513.0268,0,4192.957814,6690.040011,0,4052.481366,0,0,0,0,0,0,1338.796932,0,435996.549,0,0
47.55188,120.2998,203,62.11666667,41.725,51.95833333,8.85,271,L,Conventional ,20,2,SEED,824.8543689,0,0,1942.777877,0,0,93665.63761,0,2681.559947,3708.389443,0,2559.846524,0,0,0,0,0,0,0,953.1232928,315710.0963,0,0
47.55188,120.2998,203,62.11666667,41.725,51.95833333,8.85,271,L,Conventional ,20,3,SEED,851.3026052,0,0,3475.753517,0,0,199521.9954,0,5883.831055,8725.477974,2339.7132,6944.938868,0,0,0,0,1591.331014,1796.178869,2631.124873,0,668745.3836,0,697.9139553
47.55188,120.2998,203,62.11666667,41.725,51.95833333,8.85,271,L,Conventional ,20,4,SEED,854.2986425,0,0,0,0,0,71128.50298,0,2048.328372,2363.640029,0,2060.958934,0,0,0,0,0,0,0,0,226749.6494,0,0
47.55188,120.2998,203,62.11666667,41.725,51.95833333,8.85,271,L,Conventional ,20,5,SEED,824.0543162,0,0,0,0,0,165934.6933,0,5140.614295,6583.026465,1802.597797,5320.427655,0,0,0,0,1232.324595,1398.665417,2199.914233,0,640701.1786,0,698.9603655
47.55188,120.2998,203,62.11666667,41.725,51.95833333,8.85,271,L,Conventional ,20,1,SKIN,826.459144,0,4087.091433,0,0,0,35412.76045,0,0,30794.82618,5475.263158,25036.07569,0,0,3605.271431,166170.0919,31017.44896,38111.08764,79160.98543,53068.5298,14602.68527,0,0
47.55188,120.2998,203,62.11666667,41.725,51.95833333,8.85,271,L,Conventional ,20,2,SKIN,862.97613,0,3645.543771,0,0,26341.66036,44824.46392,0,1434.017753,5322.422778,5894.130768,4056.70576,0,0,175809.4019,21921.96722,44086.03811,10720.14894,99669.7443,61761.14109,1066.171034,1375.512667,0
47.55188,120.2998,203,62.11666667,41.725,51.95833333,8.85,271,L,Conventional ,20,3,SKIN,849.6,0,4818.640844,0,0,0,81606.00035,0,1160.650381,31350.10568,6117.106632,25521.95315,0,0,3200.953612,132385.5939,23205.85724,36767.77115,81644.18811,53105.05565,16089.93621,2041.245353,0
47.55188,120.2998,203,62.11666667,41.725,51.95833333,8.85,271,L,Conventional ,20,4,SKIN,857.3158426,0,3084.006615,0,12024.65697,0,23941.80128,0,1801.07997,48873.35575,9593.967858,43775.66727,0,0,1103.96967,72078.47584,12858.6355,25469.99007,58185.65588,42495.26298,15559.9677,2466.099232,0
47.55188,120.2998,203,62.11666667,41.725,51.95833333,8.85,271,L,Conventional ,20,5,SKIN,842.0218038,0,3717.668504,0,0,0,55265.95419,0,3367.767618,0,7602.207901,1235.494178,0,0,0,18061.20091,8364.174611,15021.00277,34493.08538,25040.62303,13210.73681,1703.774348,0
46.97863,119.3915,390,63.68333333,39.45833333,51.56666667,4.23,5737,M,Organic ,21,1,PULP,840.3560831,0,0,0,0,0,79846.50175,0,3647.116126,3048.668542,0,3959.01594,0,0,0,0,0,0,0,0,1609.186336,0,0
46.97863,119.3915,390,63.68333333,39.45833333,51.56666667,4.23,5737,M,Organic ,21,2,PULP,847.4812968,0,964.0124912,0,0,0,53030.32603,0,3416.219079,1790.521605,0,3221.988499,0,0,0,0,0,0,0,0,2968.929828,0,0
46.97863,119.3915,390,63.68333333,39.45833333,51.56666667,4.23,5737,M,Organic ,21,3,PULP,854.7283702,0,0,0,0,0,79961.1039,0,4410.754234,1875.261301,0,3107.264721,0,0,0,0,0,0,0,0,6169.69436,0,0
46.97863,119.3915,390,63.68333333,39.45833333,51.56666667,4.23,5737,M,Organic ,21,4,PULP,825.2549781,0,0,0,0,0,71544.43311,0,4270.103052,1450.623431,0,2905.771585,0,0,0,0,0,0,0,0,2344.652887,0,0
46.97863,119.3915,390,63.68333333,39.45833333,51.56666667,4.23,5737,M,Organic ,21,5,PULP,847.0588235,0,0,0,0,0,71959.85361,0,5091.274712,0,0,0,0,0,0,0,0,0,0,0,4065.111809,0,0
46.97863,119.3915,390,63.68333333,39.45833333,51.56666667,4.23,5737,M,Organic ,21,1,SEED,865.6138563,0,0,3790.915379,0,0,227199.7237,0,5790.669682,15562.63974,2186.463686,10154.42431,0,0,0,0,0,3303.307256,0,0,906628.8889,0,0
46.97863,119.3915,390,63.68333333,39.45833333,51.56666667,4.23,5737,M,Organic ,21,2,SEED,824.4541485,0,0,3241.430284,0,0,111934.8967,0,2710.327841,6529.832491,0,4927.236483,0,0,0,0,0,0,0,1563.799192,502507.2342,0,0
46.97863,119.3915,390,63.68333333,39.45833333,51.56666667,4.23,5737,M,Organic ,21,3,SEED,851.7293233,0,0,0,0,0,0,0,0,0,0,0,0,0,0,0,0,0,0,0,90038.49759,0,25357.28176
46.97863,119.3915,390,63.68333333,39.45833333,51.56666667,4.23,5737,M,Organic ,21,4,SEED,842.8571429,0,0,0,0,0,162294.1166,0,3502.884267,8185.951921,1993.594127,7968.144642,0,0,0,0,863.1668393,1626.078921,2385.265359,0,635033.5941,0,731.250218
46.97863,119.3915,390,63.68333333,39.45833333,51.56666667,4.23,5737,M,Organic ,21,5,SEED,836.6322009,0,0,5408.708994,0,0,204826.9479,0,5566.891086,14205.10827,2292.451831,10109.63987,0,0,0,0,0,0,2044.365279,2866.028494,772390.2563,0,1312.232536
46.97863,119.3915,390,63.68333333,39.45833333,51.56666667,4.23,5737,M,Organic ,21,1,SKIN,844.1132638,0,6307.829595,0,0,0,24219.47507,0,4321.559423,58371.58581,9361.407853,48514.4298,0,0,2982.244922,133450.9185,25167.32325,42382.47757,94669.36022,59602.8847,22945.63803,3691.203855,0
46.97863,119.3915,390,63.68333333,39.45833333,51.56666667,4.23,5737,M,Organic ,21,2,SKIN,856.0201511,0,5614.442432,0,0,0,32347.75289,0,2510.430958,20886.31971,2976.73687,30312.30498,0,0,1692.882433,69494.56323,15563.71354,23938.55141,52483.97544,35468.26956,11344.15974,0,0
46.97863,119.3915,390,63.68333333,39.45833333,51.56666667,4.23,5737,M,Organic ,21,3,SKIN,830.9046455,0,3579.456613,0,0,0,27149.34663,0,2276.10197,19752.95315,5333.819096,21589.39889,0,0,1652.59153,50084.15915,10512.38593,16371.99569,37661.79911,22756.09507,7445.435961,0,0
46.97863,119.3915,390,63.68333333,39.45833333,51.56666667,4.23,5737,M,Organic ,21,4,SKIN,842.4392662,0,11439.02657,0,0,0,80381.19304,0,4503.769861,95626.75916,21231.42634,94658.13727,0,0,5401.695792,230319.7048,44015.30945,84057.7735,202997.1398,99661.45847,31228.53716,0,0
46.97863,119.3915,390,63.68333333,39.45833333,51.56666667,4.23,5737,M,Organic ,21,5,SKIN,857.3158426,0,54255.75928,0,0,0,622702.5058,0,80175.35581,429177.5572,61728.95209,67129.00921,0,0,0,125784.8621,697514.2941,291829.9463,422337.5126,918187.885,510369.7243,2068591.154,0
46.97863,119.3915,390,63.68333333,39.45833333,51.56666667,4.23,5737,M,Conventional ,22,1,PULP,867.381317,0,0,0,0,0,25891.31776,0,1285.942154,0,0,0,0,0,0,0,0,0,0,0,1432.288929,0,0
46.97863,119.3915,390,63.68333333,39.45833333,51.56666667,4.23,5737,M,Conventional ,22,2,PULP,834.987715,0,0,0,0,0,36689.61425,0,4427.547925,0,0,0,0,0,0,0,0,0,0,0,1659.207714,0,0
46.97863,119.3915,390,63.68333333,39.45833333,51.56666667,4.23,5737,M,Conventional ,22,3,PULP,842.8571429,0,0,0,0,0,45098.26183,0,2381.2634,0,0,0,0,0,0,0,0,0,0,0,2099.745699,0,0
46.97863,119.3915,390,63.68333333,39.45833333,51.56666667,4.23,5737,M,Conventional ,22,4,PULP,858.6154624,0,0,0,0,0,25750.11649,0,2776.354278,0,0,0,0,0,0,0,0,0,0,0,2269.08348,0,0
46.97863,119.3915,390,63.68333333,39.45833333,51.56666667,4.23,5737,M,Conventional ,22,5,PULP,844.9527598,0,0,0,0,0,0,0,0,0,0,0,0,0,0,0,0,0,0,0,0,0,0
46.97863,119.3915,390,63.68333333,39.45833333,51.56666667,4.23,5737,M,Conventional ,22,1,SEED,846.6367713,0,0,0,0,0,263526.2574,0,4514.704244,17179.34305,3991.350291,12682.84562,0,0,0,0,0,2639.499016,2692.584773,0,835289.6424,0,974.149348
46.97863,119.3915,390,63.68333333,39.45833333,51.56666667,4.23,5737,M,Conventional ,22,2,SEED,1809.584665,0,0,0,0,0,636978.3195,0,7595.803915,38103.47302,10079.37082,29506.67925,0,0,0,0,0,4148.423922,4802.106586,0,1915379.49,0,2372.685133
46.97863,119.3915,390,63.68333333,39.45833333,51.56666667,4.23,5737,M,Conventional ,22,3,SEED,1328.53792,0,0,0,0,0,267205.004,0,11243.53584,9006.590027,0,6871.437815,0,0,0,0,0,0,0,4497.029139,1307785.314,0,1594.528373
46.97863,119.3915,390,63.68333333,39.45833333,51.56666667,4.23,5737,M,Conventional ,22,4,SEED,841.6047548,0,0,2783.029468,0,0,198375.3954,0,3467.924908,10399.46932,2503.121335,9118.233282,0,0,0,0,1047.868845,2202.763129,2460.177701,0,761106.9497,0,908.0547986
46.97863,119.3915,390,63.68333333,39.45833333,51.56666667,4.23,5737,M,Conventional ,22,5,SEED,12775.93985,0,0,0,0,0,1093643.719,0,18042.0745,37283.58047,0,27552.415,0,0,0,0,0,0,0,0,3479331.847,0,0
46.97863,119.3915,390,63.68333333,39.45833333,51.56666667,4.23,5737,M,Conventional ,22,1,SKIN,818.8915663,0,0,0,0,0,12244.30115,0,0,12632.62705,2433.681869,15855.18524,0,0,42995.79572,6913.131099,17060.91496,33751.34513,6598.177134,24003.72394,5403.214373,0,0
46.97863,119.3915,390,63.68333333,39.45833333,51.56666667,4.23,5737,M,Conventional ,22,2,SKIN,809.5283468,0,1549.697972,0,0,0,12658.10832,0,1818.295109,13943.58225,3395.278953,19116.94254,0,0,0,35810.91715,5830.417552,14499.1625,28899.62902,20291.98908,5633.589928,0,0
46.97863,119.3915,390,63.68333333,39.45833333,51.56666667,4.23,5737,M,Conventional ,22,3,SKIN,839.5256917,0,4208.505577,0,0,0,23866.44757,0,1654.078167,16185.44137,5390.711297,21640.72614,0,0,0,47501.46778,7132.102231,17955.23515,38090.6338,23172.90078,7182.905764,0,0
46.97863,119.3915,390,63.68333333,39.45833333,51.56666667,4.23,5737,M,Conventional ,22,4,SKIN,818.1030332,0,1619.084932,0,0,0,22511.56582,0,1267.989904,11320.38396,2207.539124,14182.55442,0,0,3198.919663,129965.4276,18766.14574,28819.16359,59185.34038,38414.27656,2728.002021,0,0
46.97863,119.3915,390,63.68333333,39.45833333,51.56666667,4.23,5737,M,Conventional ,22,5,SKIN,836.6322009,0,1547.869904,0,0,0,25326.75726,0,2522.261278,3195.818742,15539.48642,0,0,0,7620.577567,55020.3064,6389.462451,13818.75652,42052.14904,17362.4096,7156.883724,0,0
48.85879,119.4922,393,56.35,30.45,43.40833333,18.44,317,N,Organic ,23,1,PULP,851.3026052,0,0,0,0,0,52167.60063,0,5239.026769,0,0,0,0,0,0,0,0,0,0,0,9532.700687,0,0
48.85879,119.4922,393,56.35,30.45,43.40833333,18.44,317,N,Organic ,23,2,PULP,867.381317,0,0,0,0,0,80218.43143,0,5787.791971,1964.32203,0,3386.594259,0,0,0,0,0,0,0,1024.86078,823.1009909,0,0
48.85879,119.4922,393,56.35,30.45,43.40833333,18.44,317,N,Organic ,23,3,PULP,844.1132638,0,0,0,0,0,0,0,0,0,0,0,0,0,0,0,0,0,0,0,0,0,0
48.85879,119.4922,393,56.35,30.45,43.40833333,18.44,317,N,Organic ,23,4,PULP,835.809149,0,0,0,0,0,68989.38647,0,5565.198666,0,0,0,0,0,0,0,0,0,0,0,13032.39534,0,0
48.85879,119.4922,393,56.35,30.45,43.40833333,18.44,317,N,Organic ,23,5,PULP,851.3026052,0,0,0,0,0,52620.51229,0,5431.360354,0,0,0,0,0,0,0,0,0,0,0,6127.778947,0,0
48.85879,119.4922,393,56.35,30.45,43.40833333,18.44,317,N,Organic ,23,1,SEED,826.8613139,0,0,0,0,0,163150.2538,0,5030.801531,6481.640196,0,5429.13088,0,0,0,0,954.1611361,1759.393038,2448.45191,0,599154.3887,0,569.5386135
48.85879,119.4922,393,56.35,30.45,43.40833333,18.44,317,N,Organic ,23,2,SEED,766.0955816,0,0,0,0,0,99636.19455,0,3180.140794,4244.199715,0,3472.981002,0,0,0,0,0,0,1190.817117,1628.958265,415170.7299,0,0
48.85879,119.4922,393,56.35,30.45,43.40833333,18.44,317,N,Organic ,23,3,SEED,862.97613,0,0,0,0,0,144832.1888,0,4590.935173,5296.679161,1812.467942,4867.844524,0,0,0,0,1068.894758,1698.967065,2405.167779,0,553925.9248,0,627.6308179
48.85879,119.4922,393,56.35,30.45,43.40833333,18.44,317,N,Organic ,23,4,SEED,837.4568753,0,0,0,0,0,164327.6854,0,4604.668436,9949.371469,2684.435223,6965.579421,0,0,0,977.9840451,1665.275173,2718.618876,4335.193862,1504.14433,629343.4544,0,1397.010153
48.85879,119.4922,393,56.35,30.45,43.40833333,18.44,317,N,Organic ,23,5,SEED,735.9029883,0,0,0,0,0,0,0,0,0,0,0,0,0,0,0,0,0,0,0,32202.39548,0,6184.303569
48.85879,119.4922,393,56.35,30.45,43.40833333,18.44,317,N,Organic ,23,1,SKIN,824.4541485,0,3816.604874,0,7761.516754,0,56332.88489,0,2558.328723,31129.95063,3967.918322,35580.34758,0,0,1865.658764,71985.05396,9890.439962,19429.35935,48677.49725,24592.65537,10662.91023,0,0
48.85879,119.4922,393,56.35,30.45,43.40833333,18.44,317,N,Organic ,23,2,SKIN,835.809149,0,5086.231871,0,0,0,65254.76575,0,2230.192543,19941.41065,7815.903788,35998.8176,0,0,0,57080.01317,8485.977984,22395.54087,49458.6137,31919.59813,10874.49035,0,0
48.85879,119.4922,393,56.35,30.45,43.40833333,18.44,317,N,Organic ,23,3,SKIN,855.5891239,0,3767.38827,0,0,0,49697.11621,0,2133.472642,17854.79979,2548.455529,24479.77887,0,0,973.1386827,64389.03129,9812.775773,26348.59053,56259.09126,34680.67372,11158.17689,1144.53678,0
48.85879,119.4922,393,56.35,30.45,43.40833333,18.44,317,N,Organic ,23,4,SKIN,829.2825769,0,5490.974795,0,0,0,93277.17701,0,7082.767463,46064.69148,11833.46364,1731.785662,0,0,0,17852.10554,6566.072292,17518.05364,39711.27307,23109.76908,13096.52873,0,0
48.85879,119.4922,393,56.35,30.45,43.40833333,18.44,317,N,Organic ,23,5,SKIN,816.1383285,0,3514.776892,0,5609.973136,0,49528.50551,0,3114.310992,17205.48078,1460.714244,2482.907308,0,0,30999.90412,5784.255705,11096.41255,651.9525647,26331.29198,15953.44578,7622.112671,0,0
48.72351,118.1218,493,58.15833333,33.90833333,46.04166667,15.81,402,P,Organic ,24,1,PULP,850.8763145,0,0,0,0,0,116409.6584,0,6188.036716,2735.517447,0,4079.168448,0,0,0,0,0,0,0,0,6647.597102,0,0
48.72351,118.1218,493,58.15833333,33.90833333,46.04166667,15.81,402,P,Organic ,24,2,PULP,834.5776031,0,0,0,0,0,189365.0762,0,6739.921558,4247.986648,0,4770.471381,0,0,0,0,0,0,0,0,11424.26635,0,0
48.72351,118.1218,493,58.15833333,33.90833333,46.04166667,15.81,402,P,Organic ,24,3,PULP,858.1818182,0,2432.751158,0,0,0,181486.6035,0,7816.979157,5566.612085,0,8937.011631,1813.903404,0,0,0,0,0,0,996.8081155,9385.035561,0,0
48.72351,118.1218,493,58.15833333,33.90833333,46.04166667,15.81,402,P,Organic ,24,4,PULP,856.0201511,0,0,0,0,0,170806.1939,0,6227.749663,3017.002286,2083.612213,3843.171755,2557.446926,0,0,0,0,0,0,0,8902.69738,0,0
48.72351,118.1218,493,58.15833333,33.90833333,46.04166667,15.81,402,P,Organic ,24,5,PULP,844.9527598,0,0,0,0,0,16943.31618,0,6912.218372,0,0,0,0,0,0,0,0,0,0,0,0,0,0
48.72351,118.1218,493,58.15833333,33.90833333,46.04166667,15.81,402,P,Organic ,24,1,SEED,828.4739152,0,0,0,0,0,229737.9204,0,6387.767841,4069.413058,0,2442.732533,0,0,0,1586.828616,0,2989.143902,3569.246197,868.6222037,813137.323,0,849.5980808
48.72351,118.1218,493,58.15833333,33.90833333,46.04166667,15.81,402,P,Organic ,24,2,SEED,850.4504505,0,0,3801.349364,0,0,291430.7357,0,6846.691552,4068.845508,1471.5666,8246.849218,0,0,0,0,2259.226529,3496.34325,4944.890972,1721.306031,811473.276,0,998.5206033
48.72351,118.1218,493,58.15833333,33.90833333,46.04166667,15.81,402,P,Organic ,24,3,SEED,850.0250125,0,0,5737.655623,0,0,379046.5119,0,8237.546891,24684.08514,4195.932462,18442.87694,0,0,0,0,3111.967159,3310.329327,4703.232042,1503.365945,974355.8538,0,817.6515352
48.72351,118.1218,493,58.15833333,33.90833333,46.04166667,15.81,402,P,Organic ,24,4,SEED,860.3544304,0,0,0,0,0,309615.6803,0,6310.178159,4674.73776,0,10947.5048,0,0,0,0,2254.607387,3106.88495,5023.488894,1584.667763,920004.2295,0,1302.263731
48.72351,118.1218,493,58.15833333,33.90833333,46.04166667,15.81,402,P,Organic ,24,5,SEED,816.1383285,0,0,0,0,0,237223.8514,0,5592.147771,13153.58821,0,2002.967273,0,0,0,2225.579345,0,3164.340945,4666.635964,1432.253157,713712.4268,0,991.242126
48.72351,118.1218,493,58.15833333,33.90833333,46.04166667,15.81,402,P,Organic ,24,1,SKIN,832.533072,0,6513.954447,0,0,0,92474.65684,0,3661.752201,31347.94412,9321.831815,48529.71933,0,0,3247.913581,239050.8908,28467.32419,71932.66844,162559.16,83052.79125,52695.52815,1629.271868,0
48.72351,118.1218,493,58.15833333,33.90833333,46.04166667,15.81,402,P,Organic ,24,2,SKIN,856.0201511,0,5952.742172,0,0,0,131353.33,0,3231.853871,21393.34341,8710.255618,39712.52026,0,0,9017.218945,406545.9447,48398.24585,86473.4001,197611.5212,109873.7848,66010.29062,2227.290507,0
48.72351,118.1218,493,58.15833333,33.90833333,46.04166667,15.81,402,P,Organic ,24,3,SKIN,857.7486118,0,14879.68425,0,15874.91187,7676.976075,177637.7944,0,5088.659607,55098.68047,17091.70949,70283.18947,0,0,5309.742724,292603.2389,45887.18414,103224.1386,234669.8623,103146.9365,128602.5251,3635.320952,0
48.72351,118.1218,493,58.15833333,33.90833333,46.04166667,15.81,402,P,Organic ,24,4,SKIN,836.2204724,0,7213.972527,0,0,0,111166.8794,0,2817.698236,25365.7893,12620.19486,51668.73638,0,0,1919.517911,137157.7777,20876.27694,52339.33778,121591.8259,57772.06464,50488.01824,0,0
48.72351,118.1218,493,58.15833333,33.90833333,46.04166667,15.81,402,P,Organic ,24,5,SKIN,837.4568753,0,4461.418898,0,0,15167.30829,75682.36101,0,2140.817754,24392.28458,5747.799287,33554.53806,0,0,229663.8564,28548.73061,69667.56687,10212.9199,22670.83921,91546.84413,2106.879647,1966.124888,0
