Latitude,Longitutde,elevation,Szn.Max.Avg,Szn.Min.Avg,Szn.Temp.Avg,Szn.Total.Precip,Prox.Water,site.code ,orchard.type,Orchard.num,Tree,Tissue,TCA,pb1,gentistic.acid,catechin,c.gala,chl.acid,caf.acid,pb2,syr.acid,epicatechin,p.coum,ferulic,rutin,hyperin,isoquercitin,reynoutrin,avicularin,quercitrin,phloridzin,quercetin,phloretin,U1,U2
34.04883,116.9434,1466,80.74166667,54.91666667,67.825,9.05,4653,A,Organic ,1,1,PULP,860.7902736,0,0,0,0,8684.887881,0,425.516784,0,1057.927905,0,0,0,0,0,0,0,0,1576.056239,0,0,140.1540998,13.84134605
34.04883,116.9434,1466,80.74166667,54.91666667,67.825,9.05,4653,A,Organic ,1,2,PULP,857.7486118,0,0,0,0,6020.999297,0,538.105916,0,0,0,0,0,0,0,0,0,258.1860373,0,0,0,68.64804191,15.86994792
34.04883,116.9434,1466,80.74166667,54.91666667,67.825,9.05,4653,A,Organic ,1,3,PULP,838.2831771,731.2357169,0,0,0,9241.529273,0,989.7722416,0,1269.475626,0,0,0,0,0,0,0,0,0,0,0,153.617253,22.62014715
34.04883,116.9434,1466,80.74166667,54.91666667,67.825,9.05,4653,A,Organic ,1,4,PULP,864.2929807,0,0,0,0,7948.996634,46.17975813,0,0,991.7977959,0,0,0,0,0,0,0,0,0,0,0,77.70769238,126.8111084
34.04883,116.9434,1466,80.74166667,54.91666667,67.825,9.05,4653,A,Organic ,1,5,PULP,829.6875,628.917199,0,0,0,8630.336585,40.53785126,739.7320691,0,1273.07394,0,0,0,0,0,0,0,0,0,0,0,132.7051164,17.21483203
34.04883,116.9434,1466,80.74166667,54.91666667,67.825,9.05,4653,A,Organic ,1,1,SEED,761.6315554,0,0,0,0,7583.067868,0,1077.066509,0,1291.298925,0,0,0,0,0,124.0444085,0,0,44727.88807,0,6.297561055,0,28.34786198
34.04883,116.9434,1466,80.74166667,54.91666667,67.825,9.05,4653,A,Organic ,1,2,SEED,840.7718951,0,0,0,0,17257.62721,0,1910.487495,304.7328507,1634.924869,0,0,0,0,0,259.7587525,0,327.665453,113979.0598,0,45.78075353,14.23175036,52.28940251
34.04883,116.9434,1466,80.74166667,54.91666667,67.825,9.05,4653,A,Organic ,1,3,SEED,825.6559767,0,0,0,0,10717.56898,3.517195253,1612.326164,0,1671.36063,0,0,0,0,0,159.3615121,0,44.48355671,61188.86651,0,3.026922626,0,42.0111426
34.04883,116.9434,1466,80.74166667,54.91666667,67.825,9.05,4653,A,Organic ,1,4,SEED,853.8693467,0,0,0,0,9109.272876,0,1676.013809,0,1290.986303,0,0,0,0,0,118.2403938,0,0,52651.80916,0,3.463956181,0,39.50849274
34.04883,116.9434,1466,80.74166667,54.91666667,67.825,9.05,4653,A,Organic ,1,5,SEED,867.381317,0,0,0,0,16301.28599,145.4578402,4982.216291,0,2804.236143,0,0,0,0,0,149.9937661,0,90.3156955,85059.94353,0,21.61615013,0,59.97693648
34.04883,116.9434,1466,80.74166667,54.91666667,67.825,9.05,4653,A,Organic ,1,1,SKIN,846.2151394,929.7786708,0,0,0,3409.480928,0,2800.079338,446.8341102,3073.578,0,0,729.3770191,19456.39014,3247.188748,3783.766941,7340.056386,9946.501698,1304.866274,0,0,29.34622291,76.00700501
34.04883,116.9434,1466,80.74166667,54.91666667,67.825,9.05,4653,A,Organic ,1,2,SKIN,862.1004566,0,0,0,0,3570.372035,0,2260.497445,339.088645,2039.576085,0,0,759.2434659,28079.64096,4495.405833,6417.590138,12222.06819,38099.81634,1083.779199,31.69116747,0,23.1040787,56.41221415
34.04883,116.9434,1466,80.74166667,54.91666667,67.825,9.05,4653,A,Organic ,1,3,SKIN,805.6899004,1603.09702,0,2426.906436,0,4369.333003,0,4786.153708,320.1179198,3772.944232,0,0,1941.667491,27989.76747,4797.564242,5037.004021,9399.812154,14259.7758,2499.856049,0,0,38.56453093,80.54247932
34.04883,116.9434,1466,80.74166667,54.91666667,67.825,9.05,4653,A,Organic ,1,4,SKIN,862.97613,0,379.6448844,1524.815406,0,6327.644471,29.52462028,5024.959003,0,3977.743778,0,0,7201.264142,728.1342232,2105.814575,119.6696035,2820.518339,2619.653388,4842.440266,0,0,58.2632303,0
34.04883,116.9434,1466,80.74166667,54.91666667,67.825,9.05,4653,A,Organic ,1,5,SKIN,830.9046455,1059.678238,0,0,0,3606.432961,0,3177.332625,402.2375046,4282.283258,0,0,260.6960297,7089.767591,1686.10334,1861.763512,3862.443366,5961.525134,2339.437007,0,0,35.06890281,71.37872875
34.04883,116.9434,1466,80.74166667,54.91666667,67.825,9.05,4653,A,Conventional ,2,1,PULP,871.8317086,0,0,0,0,6865.505631,0,0,0,635.5925366,0,0,0,0,0,0,0,0,1111.019131,0,0,170.7493892,0
34.04883,116.9434,1466,80.74166667,54.91666667,67.825,9.05,4653,A,Conventional ,2,3,PULP,837.044335,0,0,0,0,8757.907561,0,957.5258964,0,2055.637659,0,0,0,0,0,0,0,0,1640.343226,0,0,54.4250255,21.71932246
34.04883,116.9434,1466,80.74166667,54.91666667,67.825,9.05,4653,A,Conventional ,2,4,PULP,834.5776031,0,391.9755995,366.35696,0,18770.89574,0,1253.996728,296.1531186,1960.086525,0,0,0,0,0,0,0,0,1099.52038,0,0,91.34785106,20.57573795
34.04883,116.9434,1466,80.74166667,54.91666667,67.825,9.05,4653,A,Conventional ,2,5,PULP,847.0588235,6379.904675,0,2367.200637,0,64472.82116,272.4771274,13131.56249,0,10951.73921,82.92742901,0,0,0,0,0,0,0,1966.062847,0,0,350.2150783,141.5655249
34.04883,116.9434,1466,80.74166667,54.91666667,67.825,9.05,4653,A,Conventional ,2,1,SEED,871.3846154,0,0,0,0,16836.15681,44.05680573,2797.019536,338.7897434,2670.616729,0,0,0,0,0,246.1610495,0,174.1767017,89581.36842,0,18.1029784,7.156094807,73.66086746
34.04883,116.9434,1466,80.74166667,54.91666667,67.825,9.05,4653,A,Conventional ,2,2,SEED,813.4035424,0,0,270.8513402,0,20044.65545,21.62847195,6569.641461,416.0865081,4009.208315,0,0,0,0,0,251.2109613,0,166.809564,90099.03029,0,61.33568914,59.98011686,101.0405357
34.04883,116.9434,1466,80.74166667,54.91666667,67.825,9.05,4653,A,Conventional ,2,3,SEED,859.9190283,0,580.7247314,0,0,10485.07391,0,811.3251632,0,1093.147235,0,0,0,0,0,0,0,0,89737.78981,0,7.119926154,0,27.01139941
34.04883,116.9434,1466,80.74166667,54.91666667,67.825,9.05,4653,A,Conventional ,2,4,SEED,774.8290014,597.3019225,0,0,0,17934.85752,17.18328745,6063.490275,366.2173344,3929.566352,0,0,0,0,0,264.0184688,0,180.7958714,89742.4654,0,27.99919212,0,98.56375265
34.04883,116.9434,1466,80.74166667,54.91666667,67.825,9.05,4653,A,Conventional ,2,5,SEED,824.4541485,427.4181386,0,146.3836245,0,14735.80852,0,6048.658309,326.9603423,4120.460653,0,0,0,0,0,191.9605879,0,109.2545754,60272.14693,0,16.03132314,22.60426009,85.05190074
34.04883,116.9434,1466,80.74166667,54.91666667,67.825,9.05,4653,A,Conventional ,2,1,SKIN,863.4146341,0,0,0,0,5114.050517,0,2152.498397,375.7630278,2058.232956,0,0,12504.66034,936.1029655,3274.66519,346.2093725,4798.636879,6910.799337,2059.120142,0,0,76.90922256,56.83303024
34.04883,116.9434,1466,80.74166667,54.91666667,67.825,9.05,4653,A,Conventional ,2,2,SKIN,846.2151394,1595.794285,0,1407.970363,0,11400.79571,0,3050.175093,1174.200835,5284.267143,0,0,225.288864,2444.898062,2163.977758,1796.370868,3623.551858,4495.547306,2672.242347,0,0,54.40109071,75.82902511
34.04883,116.9434,1466,80.74166667,54.91666667,67.825,9.05,4653,A,Conventional ,2,3,SKIN,819.6816208,1324.031844,0,0,0,4682.922723,0,3558.54845,662.1353228,4539.39522,0,0,0,7900.795278,1619.211435,3392.992536,5451.52342,10415.81593,2802.312867,0,0,29.63898607,86.99497952
34.04883,116.9434,1466,80.74166667,54.91666667,67.825,9.05,4653,A,Conventional ,2,4,SKIN,826.8613139,0,0,0,0,7084.95936,0,2613.736948,864.0499018,4491.581325,0,0,292.3438008,2694.597563,2215.465633,2009.129901,3732.411395,5775.71251,1744.898783,0,0,28.77360227,66.20819289
34.04883,116.9434,1466,80.74166667,54.91666667,67.825,9.05,4653,A,Conventional ,2,5,SKIN,869.6008188,1901.95689,0,0,0,11808.4224,19.85803648,5979.775281,851.4267544,8193.448917,0,0,349.5733726,4466.883764,3044.983797,3029.603122,5870.785697,6032.947073,3560.659011,0,0,55.29977495,132.1851715
35.27926,120.6921,15,69.625,46.68333333,58.16666667,9.49,197,B,Organic ,3,1,PULP,863.8535841,0,0,0,0,550.7515006,21.7645974,0,0,0,0,0,686.9671087,0,0,0,0,434.4290163,0,0,0,20.14859283,0
35.27926,120.6921,15,69.625,46.68333333,58.16666667,9.49,197,B,Organic ,3,2,PULP,855.1585304,0,0,0,0,0,0,0,0,0,0,0,0,0,0,0,0,0,0,0,0,0,0
35.27926,120.6921,15,69.625,46.68333333,58.16666667,9.49,197,B,Organic ,3,3,PULP,844.1132638,0,0,0,0,0,0,0,0,0,0,0,0,0,0,0,0,0,0,0,0,0,0
35.27926,120.6921,15,69.625,46.68333333,58.16666667,9.49,197,B,Organic ,3,4,PULP,846.2151394,0,0,0,0,0,0,0,0,0,0,0,0,0,0,0,0,0,0,0,0,8.22271077,0
35.27926,120.6921,15,69.625,46.68333333,58.16666667,9.49,197,B,Organic ,3,5,PULP,818.8915663,0,0,0,0,780.7525468,45.50344729,0,0,0,0,0,0,0,0,0,0,0,0,0,0,53.1682465,0
35.27926,120.6921,15,69.625,46.68333333,58.16666667,9.49,197,B,Organic ,3,1,SEED,844.1132638,0,0,0,0,8762.166184,0,938.1202716,0,1130.975565,0,0,0,0,0,111.2277767,0,0,43801.84409,0,15.15075117,6.894998008,30.6321688
35.27926,120.6921,15,69.625,46.68333333,58.16666667,9.49,197,B,Organic ,3,2,SEED,865.6138563,0,265.1240583,246.6147887,0,7900.17691,0,403.9450429,0,562.014936,0,0,0,0,0,128.1619365,0,0,51122.85352,0,0,0,19.94296935
35.27926,120.6921,15,69.625,46.68333333,58.16666667,9.49,197,B,Organic ,3,3,SEED,810.3004292,0,0,0,0,0,0,0,0,0,0,0,0,0,0,0,0,0,0,0,122.5848746,0,0
35.27926,120.6921,15,69.625,46.68333333,58.16666667,9.49,197,B,Organic ,3,4,SEED,810.6870229,0,0,0,0,18287.17862,257.9510649,3734.859876,0,1946.567359,0,0,0,0,0,0,0,622.0663301,65092.2345,0,72.5096335,0,35.19894876
35.27926,120.6921,15,69.625,46.68333333,58.16666667,9.49,197,B,Organic ,3,5,SEED,856.4516129,0,0,0,0,0,0,0,0,0,0,0,0,0,0,0,0,0,3397.748923,0,15.81202024,0,0
35.27926,120.6921,15,69.625,46.68333333,58.16666667,9.49,197,B,Organic ,3,1,SKIN,841.1881188,1316.412459,0,0,2336.356182,3586.842968,0,10766.10379,589.9256578,11711.70143,0,0,2048.46238,27230.82744,4168.193818,5169.840176,11899.46423,16709.64472,2000.00444,2.753885928,0,49.59641212,170.9738107
35.27926,120.6921,15,69.625,46.68333333,58.16666667,9.49,197,B,Organic ,3,2,SKIN,863.8535841,0,0,0,1661.936749,3873.084691,0,9844.094396,0,10358.97141,0,0,854.35645,14829.62121,2467.977196,3210.33916,7780.61287,10600.32774,2052.718415,7.605693194,0,49.38469425,151.6279388
35.27926,120.6921,15,69.625,46.68333333,58.16666667,9.49,197,B,Organic ,3,4,SKIN,868.2677568,0,497.381061,0,0,3721.945235,0,9462.967534,577.1023204,986.400282,0,0,0,3459.486501,0,1454.662878,3554.979622,3837.849936,2798.196429,0,0,23.65264426,0
35.27926,120.6921,15,69.625,46.68333333,58.16666667,9.49,197,B,Organic ,3,3,SKIN,832.9411765,0,0,0,0,1065.645957,0,496.2391884,334.9217188,889.2702277,0,0,226.7656152,4164.224918,1383.478447,1744.991235,3994.965587,6408.766298,0,35.78953241,0,58.87744286,163.9645216
35.27926,120.6921,15,69.625,46.68333333,58.16666667,9.49,197,B,Organic ,3,5,SKIN,850.4504505,0,0,0,0,6102.694538,0,10000.93269,595.4987998,13710.40503,0,0,300.2599668,12405.94328,1986.283667,3254.421547,7173.27286,9747.986494,2278.488108,0,0,81.95950678,172.0889203
35.77103,120.6372,245,78.73333333,43.06666667,60.89166667,11.66,608,B,Conventional ,4,1,PULP,822.0609579,0,0,0,0,7038.421012,14.38133022,507.1461469,0,573.2667063,0,0,0,0,0,0,0,0,774.6985576,0,0,106.4794417,12.20338819
35.77103,120.6372,245,78.73333333,43.06666667,60.89166667,11.66,608,B,Conventional ,4,2,PULP,801.8876829,0,0,0,0,8439.013763,0,0,0,0,0,0,0,0,0,0,0,0,0,0,0,94.64283322,0
35.77103,120.6372,245,78.73333333,43.06666667,60.89166667,11.66,608,B,Conventional ,4,3,PULP,864.2929807,0,0,0,0,0,0,0,0,0,0,0,0,0,0,0,0,0,0,0,0,0,0
35.77103,120.6372,245,78.73333333,43.06666667,60.89166667,11.66,608,B,Conventional ,4,4,PULP,849.6,0,0,0,0,5700.26815,26.40369682,253.0449415,0,759.4211925,0,0,0,0,0,0,0,0,0,0,0,85.16006251,9.340641323
35.77103,120.6372,245,78.73333333,43.06666667,60.89166667,11.66,608,B,Conventional ,4,5,PULP,847.9041916,0,0,0,0,4531.635951,0,0,0,0,0,0,0,0,0,0,0,0,0,0,0,63.30967188,0
35.77103,120.6372,245,78.73333333,43.06666667,60.89166667,11.66,608,B,Conventional ,4,1,SEED,805.6899004,0,0,0,0,189.3134655,0,0,0,0,0,0,0,0,0,0,0,0,9006.137977,0,339.6301314,0,0
35.77103,120.6372,245,78.73333333,43.06666667,60.89166667,11.66,608,B,Conventional ,4,2,SEED,858.6154624,0,0,0,0,13300.54367,238.1944256,1768.891719,0,0,0,0,0,0,0,0,0,271.6323623,89043.10317,0,37.55796831,0,23.02601876
35.77103,120.6372,245,78.73333333,43.06666667,60.89166667,11.66,608,B,Conventional ,4,3,SEED,821.2663122,0,0,0,0,0,0,0,0,0,0,0,0,0,0,0,0,0,1040.716184,0,0,0,0
35.77103,120.6372,245,78.73333333,43.06666667,60.89166667,11.66,608,B,Conventional ,4,4,SEED,826.459144,0,0,0,0,17381.83919,113.0361368,5597.416439,0,2767.322998,0,0,0,0,0,210.8071731,0,881.9393536,76298.47865,0,0,0,69.09753048
35.77103,120.6372,245,78.73333333,43.06666667,60.89166667,11.66,608,B,Conventional ,4,5,SEED,848.3275087,0,0,0,0,4962.758539,0,392.5313935,0,0,0,0,0,0,0,0,0,0,38044.32833,0,0,0,14.59933931
35.77103,120.6372,245,78.73333333,43.06666667,60.89166667,11.66,608,B,Conventional ,4,1,SKIN,837.4568753,950.3065056,0,0,0,5055.709694,0,8532.547964,488.9226437,6734.680456,0,0,536.0672864,19004.56937,4205.367415,4288.075636,7483.118428,10446.34437,2525.044116,0,0,43.17417768,119.8480085
35.77103,120.6372,245,78.73333333,43.06666667,60.89166667,11.66,608,B,Conventional ,4,2,SKIN,843.694141,804.1619246,0,254.9936891,0,6352.583672,0,952.5929637,306.8629936,2352.76167,0,0,659.2586454,11649.02968,3153.220973,3299.598797,6062.635512,8706.030911,3691.349955,0,0,47.24282763,73.58938363
35.77103,120.6372,245,78.73333333,43.06666667,60.89166667,11.66,608,B,Conventional ,4,3,SKIN,868.7116564,1020.292365,0,0,0,6034.247677,0,7183.708907,428.5042382,5021.378266,0,0,1343.182027,26085.92708,5170.437599,4910.66207,9358.68987,12272.66706,4141.599959,0,0,52.46648089,23.22341965
35.77103,120.6372,245,78.73333333,43.06666667,60.89166667,11.66,608,B,Conventional ,4,4,SKIN,853.8693467,982.3746759,0,0,0,3563.601633,0,4504.878538,422.2533099,4505.25422,0,0,0,4410.365725,1837.158088,1539.289728,3076.612192,3613.237142,2433.095496,0,0,33.80064432,95.88879661
35.77103,120.6372,245,78.73333333,43.06666667,60.89166667,11.66,608,B,Conventional ,4,5,SKIN,839.1111111,0,0,0,0,3455.428205,0,3336.9119,377.2351931,2637.446618,0,0,536.6873788,11428.48842,2999.59622,2851.778565,5541.89096,6273.753152,1828.006281,0,0,25.88448932,82.36884725
35.1985,119.0442,105,79.575,55.03333333,67.30833333,0,20000,Q,Organic ,5,1,PULP,796.2511715,0,0,0,0,6310.715698,0,378.2214755,0,461.6217223,0,0,0,0,0,0,0,0,0,0,0,58.69075954,11.04038506
35.1985,119.0442,105,79.575,55.03333333,67.30833333,0,20000,Q,Organic ,5,2,PULP,865.1731161,0,0,0,0,10355.00976,0,922.1846751,0,846.9570868,0,0,0,1557.401603,0,316.6792495,1193.582472,906.7759869,0,0,0,82.20548239,0
35.1985,119.0442,105,79.575,55.03333333,67.30833333,0,20000,Q,Organic ,5,3,PULP,852.1564694,0,0,0,0,5908.758037,0,355.8447297,0,543.7166094,0,0,0,0,0,0,0,332.13573,864.3311263,0,0,43.93276133,0
35.1985,119.0442,105,79.575,55.03333333,67.30833333,0,20000,Q,Organic ,5,4,PULP,1809.584665,0,0,0,0,13189.08327,0,728.6153038,0,1528.171634,0,0,0,0,0,0,0,0,1881.053465,0,0,100.6909998,0
35.1985,119.0442,105,79.575,55.03333333,67.30833333,0,20000,Q,Organic ,5,5,PULP,825.2549781,0,0,0,0,7505.623277,0,1345.426204,0,1142.495809,0,0,0,0,0,0,0,0,0,0,0,67.29188818,15.06472437
35.1985,119.0442,105,79.575,55.03333333,67.30833333,0,20000,Q,Organic ,5,1,SEED,845.7939273,0,0,0,0,6891.67565,84.4049076,1181.305845,0,931.0744215,0,0,0,0,0,0,0,0,67761.58232,0,0,0,36.38973486
35.1985,119.0442,105,79.575,55.03333333,67.30833333,0,20000,Q,Organic ,5,2,SEED,844.9527598,0,0,0,0,2192.217619,10.83378002,0,0,0,0,0,0,0,0,0,0,0,39426.87932,0,0,0,0
35.1985,119.0442,105,79.575,55.03333333,67.30833333,0,20000,Q,Organic ,5,3,SEED,834.5776031,0,0,0,0,4534.470802,11.70342982,427.9726252,0,0,0,0,0,0,0,0,0,0,60133.41815,0,0,0,9.257110286
35.1985,119.0442,105,79.575,55.03333333,67.30833333,0,20000,Q,Organic ,5,4,SEED,862.5380711,0,0,0,0,2652.128779,0,0,0,0,0,0,0,0,0,0,0,0,34684.67143,0,0,0,0
35.1985,119.0442,105,79.575,55.03333333,67.30833333,0,20000,Q,Organic ,5,5,SEED,827.2638754,0,0,0,0,3591.233059,0,0,0,0,0,0,0,0,0,0,0,0,33298.66772,0,0,0,0
35.1985,119.0442,105,79.575,55.03333333,67.30833333,0,20000,Q,Organic ,5,1,SKIN,843.694141,1303.223119,0,0,0,5895.879281,0,3940.696792,593.6833459,4431.679579,0,0,3848.398912,46540.28399,13795.07417,2120.554333,11652.54357,19123.75817,2818.058803,0,0,42.40353511,72.53827854
35.1985,119.0442,105,79.575,55.03333333,67.30833333,0,20000,Q,Organic ,5,2,SKIN,868.7116564,0,0,0,0,5172.118894,0,4223.038952,384.6314308,4660.739319,0,0,2442.208765,54935.01293,10207.47259,8743.738657,14449.60642,23600.35778,2943.337096,0,0,35.35036884,91.24591803
35.1985,119.0442,105,79.575,55.03333333,67.30833333,0,20000,Q,Organic ,5,3,SKIN,827.666829,843.8612231,0,0,0,5907.404014,0,3416.63716,359.0027638,3687.89755,0,0,1071.01827,30888.54083,6873.263466,5066.335029,8354.71487,15732.18408,2200.970764,0,0,14.09723902,34.13226757
35.1985,119.0442,105,79.575,55.03333333,67.30833333,0,20000,Q,Organic ,5,4,SKIN,829.2825769,928.8430709,0,0,0,6978.098108,0,4615.71477,365.0800823,3942.632802,0,0,2395.954413,39263.97182,10099.84298,6063.79383,10055.31139,18693.41359,2271.154568,0,0,35.64242817,72.93025347
35.1985,119.0442,105,79.575,55.03333333,67.30833333,0,20000,Q,Organic ,5,5,SKIN,842.8571429,0,0,0,0,4567.313928,0,753.4007345,500.0985808,568.9832073,0,0,1383.538674,24976.36867,5973.268293,4104.664158,6187.337839,11453.43949,1045.974027,612.0061007,0,12.17639899,25.47566026
36.6386,119.5089,97,79.53333333,54.45833333,67,0,78,D,Organic ,6,1,PULP,582.1171634,0,0,0,0,0,0,0,0,0,0,0,0,0,0,0,0,0,0,0,0,0,0
36.6386,119.5089,97,79.53333333,54.45833333,67,0,78,D,Organic ,6,2,PULP,869.6008188,0,0,0,0,0,0,0,0,0,0,0,0,0,0,0,0,0,0,0,0,0,0
36.6386,119.5089,97,79.53333333,54.45833333,67,0,78,D,Organic ,6,3,PULP,775.5362848,0,0,0,0,4.810534755,0,0,0,0,0,0,0,0,0,0,0,0,0,0,0,0,0
36.6386,119.5089,97,79.53333333,54.45833333,67,0,78,D,Organic ,6,4,PULP,850.0250125,0,0,0,0,6780.993171,0,0,0,0,0,0,0,0,0,0,0,0,0,0,0,70.0559599,0
36.6386,119.5089,97,79.53333333,54.45833333,67,0,78,D,Organic ,6,5,PULP,852.1564694,0,0,0,0,1280.614166,0,0,0,0,0,0,0,0,0,0,0,0,0,0,0,18.24175807,0
36.6386,119.5089,97,79.53333333,54.45833333,67,0,78,D,Organic ,6,1,SEED,746.572935,0,0,0,0,0,0,0,0,0,0,0,0,0,0,0,0,0,3640.559396,0,153.2908387,0,0
36.6386,119.5089,97,79.53333333,54.45833333,67,0,78,D,Organic ,6,2,SEED,819.2864031,0,271.9087887,0,0,3632.721185,0,0,0,0,0,0,0,0,0,0,0,0,52151.50203,0,0,0,0
36.6386,119.5089,97,79.53333333,54.45833333,67,0,78,D,Organic ,6,3,SEED,813.0143541,0,0,0,0,0,0,0,0,0,0,0,0,0,0,0,0,0,8499.655593,0,56.57246557,0,0
36.6386,119.5089,97,79.53333333,54.45833333,67,0,78,D,Organic ,6,4,SEED,814.5733461,0,0,0,0,0,0,0,0,0,0,0,0,0,0,0,0,0,10120.65061,0,496.2294231,0,0
36.6386,119.5089,97,79.53333333,54.45833333,67,0,78,D,Organic ,6,5,SEED,839.5256917,0,0,0,0,5951.090546,0,1466.60066,0,1021.674197,0,0,0,0,0,80.29836409,0,51.9030486,38909.59586,0,3.958738475,0,17.38163129
36.6386,119.5089,97,79.53333333,54.45833333,67,0,78,D,Organic ,6,1,SKIN,860.7902736,0,0,0,0,90.68761367,0,0,0,0,0,0,0,2016.630258,0,673.3702651,1403.677817,3141.020489,0,0,0,0,0
36.6386,119.5089,97,79.53333333,54.45833333,67,0,78,D,Organic ,6,3,SKIN,804.5454545,0,0,0,0,1295.111315,0,0,0,0,0,0,1418.934438,24432.70686,5691.14605,4098.714941,6287.02921,11001.99006,0,332.917565,0,11.12591242,74.68760625
36.6386,119.5089,97,79.53333333,54.45833333,67,0,78,D,Organic ,6,2,SKIN,828.8780488,682.1624409,0,0,0,3305.288021,0,3617.09562,0,3760.746932,0,0,648.836984,18304.9588,3772.62428,3835.008423,6642.131587,11451.23072,1569.332006,0,0,0,0
36.6386,119.5089,97,79.53333333,54.45833333,67,0,78,D,Organic ,6,4,SKIN,873.6246787,602.0371546,0,0,0,3105.538501,0,2878.266491,0,4003.86543,0,0,0,3544.293043,1521.557312,182.2052723,2879.122128,5089.035225,0,0,0,11.89158395,61.74610374
36.6386,119.5089,97,79.53333333,54.45833333,67,0,78,D,Organic ,6,5,SKIN,855.5891239,0,0,0,0,3008.127585,0,3163.965251,353.8876203,2543.837357,0,0,774.1728263,25088.803,4684.420712,4292.843365,7056.805051,10021.56221,2553.945601,0,0,10.54779701,65.29048258
38.16262,121.205,20,77.15833333,48.375,62.74166667,0,1719,E,Organic ,7,1,PULP,847.9041916,0,0,0,0,0,0,0,0,0,0,0,0,0,0,0,0,0,0,0,0,0,0
38.16262,121.205,20,77.15833333,48.375,62.74166667,0,1719,E,Organic ,7,2,PULP,819.6816208,0,0,0,0,115.4992714,0,0,0,0,0,0,0,0,0,0,0,0,0,0,0,9.843721735,0
38.16262,121.205,20,77.15833333,48.375,62.74166667,0,1719,E,Organic ,7,3,PULP,826.459144,403.2557669,0,0,0,7017.803751,17.53374103,1259.636272,471.8883024,0,0,0,0,0,0,0,0,0,0,0,0,118.5059553,12.47616925
38.16262,121.205,20,77.15833333,48.375,62.74166667,0,1719,E,Organic ,7,4,PULP,862.5380711,0,0,0,0,0,0,0,0,0,0,0,0,0,0,0,0,0,0,0,0,0,0
38.16262,121.205,20,77.15833333,48.375,62.74166667,0,1719,E,Organic ,7,5,PULP,858.6154624,0,0,0,0,0,0,0,0,0,0,0,0,0,0,0,0,0,0,0,0,0,0
38.16262,121.205,20,77.15833333,48.375,62.74166667,0,1719,E,Organic ,7,1,SEED,842.8571429,0,0,0,0,5355.209396,0,314.625883,0,498.8848971,0,0,0,0,0,0,0,0,45023.48281,0,0,0,8.64585001
38.16262,121.205,20,77.15833333,48.375,62.74166667,0,1719,E,Organic ,7,2,SEED,868.7116564,0,0,0,0,4638.961418,0,384.1527657,0,0,0,0,0,0,0,0,0,0,44032.47298,0,0,0,7.480463893
38.16262,121.205,20,77.15833333,48.375,62.74166667,0,1719,E,Organic ,7,3,SEED,826.0573651,0,0,0,0,5152.142171,0,316.6706797,0,495.9755016,0,0,0,0,0,0,0,96.44241028,47024.13876,0,0,0,12.86246156
38.16262,121.205,20,77.15833333,48.375,62.74166667,0,1719,E,Organic ,7,4,SEED,825.6559767,0,0,0,0,0,0,0,0,0,0,0,0,0,0,0,0,0,4262.536178,0,239.4825061,0,0
38.16262,121.205,20,77.15833333,48.375,62.74166667,0,1719,E,Organic ,7,5,SEED,849.1754123,0,0,0,0,5637.185782,0,342.7962277,0,0,0,0,0,0,0,0,0,0,49724.1661,0,0,0,14.66571605
38.16262,121.205,20,77.15833333,48.375,62.74166667,0,1719,E,Organic ,7,2,SKIN,857.7486118,628.4591475,0,0,0,1595.6154,0,2594.120446,0,5027.083233,0,0,278.0851286,6542.845502,1826.044856,293.6392585,4002.04179,6675.876058,1083.977721,0,0,12.84762143,60.05804677
38.16262,121.205,20,77.15833333,48.375,62.74166667,0,1719,E,Organic ,7,3,SKIN,853.4404822,1355.90297,0,0,1547.514401,3328.152199,0,8948.81366,396.6773757,8947.22921,0,0,6021.87166,793.8848616,2398.214023,225.2268436,0,4588.991612,0,0,0,32.6460189,140.3005732
38.16262,121.205,20,77.15833333,48.375,62.74166667,0,1719,E,Organic ,7,4,SKIN,843.2754342,2013.013762,0,0,12180.2912,5788.436379,0,12276.00246,647.3544557,19456.86109,0,0,0,4567.499783,1581.866398,1627.490638,3523.181381,5890.373231,2518.351227,0,0,52.62149581,235.4961525
38.16262,121.205,20,77.15833333,48.375,62.74166667,0,1719,E,Organic ,7,5,SKIN,811.8490205,1225.770601,0,0,11469.95482,2818.406801,0,8173.611443,456.815009,11942.15095,0,0,0,3136.990901,0,986.6449705,2423.219163,3952.08156,1656.645096,0,0,25.00896989,155.4284703
38.16262,121.205,20,77.15833333,48.375,62.74166667,0,1719,E,Conventional ,8,1,PULP,850.8763145,0,0,0,0,4064.908644,0,0,0,642.1265888,0,0,0,0,0,0,0,0,0,0,0,65.55000417,0
38.16262,121.205,20,77.15833333,48.375,62.74166667,0,1719,E,Conventional ,8,2,PULP,842.0218038,0,0,0,0,3734.477256,0,0,0,0,0,0,0,0,0,0,0,0,0,0,0,48.96777359,0
38.16262,121.205,20,77.15833333,48.375,62.74166667,0,1719,E,Conventional ,8,3,PULP,839.1111111,0,0,0,0,3665.522748,0,0,0,0,0,0,0,0,0,0,0,0,0,0,0,39.38964835,0
38.16262,121.205,20,77.15833333,48.375,62.74166667,0,1719,E,Conventional ,8,4,PULP,853.4404822,0,0,0,0,5166.53013,0,0,0,0,0,0,0,0,0,0,0,0,0,0,0,60.75910647,0
38.16262,121.205,20,77.15833333,48.375,62.74166667,0,1719,E,Conventional ,8,5,PULP,834.987715,0,0,0,0,4846.37297,0,0,0,0,0,0,0,0,0,0,0,0,0,0,0,72.50499151,0
38.16262,121.205,20,77.15833333,48.375,62.74166667,0,1719,E,Conventional ,8,1,SEED,841.6047548,0,581.2295923,0,0,4925.658949,0,261.742235,0,0,0,0,0,0,0,0,0,0,39583.33978,0,0,0,0
38.16262,121.205,20,77.15833333,48.375,62.74166667,0,1719,E,Conventional ,8,2,SEED,845.7939273,0,738.2244643,0,0,5994.148002,0,761.4993494,0,725.416327,0,0,0,0,0,0,0,0,54852.59941,0,0,0,0
38.16262,121.205,20,77.15833333,48.375,62.74166667,0,1719,E,Conventional ,8,3,SEED,843.2754342,0,0,0,0,5955.330485,0,169.2795618,0,0,0,0,0,0,0,0,0,0,43028.11698,0,0,0,10.6667144
38.16262,121.205,20,77.15833333,48.375,62.74166667,0,1719,E,Conventional ,8,4,SEED,842.0218038,0,486.1989657,0,0,2965.461251,0,0,0,0,0,0,0,0,0,0,0,0,30273.95406,0,0,0,0
38.16262,121.205,20,77.15833333,48.375,62.74166667,0,1719,E,Conventional ,8,5,SEED,857.3158426,0,473.5340614,526.6831936,0,5938.505128,0,278.5968658,0,546.2859294,0,0,0,0,0,0,0,0,42512.3561,0,0,0,16.20697344
38.16262,121.205,20,77.15833333,48.375,62.74166667,0,1719,E,Conventional ,8,1,SKIN,820.4732014,803.491273,0,0,3149.078379,2158.763496,0,5578.847281,385.3104717,5653.727363,0,0,0,1303.670296,0,474.40994,1549.256912,1594.283573,1503.4826,0,0,22.08141333,104.5202042
38.16262,121.205,20,77.15833333,48.375,62.74166667,0,1719,E,Conventional ,8,2,SKIN,820.4732014,1040.185843,0,0,1633.848468,1938.108268,0,8486.644389,468.888249,7209.548362,0,0,0,2365.300482,0,955.9088038,2462.822563,3527.557087,1509.117372,0,0,16.7547091,128.5058938
38.16262,121.205,20,77.15833333,48.375,62.74166667,0,1719,E,Conventional ,8,3,SKIN,829.2825769,1192.62335,0,0,4257.811713,3256.464432,0,7400.213443,455.6154709,8627.461655,0,0,3685.297498,21087.81332,5078.900162,2879.548353,8093.450385,10344.13554,1915.815612,27.13050204,0,17.9667739,125.156606
38.16262,121.205,20,77.15833333,48.375,62.74166667,0,1719,E,Conventional ,8,4,SKIN,866.4966854,0,0,0,8772.113779,2754.175452,0,15025.39151,0,13571.38548,0,0,0,10671.57957,2342.841989,2734.644206,5605.785682,10457.32479,2131.735106,0,0,211.8894642,113.2304296
38.16262,121.205,20,77.15833333,48.375,62.74166667,0,1719,E,Conventional ,8,5,SKIN,862.1004566,1181.11787,0,0,0,1959.188727,0,9288.332194,351.2186618,10695.12312,0,0,0,2366.108147,0,1168.83113,2733.868463,4423.913963,1791.558557,0,0,20.65743649,147.0143181
36.99562,121.7716,63,77.61666667,48.25,62.925,14.6,918,F,Conventional ,9,1,PULP,870.9379805,908.7060295,0,474.7324147,0,10236.91284,0,2544.514553,0,4020.883064,0,0,0,0,0,0,0,455.6492884,0,0,0,192.8201182,43.06407597
36.99562,121.7716,63,77.61666667,48.25,62.925,14.6,918,F,Conventional ,9,2,PULP,844.1132638,0,0,0,0,5796.941285,0,358.3481531,0,952.2894189,0,0,0,0,0,0,0,0,0,0,0,100.4152984,10.23338004
36.99562,121.7716,63,77.61666667,48.25,62.925,14.6,918,F,Conventional ,9,3,PULP,847.0588235,0,0,0,0,0,0,0,0,0,0,0,0,0,0,0,0,0,0,0,0,0,0
36.99562,121.7716,63,77.61666667,48.25,62.925,14.6,918,F,Conventional ,9,4,PULP,803.0245747,420.7013187,0,0,0,5334.300532,0,742.2197794,0,1261.44763,0,0,0,0,0,0,0,0,0,0,0,83.84685516,14.59881702
36.99562,121.7716,63,77.61666667,48.25,62.925,14.6,918,F,Conventional ,9,5,PULP,870.4918033,0,0,0,0,5461.351495,15.9926936,0,0,0,0,0,0,0,0,0,0,0,0,0,0,105.9537456,0
36.99562,121.7716,63,77.61666667,48.25,62.925,14.6,918,F,Conventional ,9,1,SEED,824.8543689,0,0,0,0,16428.42216,0,2753.070959,314.5455363,2303.679332,0,0,0,0,0,204.7339261,0,0,75686.90554,0,0.208727771,10.33361474,63.75218377
36.99562,121.7716,63,77.61666667,48.25,62.925,14.6,918,F,Conventional ,9,2,SEED,850.0250125,0,1425.780107,0,0,25375.32377,54.48922822,4853.295753,0,3550.040437,0,0,0,0,0,0,0,0,110828.3154,0,0,0,109.5167565
36.99562,121.7716,63,77.61666667,48.25,62.925,14.6,918,F,Conventional ,9,3,SEED,851.3026052,0,0,0,0,21414.96408,14.09363259,3469.871498,335.4112079,2650.156731,0,0,0,0,0,250.5781746,0,86.84267641,87763.9453,0,11.54660291,11.90311712,72.17798222
36.99562,121.7716,63,77.61666667,48.25,62.925,14.6,918,F,Conventional ,9,4,SEED,826.8613139,0,0,0,0,7330.664935,0,730.8153106,0,815.2947139,0,0,0,0,0,75.75210304,0,0,37419.26673,0,0,0,23.51781726
36.99562,121.7716,63,77.61666667,48.25,62.925,14.6,918,F,Conventional ,9,5,SEED,850.4504505,0,0,0,0,19508.38767,0,3997.982345,351.0353135,390.2372848,0,0,0,0,0,154.4530765,0,0,97920.93552,0,2.815737015,15.97527333,78.3086386
36.99562,121.7716,63,77.61666667,48.25,62.925,14.6,918,F,Conventional ,9,1,SKIN,862.97613,1584.255868,0,1096.55777,5503.912767,6232.668772,0,14396.3078,780.3186977,19330.95506,0,0,1453.12896,26952.88631,3532.765665,5593.86787,12964.49735,21065.50218,2909.234918,36.46661433,0,83.48123582,233.5516558
36.99562,121.7716,63,77.61666667,48.25,62.925,14.6,918,F,Conventional ,9,2,SKIN,864.7328244,1065.711502,0,0,0,3834.235149,0,10773.07372,988.5273622,12752.02196,0,0,4996.877043,52605.90865,8505.633308,8152.40614,16597.14731,20505.52921,2127.041325,77.75189409,0,33.00861868,156.1036936
36.99562,121.7716,63,77.61666667,48.25,62.925,14.6,918,F,Conventional ,9,3,SKIN,838.2831771,0,0,0,4495.592579,3557.319074,6.889676522,9906.032223,587.4614498,11387.06388,0,0,1580.691524,37483.35289,4252.827415,7586.422348,15348.78645,27750.71554,2013.160416,47.89929816,0,33.99799863,157.8776926
36.99562,121.7716,63,77.61666667,48.25,62.925,14.6,918,F,Conventional ,9,4,SKIN,829.2825769,1148.415143,0,0,8510.236922,3574.666164,19.25174212,9136.886052,662.2497427,13561.1846,0,0,617.1924834,17376.57287,2386.339621,1642.079411,10142.33411,15185.99124,2197.977783,0,0,30.17514023,165.6937215
36.99562,121.7716,63,77.61666667,48.25,62.925,14.6,918,F,Conventional ,9,5,SKIN,864.2929807,1423.961365,0,0,7234.705176,2844.314796,0,7447.233333,570.6609816,9406.620708,0,0,3436.091209,38164.74341,5926.293233,5738.107667,13081.69621,15086.0973,2779.821497,88.65424328,0,41.33732594,144.3023051
36.9768,121.7215,53,77.61666667,48.25,62.925,14.6,1650,F,Organic ,10,1,PULP,833.3496812,0,0,0,0,6908.599447,0,798.9609389,0,0,0,0,0,0,0,0,0,0,0,0,0,132.1813137,17.66557768
36.9768,121.7215,53,77.61666667,48.25,62.925,14.6,1650,F,Organic ,10,2,PULP,832.533072,0,0,0,0,5963.7296,0,300.727824,0,571.6437624,0,0,0,0,0,0,0,0,807.8929533,0,0,93.25529341,0
36.9768,121.7215,53,77.61666667,48.25,62.925,14.6,1650,F,Organic ,10,3,PULP,850.8763145,0,0,0,0,7105.216395,35.37381804,911.2925137,0,2040.832068,0,0,0,0,0,0,0,0,0,0,0,139.6795086,18.19031258
36.9768,121.7215,53,77.61666667,48.25,62.925,14.6,1650,F,Organic ,10,4,PULP,852.1564694,0,0,0,0,3662.01363,0,299.515976,0,580.2044104,0,0,0,0,0,0,0,0,0,0,0,53.55211209,9.458259197
36.9768,121.7215,53,77.61666667,48.25,62.925,14.6,1650,F,Organic ,10,5,PULP,839.1111111,0,0,0,0,7115.967798,0,1231.180356,0,1334.267807,0,0,0,0,0,144.9041193,0,462.8599319,1141.216411,0,0,106.7240488,24.94922749
36.9768,121.7215,53,77.61666667,48.25,62.925,14.6,1650,F,Organic ,10,1,SEED,839.9406822,0,0,0,0,10432.00728,0,1122.178479,0,966.9126438,0,0,0,0,0,133.8136117,0,0,50635.73919,0,0,0,36.7376514
36.9768,121.7215,53,77.61666667,48.25,62.925,14.6,1650,F,Organic ,10,2,SEED,847.4812968,0,0,0,0,7717.106181,0,516.6916383,0,623.4257004,0,0,0,0,0,0,0,0,49604.48927,0,0,0,20.14314866
36.9768,121.7215,53,77.61666667,48.25,62.925,14.6,1650,F,Organic ,10,3,SEED,806.8376068,0,0,0,0,0,0,0,0,0,0,0,0,0,0,0,0,0,2970.964617,0,66.23606486,0,0
36.9768,121.7215,53,77.61666667,48.25,62.925,14.6,1650,F,Organic ,10,4,SEED,765.0607834,0,0,0,0,429.916444,0,0,0,0,0,0,0,0,0,0,0,0,10183.95045,0,845.7085248,0,0
36.9768,121.7215,53,77.61666667,48.25,62.925,14.6,1650,F,Organic ,10,5,SEED,830.4985337,0,0,0,0,0,0,0,0,0,0,0,0,0,0,0,0,0,11018.36695,0,742.2947227,0,0
36.9768,121.7215,53,77.61666667,48.25,62.925,14.6,1650,F,Organic ,10,1,SKIN,852.1564694,2660.130442,0,25202.63042,8121.471331,9481.699686,322.911642,7877.793307,7735.22456,35376.25627,0,0,84314.91756,5828.774039,13163.21337,1329.842912,21746.25388,35844.80905,5222.582935,0,0,186.5506084,429.7605072
36.9768,121.7215,53,77.61666667,48.25,62.925,14.6,1650,F,Organic ,10,2,SKIN,826.8613139,938.120043,0,0,3351.476746,3624.765602,0,9999.235405,579.0585385,9742.652607,0,0,381.6360556,9950.639538,1788.030794,2236.524118,5308.167274,6383.33517,1760.934369,0,0,45.54850246,168.8993826
36.9768,121.7215,53,77.61666667,48.25,62.925,14.6,1650,F,Organic ,10,3,SKIN,848.3275087,0,0,0,0,4015.379017,0,12800.45113,750.0964223,13206.5746,0,0,193.8799688,6586.084241,1823.277987,2650.240615,6086.384113,8684.900162,2428.569103,0,0,58.93502543,205.7319144
36.9768,121.7215,53,77.61666667,48.25,62.925,14.6,1650,F,Organic ,10,4,SKIN,826.0573651,1048.010375,0,0,2346.984542,3816.450587,0,13125.68605,562.6877747,11451.04587,0,0,522.8802748,12876.29182,2210.810292,3001.137216,6278.816305,9629.452196,3045.718698,0,0,47.02431481,157.1206088
36.9768,121.7215,53,77.61666667,48.25,62.925,14.6,1650,F,Organic ,10,5,SKIN,825.2549781,1081.550858,0,0,1415.011873,2965.195566,0,9700.498812,525.3576369,11489.52826,0,0,451.0086381,16208.56473,2590.114365,3991.916962,7766.451145,12147.33031,1879.14227,0,0,39.0263034,144.9198929
38.4296,122.8479,55,73.1,44.19166667,58.65833333,26.32,1968,G,Conventional ,11,1,PULP,828.0701754,0,0,0,0,4784.71987,0,0,0,876.3712637,0,0,0,0,0,0,0,0,0,0,0,93.47560543,0
38.4296,122.8479,55,73.1,44.19166667,58.65833333,26.32,1968,G,Conventional ,11,2,PULP,864.7328244,0,0,0,0,4763.051251,0,109.7624071,0,663.1779989,0,0,0,0,0,0,0,0,0,0,0,77.24137128,0
38.4296,122.8479,55,73.1,44.19166667,58.65833333,26.32,1968,G,Conventional ,11,3,PULP,857.3158426,0,0,0,0,6287.523565,0,403.0388943,0,1052.079118,0,0,0,0,0,0,0,0,0,0,0,107.5668029,12.9540867
38.4296,122.8479,55,73.1,44.19166667,58.65833333,26.32,1968,G,Conventional ,11,4,PULP,826.0573651,0,0,0,0,5983.691998,53.19862152,0,0,0,0,0,0,0,0,0,0,0,0,0,0,97.97487342,0
38.4296,122.8479,55,73.1,44.19166667,58.65833333,26.32,1968,G,Conventional ,11,5,PULP,828.0701754,0,0,0,0,4667.780926,1.64616503,97.46256393,0,896.7458951,0,0,0,0,0,0,0,0,0,0,0,73.16401064,10.63834749
38.4296,122.8479,55,73.1,44.19166667,58.65833333,26.32,1968,G,Conventional ,11,1,SEED,863.8535841,0,0,0,0,8171.813724,0,642.1460491,0,705.8355304,0,0,0,0,0,0,0,0,52519.29102,0,0,0,21.8755196
38.4296,122.8479,55,73.1,44.19166667,58.65833333,26.32,1968,G,Conventional ,11,2,SEED,839.5256917,0,0,0,0,1510.820242,0,0,0,0,0,0,0,0,0,0,0,0,17312.95599,0,63.65989602,0,0
38.4296,122.8479,55,73.1,44.19166667,58.65833333,26.32,1968,G,Conventional ,11,3,SEED,835.809149,0,0,0,0,0,0,0,0,0,0,0,0,0,0,0,0,0,1034.595317,0,0,0,0
38.4296,122.8479,55,73.1,44.19166667,58.65833333,26.32,1968,G,Conventional ,11,4,SEED,847.0588235,0,0,0,0,11191.94603,0,1612.884324,0,1325.049881,0,0,0,0,0,104.7839794,0,0,52162.23744,0,0,0,39.09381109
38.4296,122.8479,55,73.1,44.19166667,58.65833333,26.32,1968,G,Conventional ,11,5,SEED,838.2831771,0,0,0,0,9861.736701,0,1072.72235,0,1371.525638,0,0,0,0,0,111.667022,0,0,56003.56441,0,0,0,29.4442132
38.4296,122.8479,55,73.1,44.19166667,58.65833333,26.32,1968,G,Conventional ,11,1,SKIN,842.4392662,0,0,0,535.991188,2849.194895,0,5923.381676,472.0506009,6722.495552,0,0,531.0255684,13185.97572,2742.359974,3871.908179,8324.501611,14818.81042,1849.24767,0,0,32.14547871,101.4407036
38.4296,122.8479,55,73.1,44.19166667,58.65833333,26.32,1968,G,Conventional ,11,2,SKIN,840.3560831,0,0,0,1587.804807,3938.818273,0,6432.249158,496.807999,8602.3111,0,0,2188.264042,29167.76694,4035.83789,6187.399175,12699.43915,22426.30953,2244.306401,0,0,28.64755239,128.9614932
38.4296,122.8479,55,73.1,44.19166667,58.65833333,26.32,1968,G,Conventional ,11,3,SKIN,867.381317,1323.688364,0,197.9537349,1308.426486,4575.653925,0,15661.5843,628.385091,13687.17515,0,0,395.563236,12780.60696,2519.338837,3862.868901,7612.611619,13056.09256,2235.554593,0,0,42.02717407,184.4379906
38.4296,122.8479,55,73.1,44.19166667,58.65833333,26.32,1968,G,Conventional ,11,5,SKIN,861.2265585,1415.072272,0,0,778.2724999,2987.275973,0,6072.373625,494.9908713,7603.087907,0,0,429.3809712,11548.8456,2228.062944,3426.93049,7611.538015,13386.88485,1734.494365,0,0,27.46519641,108.1121432
38.4296,122.8479,55,73.1,44.19166667,58.65833333,26.32,1968,G,Conventional ,11,4,SKIN,822.8571429,0,0,0,0,3526.582787,0,7780.508427,369.7506449,10974.45957,0,0,6412.514182,700.1620661,2962.611261,468.636941,1232.781988,8533.124046,1954.264523,0,0,32.86874935,149.1439537
40.28567,123.8063,72,64.025,46.20833333,55.13333333,30.82,304,G,Organic ,12,1,PULP,836.6322009,0,0,0,0,0,0,0,0,0,0,0,0,0,0,0,0,0,0,0,0,0,0
40.28567,123.8063,72,64.025,46.20833333,55.13333333,30.82,304,G,Organic ,12,2,PULP,862.5380711,0,0,0,0,0,0,0,0,0,0,0,0,0,0,0,0,0,0,0,0,0,0
40.28567,123.8063,72,64.025,46.20833333,55.13333333,30.82,304,G,Organic ,12,3,PULP,838.6969398,0,0,0,0,0,0,0,0,0,0,0,0,0,0,0,0,0,0,0,0,0,0
40.28567,123.8063,72,64.025,46.20833333,55.13333333,30.82,304,G,Organic ,12,4,PULP,846.2151394,0,0,0,0,0,0,0,0,0,0,0,0,0,0,0,0,0,0,0,0,0,0
40.28567,123.8063,72,64.025,46.20833333,55.13333333,30.82,304,G,Organic ,12,5,PULP,831.7180617,0,0,0,0,345.860787,0,0,0,0,0,0,0,0,0,0,0,0,0,0,0,0,0
40.28567,123.8063,72,64.025,46.20833333,55.13333333,30.82,304,G,Organic ,12,1,SEED,832.533072,0,0,0,0,1615.175716,0,0,0,0,0,8.301184849,0,0,0,0,0,0,9149.218498,0,198.9699345,0,0
40.28567,123.8063,72,64.025,46.20833333,55.13333333,30.82,304,G,Organic ,12,2,SEED,849.6,0,0,0,0,0,0,0,0,0,0,0,0,0,0,0,0,0,1581.149273,0,721.8453804,0,0
40.28567,123.8063,72,64.025,46.20833333,55.13333333,30.82,304,G,Organic ,12,3,SEED,820.4732014,0,0,0,0,0,0,0,0,0,0,0,0,0,0,0,0,0,0,0,0,0,0
40.28567,123.8063,72,64.025,46.20833333,55.13333333,30.82,304,G,Organic ,12,4,SEED,847.9041916,0,0,0,0,0,0,2278.127044,0,0,0,0,0,0,0,0,0,0,0,0,27.16786213,0,0
40.28567,123.8063,72,64.025,46.20833333,55.13333333,30.82,304,G,Organic ,12,5,SEED,837.044335,0,0,0,0,0,0,0,0,0,0,0,0,0,0,0,0,0,1360.800345,0,174.5243895,0,0
40.28567,123.8063,72,64.025,46.20833333,55.13333333,30.82,304,G,Organic ,12,1,SKIN,866.0550459,0,400.7765491,0,0,3482.719798,0,2522.394732,391.0687847,3357.937808,0,0,0,1846.553456,0,3154.561415,5999.549223,21095.44165,2025.529414,422.6584176,0,31.29961043,40.20689817
40.28567,123.8063,72,64.025,46.20833333,55.13333333,30.82,304,G,Organic ,12,2,SKIN,868.7116564,0,0,0,0,1924.463859,0,431.7112329,366.2134288,629.2666221,0,0,293.607076,5628.543372,1529.583604,3329.710816,5246.162625,15623.80197,2111.123153,345.1083549,0,24.94799143,27.30510822
40.28567,123.8063,72,64.025,46.20833333,55.13333333,30.82,304,G,Organic ,12,3,SKIN,866.4966854,0,0,0,0,1654.670935,0,0,0,0,0,0,661.7997831,11520.80817,2762.409306,5223.509012,10082.0519,26904.55106,1883.489669,166.3968443,0,18.51670039,0
40.28567,123.8063,72,64.025,46.20833333,55.13333333,30.82,304,G,Organic ,12,4,SKIN,830.9046455,0,0,0,0,44.50737581,0,0,294.6351968,0,0,0,0,723.9338751,0,1102.191321,2268.723787,7048.648491,0,0,0,0,0
40.28567,123.8063,72,64.025,46.20833333,55.13333333,30.82,304,G,Organic ,12,5,SKIN,832.533072,0,0,0,0,1040.855036,0,0,0,0,0,0,305.6508056,6979.726355,1807.309966,3672.932527,6695.982538,19702.76462,1324.098056,0,0,9.872226296,76.13909658
44.20901,123.3281,121,64.7,43.46666667,54.09166667,40.58,426,H,Organic ,13,1,PULP,837.044335,0,0,0,0,1300.258574,0,0,0,0,0,0,0,0,0,0,0,0,0,0,0,30.73891857,0
44.20901,123.3281,121,64.7,43.46666667,54.09166667,40.58,426,H,Organic ,13,2,PULP,833.3496812,0,0,0,0,0,0,0,0,0,0,0,0,0,0,0,0,0,0,0,0,0,0
44.20901,123.3281,121,64.7,43.46666667,54.09166667,40.58,426,H,Organic ,13,3,PULP,859.4840668,0,0,0,0,9405.406743,104.9550142,738.9761637,0,1328.224521,0,0,0,0,0,0,0,0,1850.016214,0,0,205.3476281,16.75936678
44.20901,123.3281,121,64.7,43.46666667,54.09166667,40.58,426,H,Organic ,13,4,PULP,830.9046455,0,0,0,0,290.7183833,0,0,0,0,0,0,0,0,0,0,0,0,0,0,0,0,0
44.20901,123.3281,121,64.7,43.46666667,54.09166667,40.58,426,H,Organic ,13,5,PULP,832.9411765,0,0,0,0,0,0,0,0,0,0,0,0,0,0,0,0,0,0,0,0,0,0
44.20901,123.3281,121,64.7,43.46666667,54.09166667,40.58,426,H,Organic ,13,1,SEED,825.6559767,5363.244439,0,0,0,0,0,0,0,0,0,0,0,0,0,0,0,0,1093.461586,0,0,0,0
44.20901,123.3281,121,64.7,43.46666667,54.09166667,40.58,426,H,Organic ,13,2,SEED,847.9041916,0,0,0,0,7895.754673,0,1120.058907,0,946.9258354,0,0,0,0,0,169.4926041,0,0,42303.41415,0,2.628385616,0,39.40781176
44.20901,123.3281,121,64.7,43.46666667,54.09166667,40.58,426,H,Organic ,13,3,SEED,824.0543162,0,0,0,0,26266.57446,91.43597629,4444.098061,369.738292,2744.366742,0,0,0,0,0,240.5420023,0,182.6746398,80792.94875,0,45.15491898,0,84.3484232
44.20901,123.3281,121,64.7,43.46666667,54.09166667,40.58,426,H,Organic ,13,4,SEED,831.3111546,0,0,0,0,12022.3852,0,1709.080878,0,0,0,0,0,0,0,170.2096716,0,0,48899.83245,0,75.12000685,0,43.4885708
44.20901,123.3281,121,64.7,43.46666667,54.09166667,40.58,426,H,Organic ,13,5,SEED,856.4516129,0,0,0,0,7089.052482,0,865.7469629,0,1119.84963,0,0,0,0,0,0,0,0,29059.19971,0,0,0,26.36516501
44.20901,123.3281,121,64.7,43.46666667,54.09166667,40.58,426,H,Organic ,13,1,SKIN,829.6875,1746.183185,0,0,0,3491.958829,0,1347.600286,318.8412578,9193.175556,0,0,362.8618672,5510.110436,2288.942551,2445.671779,5238.851616,10005.41593,1670.960721,0,0,36.97765067,169.8808631
44.20901,123.3281,121,64.7,43.46666667,54.09166667,40.58,426,H,Organic ,13,2,SKIN,854.7283702,1535.476513,0,796.4083397,203.7179187,5281.985963,0,6549.363995,631.2890582,6200.363985,0,0,3800.188249,40265.68945,10862.13987,6858.78478,14781.1544,22581.17538,2608.271386,70.27422282,0,40.28878995,132.8456903
44.20901,123.3281,121,64.7,43.46666667,54.09166667,40.58,426,H,Organic ,13,3,SKIN,859.049545,1437.285153,0,0,0,4105.895648,0,1037.257024,619.2396074,8447.083756,0,0,2798.692246,29375.82522,7824.899937,5467.608332,11727.75794,14220.54231,2663.599815,2.346791786,0,45.95014358,145.5285721
44.20901,123.3281,121,64.7,43.46666667,54.09166667,40.58,426,H,Organic ,13,4,SKIN,837.4568753,690.3624413,0,0,0,2526.308223,0,3323.877183,298.1553917,5087.102038,0,0,11465.24847,1077.586673,2661.299056,376.4049039,1058.38843,8697.151983,890.1374667,0,0,21.04269503,72.95521672
44.20901,123.3281,121,64.7,43.46666667,54.09166667,40.58,426,H,Organic ,13,5,SKIN,838.2831771,1562.124905,0,0,0,6135.335042,0,11820.19747,590.3360204,11440.80829,0,0,4347.626262,29770.41946,8523.84903,5364.22346,12254.18827,22132.90048,835.0239914,0,0,30.29058727,175.2323374
44.02257,123.0045,138,64.7,43.46666667,54.09166667,40.58,72,H,Conventional ,14,1,PULP,866.4966854,0,0,0,0,33.42979388,0,0,0,0,0,0,0,0,0,0,0,0,0,0,0,14.87176791,0
44.02257,123.0045,138,64.7,43.46666667,54.09166667,40.58,72,H,Conventional ,14,2,PULP,826.459144,0,0,0,0,0,0,0,0,0,0,0,0,0,0,0,0,0,0,0,0,0,0
44.02257,123.0045,138,64.7,43.46666667,54.09166667,40.58,72,H,Conventional ,14,3,PULP,839.9406822,0,0,0,0,4370.792321,65.56407463,0,0,0,0,0,0,0,0,0,0,0,1208.296418,0,0,107.9853164,0
44.02257,123.0045,138,64.7,43.46666667,54.09166667,40.58,72,H,Conventional ,14,4,PULP,844.1132638,0,0,0,0,5532.8294,74.56679948,0,0,0,0,0,0,0,0,0,0,0,1110.138159,0,0,110.3892606,0
44.02257,123.0045,138,64.7,43.46666667,54.09166667,40.58,72,H,Conventional ,14,5,PULP,0,0,0,0,0,0,0,0,0,0,0,0,0,0,0,0,0,0,0,0,0,0,0
44.02257,123.0045,138,64.7,43.46666667,54.09166667,40.58,72,H,Conventional ,14,1,SEED,830.9046455,0,0,0,0,172.5904905,0,0,0,0,0,0,0,0,0,0,0,0,2144.96702,0,90.77911772,0,0
44.02257,123.0045,138,64.7,43.46666667,54.09166667,40.58,72,H,Conventional ,14,2,SEED,857.7486118,0,816.205454,0,0,17953.75541,40.43777998,4680.671474,392.2849522,3050.816786,0,0,0,0,0,197.9295908,0,0,90691.08432,156.2682427,42.67515449,0,90.63088519
44.02257,123.0045,138,64.7,43.46666667,54.09166667,40.58,72,H,Conventional ,14,4,SEED,830.4985337,0,0,0,0,4067.172334,52.6044862,1932.902751,321.1850419,1380.122495,0,0,0,0,0,125.8864447,0,0,109450.4835,0,13.61343794,0,55.57561627
44.02257,123.0045,138,64.7,43.46666667,54.09166667,40.58,72,H,Conventional ,14,5,SEED,838.6969398,0,0,0,0,4516.24215,79.5315647,2905.434176,343.8001328,1545.678558,0,0,0,0,0,175.0400757,0,0,139114.2329,0,49.95375972,0,60.91290446
44.02257,123.0045,138,64.7,43.46666667,54.09166667,40.58,72,H,Conventional ,14,1,SKIN,849.6,1080.418657,0,0,0,3407.098893,0,6100.386964,0,8243.82497,0,0,132.9776292,3790.365436,1440.568689,1739.657863,3994.648167,6552.98921,1464.109069,0,0,37.30269055,129.5350548
44.02257,123.0045,138,64.7,43.46666667,54.09166667,40.58,72,H,Conventional ,14,2,SKIN,829.2825769,0,0,0,0,2031.387302,0,8451.095893,789.3330132,13510.60674,0,0,0,2639.079635,1353.931807,1146.12405,2900.811646,4141.600281,1475.489903,0,0,38.44470381,147.8122021
44.02257,123.0045,138,64.7,43.46666667,54.09166667,40.58,72,H,Conventional ,14,3,SKIN,845.3731343,1425.031213,388.519149,0,0,3524.566981,0,12317.77612,954.2043812,545.3435439,0,0,1426.465498,20295.99895,4464.452613,4729.838987,10074.78592,14167.12822,1867.68584,0,0,44.46461435,210.5650298
44.02257,123.0045,138,64.7,43.46666667,54.09166667,40.58,72,H,Conventional ,14,4,SKIN,825.2549781,0,0,0,0,1839.162893,0,6525.642856,675.2449334,6675.027736,0,0,177.0636992,7132.246487,1730.549106,3274.397939,5226.142366,9360.839217,2678.52995,0,0,55.97993961,142.8710023
44.02257,123.0045,138,64.7,43.46666667,54.09166667,40.58,72,H,Conventional ,14,5,SKIN,839.9406822,618.2404625,0,0,0,1329.058426,0,6066.27107,683.1159343,7541.069016,0,0,288.9856292,10038.21757,1925.882785,4447.985644,6949.043031,14863.10751,3130.776187,22.73633229,0,36.57576669,160.7514085
45.51143,121.5584,591,50.63333333,35.43333333,43.025,79.83,221,I,Conventional ,15,1,PULP,824.4541485,0,0,0,0,140.8532596,0,0,0,0,0,0,0,0,0,0,0,0,0,0,0,8.331525213,0
45.51143,121.5584,591,50.63333333,35.43333333,43.025,79.83,221,I,Conventional ,15,2,PULP,866.9387755,0,0,0,0,6280.824288,0,577.2569002,0,1537.987403,0,0,0,0,0,0,0,0,0,0,0,71.82818683,0
45.51143,121.5584,591,50.63333333,35.43333333,43.025,79.83,221,I,Conventional ,15,3,PULP,832.1253673,0,0,0,0,4022.614247,0,0,0,956.9443403,0,0,0,0,0,0,0,118.3722771,773.4755968,0,0,74.30785893,0
45.51143,121.5584,591,50.63333333,35.43333333,43.025,79.83,221,I,Conventional ,15,4,PULP,830.0928188,0,0,0,0,7877.510449,26.71147204,0,0,753.3847352,0,0,0,0,0,0,0,481.4296644,1043.70104,0,0,122.1443686,0
45.51143,121.5584,591,50.63333333,35.43333333,43.025,79.83,221,I,Conventional ,15,5,PULP,828.0701754,0,0,0,0,6616.056726,0.818146537,0,0,678.7875409,0,0,0,0,0,0,0,0,808.8346642,0,0,107.453094,0
45.51143,121.5584,591,50.63333333,35.43333333,43.025,79.83,221,I,Conventional ,15,1,SEED,830.4985337,0,0,648.646321,0,13067.70378,0,2371.785134,350.1873151,1922.500725,0,0,0,0,0,212.8011418,0,0,63401.03919,0,0,0,58.15620125
45.51143,121.5584,591,50.63333333,35.43333333,43.025,79.83,221,I,Conventional ,15,2,SEED,3398.4,0,0,0,0,12354.23519,0,1772.873256,0,0,0,0,0,0,0,0,0,0,57172.74088,0,0,0,40.64576661
45.51143,121.5584,591,50.63333333,35.43333333,43.025,79.83,221,I,Conventional ,15,3,SEED,826.8613139,0,0,0,0,18681.74355,45.15865113,6844.620868,341.3821759,3003.10645,0,0,0,0,0,234.6233525,0,222.097256,88698.42747,0,76.31558179,15.49953374,85.40148156
45.51143,121.5584,591,50.63333333,35.43333333,43.025,79.83,221,I,Conventional ,15,4,SEED,840.7718951,0,0,0,0,14882.34427,140.2855533,3274.31516,0,1709.006643,0,0,0,0,0,253.7974824,0,101.8948812,77963.01073,0,43.7138656,15.88742324,48.22575634
45.51143,121.5584,591,50.63333333,35.43333333,43.025,79.83,221,I,Conventional ,15,5,SEED,857.7486118,0,0,0,0,11570.69477,0,2285.868345,321.9443665,2002.768004,0,0,0,0,0,205.9823357,0,0,48468.94681,0,6.470207205,18.12918502,67.28251423
45.51143,121.5584,591,50.63333333,35.43333333,43.025,79.83,221,I,Conventional ,15,1,SKIN,855.5891239,998.5807437,0,232.3615836,0,2690.012012,0,5954.685007,1243.938495,7497.227614,0,0,0,1455.274909,0,1311.011978,3289.516418,4856.036381,1642.823121,0,0,51.13093173,104.2976085
45.51143,121.5584,591,50.63333333,35.43333333,43.025,79.83,221,I,Conventional ,15,2,SKIN,853.4404822,1766.944033,0,448.7566265,0,5298.028153,0,12354.12391,1079.725429,14644.12141,0,0,395.8665855,9569.501597,2747.820018,4429.72623,8637.054966,13988.64544,2960.375462,0,0,75.56550169,208.90651
45.51143,121.5584,591,50.63333333,35.43333333,43.025,79.83,221,I,Conventional ,15,3,SKIN,853.0120482,1403.041108,0,0,0,2746.538186,234.0412434,14028.42814,779.9241891,19791.09048,0,0,97.65894311,1759.021101,0,1606.320433,3915.617993,6360.47285,2150.452175,0,0,63.4419251,199.6868517
45.51143,121.5584,591,50.63333333,35.43333333,43.025,79.83,221,I,Conventional ,15,4,SKIN,850.8763145,0,578.0707105,0,0,3488.094647,0,10936.90974,1103.423134,12303.2977,0,0,584.0214437,8092.983111,2345.182624,3006.467453,6740.458329,8815.544242,2347.263481,0,0,44.03502827,204.7599994
45.51143,121.5584,591,50.63333333,35.43333333,43.025,79.83,221,I,Conventional ,15,5,SKIN,855.5891239,1628.846428,0,384.4597107,620.4186725,3976.357661,24.95499713,13638.89484,1347.221843,19716.15194,0,0,176.9803192,6448.492674,2024.615377,3255.060238,6806.056712,11456.02464,2332.16632,0,0,57.60992135,227.6042115
45.50422,121.5893,644,50.63333333,35.43333333,43.025,79.83,98,I,Organic ,16,1,PULP,867.381317,604.0510925,0,153.7334986,0,8415.29569,0,1125.556013,0,2152.34529,0,0,0,0,0,0,0,122.3954925,1340.231484,0,0,136.5623806,23.72015796
45.50422,121.5893,644,50.63333333,35.43333333,43.025,79.83,98,I,Organic ,16,2,PULP,828.0701754,0,0,0,0,4596.055465,96.25686827,0,0,440.0674375,0,0,0,0,0,0,0,0,1014.961147,0,0,119.1737282,0
45.50422,121.5893,644,50.63333333,35.43333333,43.025,79.83,98,I,Organic ,16,3,PULP,829.6875,0,0,0,0,9740.272173,195.0032399,493.8172809,316.2190221,1681.420762,0,0,169.8410322,0,0,0,0,259.8309703,991.7717654,0,0,221.5909959,14.73409079
45.50422,121.5893,644,50.63333333,35.43333333,43.025,79.83,98,I,Organic ,16,4,PULP,861.663286,0,0,0,0,0,0,0,0,0,0,0,0,0,0,0,0,0,0,0,0,0,0
45.50422,121.5893,644,50.63333333,35.43333333,43.025,79.83,98,I,Organic ,16,5,PULP,848.7512488,2038.473962,0,687.1973981,0,6303.775169,0,8336.318645,337.388026,11646.45691,0,0,545.8744197,8932.806196,2591.877765,3665.097729,7375.951808,14272.62022,0,0,0,89.42671989,12.5438132
45.50422,121.5893,644,50.63333333,35.43333333,43.025,79.83,98,I,Organic ,16,1,SEED,860.3544304,0,0,0,0,1167.360422,0,0,0,0,0,0,0,0,0,0,0,0,0,0,0,19.69050825,0
45.50422,121.5893,644,50.63333333,35.43333333,43.025,79.83,98,I,Organic ,16,2,SEED,1735.648621,0,0,0,0,32850.59967,118.7077729,7984.886889,0,5217.630685,0,0,0,0,0,614.6648539,0,283.5936676,161024.6398,0,49.97100942,25.54144212,177.5356362
45.50422,121.5893,644,50.63333333,35.43333333,43.025,79.83,98,I,Organic ,16,3,SEED,821.6634429,0,0,0,0,15768.46414,20.06018169,3603.143914,0,2369.767305,0,0,0,0,0,273.1049427,0,58.02203013,74366.20777,0,16.08960476,9.788043292,87.54619032
45.50422,121.5893,644,50.63333333,35.43333333,43.025,79.83,98,I,Organic ,16,4,SEED,828.8780488,0,0,0,0,18357.32764,87.78401534,3364.468474,415.3100458,2466.916987,0,0,0,0,0,308.5153351,0,0,103056.9184,0,33.83552855,14.62439137,97.49859071
45.50422,121.5893,644,50.63333333,35.43333333,43.025,79.83,98,I,Organic ,16,5,SEED,844.5328032,0,0,0,0,21027.31461,75.57189957,4198.211957,383.9517385,2575.73067,0,0,0,0,0,325.065017,0,265.5250676,93265.63978,0,67.14855187,0,96.35490697
45.50422,121.5893,644,50.63333333,35.43333333,43.025,79.83,98,I,Organic ,16,1,SKIN,849.1754123,1842.343204,0,404.6231784,0,5655.247442,0,9883.143699,981.6716801,13302.80624,0,0,760.1139442,9805.876427,3210.149887,3599.94609,7266.921189,14291.13338,2308.35931,0,0,62.83217927,147.1166996
45.50422,121.5893,644,50.63333333,35.43333333,43.025,79.83,98,I,Organic ,16,2,SKIN,850.0250125,1948.292998,0,981.1568335,0,4920.827764,0,7041.717958,1110.893255,15225.84874,0,0,308.6065383,3740.891651,1677.347808,1918.215599,4533.26752,8503.062461,2269.935615,0,0,95.15092421,145.9226237
45.50422,121.5893,644,50.63333333,35.43333333,43.025,79.83,98,I,Organic ,16,3,SKIN,842.0218038,1941.462492,0,2818.385435,0,7818.211827,102.352941,8234.444513,741.3322073,11827.52598,0,0,452.6829459,4798.452902,1803.692565,1910.167436,4723.3614,6982.718654,5000.072803,0,0,144.8981253,136.0879068
45.50422,121.5893,644,50.63333333,35.43333333,43.025,79.83,98,I,Organic ,16,4,SKIN,855.5891239,2702.374643,0,631.4352463,0,8621.477889,46.575827,10547.31629,1438.22282,15012.2842,0,0,612.6093814,15109.53999,3772.489338,5532.416799,11419.66541,18766.91728,4131.829335,0,0,132.2348007,210.5785055
45.50422,121.5893,644,50.63333333,35.43333333,43.025,79.83,98,I,Organic ,16,5,SKIN,819.6816208,717.83323,0,364.8926686,0,9844.367515,45.93415537,1009.253137,0,559.8231212,0,0,0,0,0,0,0,0,826.2873562,0,0,124.608363,246.7049994
45.83882,121.496,161,60.01666667,35.99166667,48.01666667,49.44,500,J,Conventional ,17,1,PULP,834.5776031,0,0,0,0,387.2962379,0,0,0,0,0,0,0,0,0,0,0,0,0,0,0,0,0
45.83882,121.496,161,60.01666667,35.99166667,48.01666667,49.44,500,J,Conventional ,17,2,PULP,829.2825769,0,0,0,0,0,0,0,0,0,0,0,0,0,0,0,0,0,0,0,0,0,0
45.83882,121.496,161,60.01666667,35.99166667,48.01666667,49.44,500,J,Conventional ,17,3,PULP,844.5328032,0,0,0,0,877.1414453,0,0,0,0,0,0,0,0,0,0,0,0,0,0,0,10.88138636,0
45.83882,121.496,161,60.01666667,35.99166667,48.01666667,49.44,500,J,Conventional ,17,4,PULP,839.1111111,0,0,0,0,1135.496232,0,0,0,0,0,0,0,0,0,0,0,0,0,0,0,18.51237868,0
45.83882,121.496,161,60.01666667,35.99166667,48.01666667,49.44,500,J,Conventional ,17,5,PULP,845.3731343,0,0,0,0,662.1822532,0,0,0,0,0,0,0,0,0,0,0,0,865.9847989,0,0,15.00882964,0
45.83882,121.496,161,60.01666667,35.99166667,48.01666667,49.44,500,J,Conventional ,17,1,SEED,859.9190283,0,567.3344198,0,0,14387.65289,31.65389673,5083.420802,399.4646244,3893.974505,0,0,0,0,0,0,0,0,61889.99619,0,46.59612239,0,101.6636104
45.83882,121.496,161,60.01666667,35.99166667,48.01666667,49.44,500,J,Conventional ,17,2,SEED,829.6875,0,0,0,0,0,0,462.678997,0,0,0,0,0,0,0,0,0,0,1251.802158,0,18.53789825,0,0
45.83882,121.496,161,60.01666667,35.99166667,48.01666667,49.44,500,J,Conventional ,17,3,SEED,852.5840442,0,0,0,0,7809.556296,0,2485.462203,0,2393.72565,0,0,0,0,0,122.5859965,0,0,29627.34252,0,4.861589389,0,56.97454004
45.83882,121.496,161,60.01666667,35.99166667,48.01666667,49.44,500,J,Conventional ,17,4,SEED,834.987715,0,453.9437878,0,0,10972.64044,0,3017.199216,345.8524505,2547.008625,0,0,0,0,0,185.285179,0,0,51117.58331,0,0,0,64.76587906
45.83882,121.496,161,60.01666667,35.99166667,48.01666667,49.44,500,J,Conventional ,17,5,SEED,823.255814,0,0,0,0,10105.30386,0,3496.188954,0,3449.171889,0,0,0,0,0,139.5264399,0,0,33194.46883,0,0,0,75.05048149
45.83882,121.496,161,60.01666667,35.99166667,48.01666667,49.44,500,J,Conventional ,17,1,SKIN,848.3275087,395.6988714,0,0,0,295.9431192,0,2288.951467,358.8255614,4620.416725,0,0,130.6162918,1529.227315,0,749.7326483,1832.82421,2662.507235,0,0,0,0,56.06383429
45.83882,121.496,161,60.01666667,35.99166667,48.01666667,49.44,500,J,Conventional ,17,2,SKIN,836.6322009,494.4265455,0,1230.474801,0,691.4966051,0,3725.812377,0,5932.145009,0,0,526.6814799,9296.271085,2494.728641,2347.950688,4922.706914,2332.453858,1333.208602,0,40.20531633,8.090605965,58.41716171
45.83882,121.496,161,60.01666667,35.99166667,48.01666667,49.44,500,J,Conventional ,17,3,SKIN,835.3982301,647.0647185,0,0,0,965.4877358,0,2585.700968,0,5529.593395,0,0,376.7328018,9059.23199,2069.837914,2356.664465,4977.546265,8845.284199,1026.755235,0,0,14.24705631,62.65821858
45.83882,121.496,161,60.01666667,35.99166667,48.01666667,49.44,500,J,Conventional ,17,5,SKIN,847.9041916,537.7600948,0,0,0,444.9406828,0,2819.115886,0,5383.235466,0,0,310.7058679,5896.090456,1628.124961,1381.811992,3401.443253,5879.384759,974.1722826,0,0,0,0
45.69196,121.5184,172,60.95,42.46666667,51.7,29.84,339,K,Conventional ,18,1,PULP,832.533072,577.1811098,0,0,0,11206.05663,12.69372955,792.454585,0,1665.1186,0,0,0,0,0,0,0,177.1289385,1038.300473,0,0,219.1235019,16.71879936
45.69196,121.5184,172,60.95,42.46666667,51.7,29.84,339,K,Conventional ,18,2,PULP,852.5840442,0,0,0,0,4727.588755,0,0,0,469.1830941,0,0,0,0,0,0,0,0,0,0,0,89.92493256,0
45.69196,121.5184,172,60.95,42.46666667,51.7,29.84,339,K,Conventional ,18,3,PULP,851.3026052,0,0,0,0,8239.005303,0,114.6367032,0,759.0373735,0,0,0,0,0,0,0,0,0,0,0,12.50080902,123.3374616
45.69196,121.5184,172,60.95,42.46666667,51.7,29.84,339,K,Conventional ,18,4,PULP,854.7283702,0,0,0,0,8005.122482,13.15592023,0,0,1098.219029,0,0,0,0,0,0,0,0,0,0,0,131.2736215,0
45.69196,121.5184,172,60.95,42.46666667,51.7,29.84,339,K,Conventional ,18,5,PULP,826.459144,0,0,0,0,10289.02449,0,1631.888016,0,2179.943304,0,0,0,0,0,0,0,0,1176.395862,0,0,126.418595,29.15342988
45.69196,121.5184,172,60.95,42.46666667,51.7,29.84,339,K,Conventional ,18,1,SEED,862.1004566,0,0,0,0,12217.4057,46.71897023,2199.574344,516.8002311,1753.787436,0,0,0,0,0,91.72868303,0,0,44727.79144,0,0,8.999623342,38.02392191
45.69196,121.5184,172,60.95,42.46666667,51.7,29.84,339,K,Conventional ,18,2,SEED,829.2825769,0,547.1988853,0,0,16578.04718,83.99297433,2865.494724,338.6394123,2229.384959,0,0,0,0,0,219.8294328,0,93.1052416,63990.36891,0,26.12768078,0,69.16625974
45.69196,121.5184,172,60.95,42.46666667,51.7,29.84,339,K,Conventional ,18,3,SEED,843.2754342,0,0,0,0,24649.13654,177.2377168,3911.538139,347.4197173,3247.843764,0,0,0,0,0,156.4978644,0,0,116768.5231,0,24.27252354,22.74561541,81.72221607
45.69196,121.5184,172,60.95,42.46666667,51.7,29.84,339,K,Conventional ,18,4,SEED,859.4840668,0,0,0,0,20888.94128,276.1253993,4740.292735,0,2886.056641,0,0,0,0,0,180.7183243,0,0,67481.19891,0,33.49016451,0,63.27829581
45.69196,121.5184,172,60.95,42.46666667,51.7,29.84,339,K,Conventional ,18,5,SEED,0,0,0,0,0,0,0,0,0,0,0,0,0,0,0,0,0,0,0,0,0,0,0
45.69196,121.5184,172,60.95,42.46666667,51.7,29.84,339,K,Conventional ,18,1,SKIN,863.8535841,1275.429996,0,0,1129.292373,9666.266362,0,11220.62007,754.1707396,8455.490387,0,0,4752.080158,60947.82624,11684.4808,10701.95822,21137.21703,41005.46198,4049.448485,65.35421229,0,95.84673255,192.741502
45.69196,121.5184,172,60.95,42.46666667,51.7,29.84,339,K,Conventional ,18,2,SKIN,801.8876829,0,0,0,0,4531.235144,0,8768.435106,650.5082077,11378.11468,0,0,1575.6286,31762.06538,5138.835196,6388.795006,12888.26252,20899.21722,1729.830484,22.51626382,0,52.72933841,155.8666283
45.69196,121.5184,172,60.95,42.46666667,51.7,29.84,339,K,Conventional ,18,3,SKIN,844.5328032,989.0675246,0,0,0,4569.128912,0,1188.121973,645.556903,8049.94897,0,0,2449.899374,32077.75962,5508.594984,7401.568036,14438.96364,33276.74737,2144.971496,52.3331544,0,49.50197806,148.9701815
45.69196,121.5184,172,60.95,42.46666667,51.7,29.84,339,K,Conventional ,18,4,SKIN,855.1585304,1245.093714,0,0,2183.685777,5716.10916,0,1319.97025,1449.328021,7157.543591,0,0,90779.2764,10518.12708,11847.78679,3918.764954,2148.099077,29463.98595,1103.603069,99.67142467,0,64.39584058,153.6183334
45.69196,121.5184,172,60.95,42.46666667,51.7,29.84,339,K,Conventional ,18,5,SKIN,820.4732014,1311.131655,0,0,554.3160462,11018.27489,0,10173.83489,743.0775654,8472.921531,0,0,6390.419545,72322.65406,16156.37245,13693.32245,23851.00063,44696.79132,5061.461603,69.99065836,0,117.7197195,181.2497272
47.26603,119.9447,401,63.68333333,39.45833333,51.56666667,4.23,5226,L,Organic ,19,1,PULP,871.8317086,0,0,0,0,0,0,0,0,0,0,0,0,0,0,0,0,0,0,0,0,0,0
47.26603,119.9447,401,63.68333333,39.45833333,51.56666667,4.23,5226,L,Organic ,19,2,PULP,847.9041916,0,0,0,0,4333.309917,38.10571992,0,0,0,0,0,0,0,0,0,0,0,1140.886299,0,0,100.0349562,0
47.26603,119.9447,401,63.68333333,39.45833333,51.56666667,4.23,5226,L,Organic ,19,3,PULP,850.0250125,0,0,0,0,4174.817019,0,0,0,604.1719083,0,0,0,0,0,0,0,0,0,0,0,77.70603107,0
47.26603,119.9447,401,63.68333333,39.45833333,51.56666667,4.23,5226,L,Organic ,19,4,PULP,852.5840442,0,0,0,0,2705.578844,0,0,0,0,0,0,0,0,0,0,0,0,0,0,0,71.05730947,0
47.26603,119.9447,401,63.68333333,39.45833333,51.56666667,4.23,5226,L,Organic ,19,5,PULP,828.4739152,0,0,0,0,3750.264699,17.87612551,0,0,0,0,0,0,0,0,0,0,0,1204.816092,0,0,116.1798803,0
47.26603,119.9447,401,63.68333333,39.45833333,51.56666667,4.23,5226,L,Organic ,19,1,SEED,841.1881188,0,0,0,0,9583.521075,0,1747.070493,0,1228.393118,0,0,0,0,0,151.9992721,0,0,58924.02409,0,9.290409236,0,47.19968253
47.26603,119.9447,401,63.68333333,39.45833333,51.56666667,4.23,5226,L,Organic ,19,2,SEED,845.7939273,0,438.3806043,0,0,13242.12591,0,2338.324894,323.6910037,1823.965011,0,0,0,0,0,177.001037,0,0,75336.49927,0,9.996596741,0,58.779763
47.26603,119.9447,401,63.68333333,39.45833333,51.56666667,4.23,5226,L,Organic ,19,3,SEED,873.6246787,0,0,0,0,0,0,0,0,0,0,0,0,0,0,0,0,928.2002877,4211.394923,0,206.2309493,0,0
47.26603,119.9447,401,63.68333333,39.45833333,51.56666667,4.23,5226,L,Organic ,19,5,SEED,820.8695652,0,0,0,0,12941.09725,0,2304.932112,0,1832.427667,0,0,0,0,0,178.0132348,0,25.33940637,65632.70489,0,7.227681422,6.165077243,52.1626875
47.26603,119.9447,401,63.68333333,39.45833333,51.56666667,4.23,5226,L,Organic ,19,1,SKIN,836.2204724,772.9371122,0,0,0,1155.944515,0,7880.497639,0,8402.184795,0,0,3604.365044,276.8084583,1698.552306,2024.712249,0,3951.288376,1266.271179,0,0,26.19551363,132.0403369
47.26603,119.9447,401,63.68333333,39.45833333,51.56666667,4.23,5226,L,Organic ,19,2,SKIN,836.6322009,10141.95363,0,0,0,20084.44496,287.5719838,124230.0583,2275.101075,101741.5791,0,0,0,1846.022794,93162.02287,12546.62402,18491.53072,140420.716,31923.97641,63118.48912,0,343.0032168,1436.973932
47.26603,119.9447,401,63.68333333,39.45833333,51.56666667,4.23,5226,L,Organic ,19,3,SKIN,859.9190283,1176.604909,0,0,0,1530.25154,0,10373.9397,348.735646,13606.63693,0,0,0,5457.978275,1744.434099,2157.106318,4279.764198,9103.598423,1846.249425,0,0,44.19047111,176.5476597
47.26603,119.9447,401,63.68333333,39.45833333,51.56666667,4.23,5226,L,Organic ,19,4,SKIN,868.7116564,964.9976799,0,0,0,2105.370427,0,7168.3147,331.8766177,9654.536959,0,0,438.0998797,10478.68359,2410.941482,2586.243235,5546.016863,10460.69744,1575.497255,0,0,32.5054728,139.4920403
47.26603,119.9447,401,63.68333333,39.45833333,51.56666667,4.23,5226,L,Organic ,19,5,SKIN,857.7486118,1169.876247,0,0,0,1704.434375,0,6963.776366,629.1746194,7969.119754,0,0,112.7788832,3982.663148,1428.53082,1655.699234,3809.992745,6004.541211,2082.486862,0,0,41.08125685,125.821001
47.55188,120.2998,203,62.11666667,41.725,51.95833333,8.85,271,L,Conventional ,20,1,PULP,829.6875,0,0,0,0,4976.63717,0,0,0,0,0,0,0,0,0,0,0,0,1186.324319,0,0,95.62143949,0
47.55188,120.2998,203,62.11666667,41.725,51.95833333,8.85,271,L,Conventional ,20,2,PULP,850.4504505,681.4365312,0,0,0,11152.00699,0,1546.504005,0,1834.861975,0,0,0,0,0,0,0,0,0,0,0,184.0421636,23.6367992
47.55188,120.2998,203,62.11666667,41.725,51.95833333,8.85,271,L,Conventional ,20,3,PULP,829.2825769,0,0,0,0,7280.315279,0,643.6269222,0,907.1820991,0,0,0,0,0,0,0,0,0,0,0,115.4889207,12.896737
47.55188,120.2998,203,62.11666667,41.725,51.95833333,8.85,271,L,Conventional ,20,4,PULP,841.6047548,0,0,0,0,5743.024334,0,0,0,510.4173313,0,0,0,0,0,0,0,0,0,0,0,107.7467392,0
47.55188,120.2998,203,62.11666667,41.725,51.95833333,8.85,271,L,Conventional ,20,5,PULP,837.4568753,0,0,0,0,7410.592797,25.4483708,357.2520268,0,1011.296703,0,0,0,0,0,0,0,0,0,0,0,110.869721,0
47.55188,120.2998,203,62.11666667,41.725,51.95833333,8.85,271,L,Conventional ,20,1,SEED,854.7283702,0,0,0,0,8073.471494,0,1959.405475,0,1109.952888,0,0,0,0,0,0,0,0,40869.38851,0,0,0,30.51876529
47.55188,120.2998,203,62.11666667,41.725,51.95833333,8.85,271,L,Conventional ,20,2,SEED,824.8543689,0,279.0866672,0,0,6305.837155,0,955.7767076,0,717.2505269,0,0,0,0,0,0,0,93.3493432,29688.86465,0,0,25.8392987,15.64138857
47.55188,120.2998,203,62.11666667,41.725,51.95833333,8.85,271,L,Conventional ,20,3,SEED,851.3026052,0,501.5268773,0,0,13558.41585,32.3150986,2653.381605,309.9259524,1867.470039,0,0,0,0,0,173.5749267,0,0,62474.98725,0,6.103252169,0,59.03061114
47.55188,120.2998,203,62.11666667,41.725,51.95833333,8.85,271,L,Conventional ,20,4,SEED,854.2986425,0,0,0,0,4756.861142,0,487.1963197,0,588.2274186,0,0,0,0,0,0,0,0,21443.80956,0,0,0,15.15141311
47.55188,120.2998,203,62.11666667,41.725,51.95833333,8.85,271,L,Conventional ,20,5,SEED,824.0543162,0,0,0,0,11259.85937,10.48527727,1934.375736,0,1440.36978,0,0,0,0,0,133.559459,0,0,59858.95787,0,7.186493393,0,45.31311848
47.55188,120.2998,203,62.11666667,41.725,51.95833333,8.85,271,L,Conventional ,20,1,SKIN,826.459144,1346.058941,0,0,0,2312.486243,0,10173.28879,520.1297891,6605.236199,0,0,490.0708692,17415.46184,4051.431191,3854.179178,7030.13328,15167.69381,1736.376514,0,0,33.92729293,133.1908771
47.55188,120.2998,203,62.11666667,41.725,51.95833333,8.85,271,L,Conventional ,20,2,SKIN,862.97613,1200.083202,0,0,2238.798494,2952.560245,0,1490.91296,555.2204908,1111.526176,0,0,25466.15144,2129.989799,5509.695959,1077.864302,8752.834345,17674.01198,0,0,0,43.8520337,154.8674101
47.55188,120.2998,203,62.11666667,41.725,51.95833333,8.85,271,L,Conventional ,20,3,SKIN,849.6,1587.54053,0,0,0,5475.728091,0,10353.67034,568.1255217,6733.826451,0,0,430.5060899,13832.19429,3215.654789,3717.809953,7249.115199,15173.14348,1885.105786,0,0,55.30525959,136.2535213
47.55188,120.2998,203,62.11666667,41.725,51.95833333,8.85,271,L,Conventional ,20,4,SKIN,857.3158426,1014.66863,0,3217.046385,0,1521.879687,0,16314.35141,807.4161588,11516.02374,0,0,126.040031,7443.336783,2090.283918,2572.752517,5306.123096,12102.49052,1839.460897,5.972516392,0,47.4663012,210.9529507
47.55188,120.2998,203,62.11666667,41.725,51.95833333,8.85,271,L,Conventional ,20,5,SKIN,842.0218038,1223.993742,0,0,0,3671.220785,0,0,668.4221749,371.2932384,0,0,0,1725.75151,1586.584593,1513.945287,3330.923505,7057.010435,1614.324879,0,0,56.67832627,157.7288434
46.97863,119.3915,390,63.68333333,39.45833333,51.56666667,4.23,5737,M,Organic ,21,1,PULP,840.3560831,0,0,0,0,5356.403894,0,725.5034232,0,1084.655403,0,0,0,0,0,0,0,0,0,0,0,84.02826059,15.53280307
46.97863,119.3915,390,63.68333333,39.45833333,51.56666667,4.23,5737,M,Organic ,21,2,PULP,847.4812968,314.6145765,0,0,0,3517.212952,0,294.6828511,0,891.986125,0,0,0,0,0,0,0,0,0,0,0,70.40094965,9.703802368
46.97863,119.3915,390,63.68333333,39.45833333,51.56666667,4.23,5737,M,Organic ,21,3,PULP,854.7283702,0,0,0,0,5362.259904,0,320.8307789,0,862.3430154,0,0,0,0,0,0,0,0,966.5253183,0,0,119.7815545,0
46.97863,119.3915,390,63.68333333,39.45833333,51.56666667,4.23,5737,M,Organic ,21,4,PULP,825.2549781,0,0,0,0,4789.413518,0,187.2607148,0,807.8920591,0,0,0,0,0,0,0,0,0,0,0,83.9221612,0
46.97863,119.3915,390,63.68333333,39.45833333,51.56666667,4.23,5737,M,Organic ,21,5,PULP,847.0588235,0,0,0,0,4814.856047,3.550711581,0,0,0,0,0,0,0,0,0,0,0,0,0,0,90.53423266,0
46.97863,119.3915,390,63.68333333,39.45833333,51.56666667,4.23,5737,M,Organic ,21,1,SEED,865.6138563,0,547.2263905,0,0,15453.68197,25.65999659,4974.903784,0,2709.039708,0,0,0,0,0,326.1735846,0,0,84565.43303,0,0,71.59223739,42.60473173
46.97863,119.3915,390,63.68333333,39.45833333,51.56666667,4.23,5737,M,Organic ,21,2,SEED,824.4541485,0,467.6069364,0,0,7558.216964,0,1916.124203,0,1337.39166,0,0,0,0,0,0,0,270.0795474,47029.94353,0,0,32.56347481,18.71813279
46.97863,119.3915,390,63.68333333,39.45833333,51.56666667,4.23,5737,M,Organic ,21,3,SEED,851.7293233,0,0,0,0,0,0,0,0,0,0,0,0,0,0,0,0,0,8751.082019,0,1354.352702,0,0
46.97863,119.3915,390,63.68333333,39.45833333,51.56666667,4.23,5737,M,Organic ,21,4,SEED,842.8571429,0,0,0,0,11007.6883,0,2472.904878,0,2135.032172,0,0,0,0,0,156.4199681,0,0,59341.4714,0,8.243944013,0,56.83237763
46.97863,119.3915,390,63.68333333,39.45833333,51.56666667,4.23,5737,M,Organic ,21,5,SEED,836.6322009,0,782.1765405,0,0,13924.10183,23.68027969,4523.667006,304.1100136,2695.668137,0,0,0,0,0,0,0,644.0651611,72090.0733,0,40.24389457,0,41.4823381
46.97863,119.3915,390,63.68333333,39.45833333,51.56666667,4.23,5737,M,Organic ,21,1,SKIN,844.1132638,2079.34778,0,0,0,1542.75072,0,19551.70936,789.1779451,12756.64757,0,0,399.0014035,13946.24237,3425.774036,4286.890447,8327.278897,17053.8931,2519.025389,57.30972774,0,33.51021624,214.1905423
46.97863,119.3915,390,63.68333333,39.45833333,51.56666667,4.23,5737,M,Organic ,21,2,SKIN,856.0201511,1850.314194,0,0,0,2098.272497,0,6790.230886,354.3497245,7989.074935,0,0,211.5110292,7169.961843,2385.065757,2417.560775,4832.110629,10070.17624,1447.490561,0,0,34.54513021,119.8954501
46.97863,119.3915,390,63.68333333,39.45833333,51.56666667,4.23,5737,M,Organic ,21,3,SKIN,830.9046455,1178.400279,0,0,0,1745.425873,0,6413.846831,511.2326339,5702.592916,0,0,206.6655715,5119.781989,1812.632561,1650.972996,3587.781709,6398.654415,1073.983144,0,0,22.46340268,110.5560643
46.97863,119.3915,390,63.68333333,39.45833333,51.56666667,4.23,5737,M,Organic ,21,4,SKIN,842.4392662,3773.85879,0,0,0,5392.766146,0,32231.08274,1601.186933,24844.40339,0,0,749.9998025,24206.01326,5485.573426,8510.516269,17318.56824,28641.44998,3287.194964,0,0,85.17337908,477.5164145
46.97863,119.3915,390,63.68333333,39.45833333,51.56666667,4.23,5737,M,Organic ,21,5,SKIN,857.3158426,17913.40026,0,0,0,42565.82508,2815.199983,145740.2044,4375.180966,17633.68793,0,0,0,13131.39442,76961.30004,29567.17051,35534.13382,265401.923,47774.99473,84132.82024,0,514.2800163,1954.275525
46.97863,119.3915,390,63.68333333,39.45833333,51.56666667,4.23,5737,M,Conventional ,22,1,PULP,867.381317,0,0,0,0,1654.114949,0,0,0,0,0,0,0,0,0,0,0,0,0,0,0,21.42254826,0
46.97863,119.3915,390,63.68333333,39.45833333,51.56666667,4.23,5737,M,Conventional ,22,2,PULP,834.987715,0,0,0,0,2398.825559,0,0,0,0,0,0,0,0,0,0,0,0,0,0,0,47.85437826,0
46.97863,119.3915,390,63.68333333,39.45833333,51.56666667,4.23,5737,M,Conventional ,22,3,PULP,842.8571429,0,0,0,0,2974.12794,0,0,0,0,0,0,0,0,0,0,0,0,0,0,0,47.50867305,0
46.97863,119.3915,390,63.68333333,39.45833333,51.56666667,4.23,5737,M,Conventional ,22,4,PULP,858.6154624,0,0,0,0,1645.655541,0,0,0,0,0,0,0,0,0,0,0,0,0,0,0,34.48155236,0
46.97863,119.3915,390,63.68333333,39.45833333,51.56666667,4.23,5737,M,Conventional ,22,5,PULP,844.9527598,0,0,0,0,0,0,0,0,0,0,0,0,0,0,0,0,0,0,0,0,0,0
46.97863,119.3915,390,63.68333333,39.45833333,51.56666667,4.23,5737,M,Conventional ,22,1,SEED,846.6367713,0,0,0,0,17946.43953,0,5532.149562,422.1317043,3370.313682,0,0,0,0,0,259.0881071,0,0,77933.93029,0,21.38227653,0,103.419878
46.97863,119.3915,390,63.68333333,39.45833333,51.56666667,4.23,5737,M,Conventional ,22,2,SEED,1809.584665,0,0,0,0,43411.90735,0,12295.5457,1008.213681,7831.985552,0,0,0,0,0,402.4416066,0,0,178647.4065,0,61.58846362,65.28501948,239.8550292
46.97863,119.3915,390,63.68333333,39.45833333,51.56666667,4.23,5737,M,Conventional ,22,3,SEED,1328.53792,0,0,0,0,18131.55921,127.6804572,2571.852116,0,1875.217825,0,0,0,0,0,0,0,1007.098341,122019.9481,0,37.1559884,0,72.19390125
46.97863,119.3915,390,63.68333333,39.45833333,51.56666667,4.23,5737,M,Conventional ,22,4,SEED,841.6047548,0,401.0021339,0,0,13481.16789,0,3226.678365,319.4018738,2436.239651,0,0,0,0,0,214.8768392,0,0,71044.8813,0,17.9579974,11.07560124,70.33199671
46.97863,119.3915,390,63.68333333,39.45833333,51.56666667,4.23,5737,M,Conventional ,22,5,SEED,12775.93985,0,0,0,0,73189.62419,0,7944.69665,0,7940.526005,0,0,0,0,0,0,0,0,328888.5845,0,0,0,290.0231822
46.97863,119.3915,390,63.68333333,39.45833333,51.56666667,4.23,5737,M,Conventional ,22,1,SKIN,818.8915663,0,0,0,0,725.3839078,0,3995.104309,310.652851,4199.773022,0,0,6203.812521,550.1965037,2519.165539,3412.413523,1002.538197,6762.194361,878.8597536,0,0,67.65324937,34.89245828
46.97863,119.3915,390,63.68333333,39.45833333,51.56666667,4.23,5737,M,Conventional ,22,2,SKIN,809.5283468,508.1960782,0,0,0,755.0524251,0,4444.727666,374.8102999,5053.696364,0,0,0,3612.849405,0,1461.381964,2848.566824,5690.622303,895.9330821,0,0,10.2042485,77.39341265
46.97863,119.3915,390,63.68333333,39.45833333,51.56666667,4.23,5737,M,Conventional ,22,3,SKIN,839.5256917,1386.096596,0,0,0,1519.189647,0,5196.543396,516.6430782,5716.526435,0,0,0,4844.332682,1449.858584,1811.341726,3628.167291,6517.312188,1053.582837,0,0,24.15742978,110.9736676
46.97863,119.3915,390,63.68333333,39.45833333,51.56666667,4.23,5737,M,Conventional ,22,4,SKIN,818.1030332,531.0723123,0,0,0,1429.295739,0,3548.812017,295.0384093,3761.564408,0,0,431.4633765,13582.87313,2705.013056,2912.566306,5367.326729,10930.70892,0,0,0,18.09779991,71.43698633
46.97863,119.3915,390,63.68333333,39.45833333,51.56666667,4.23,5737,M,Conventional ,22,5,SKIN,836.6322009,507.4728819,0,0,0,1619.693791,0,776.9645428,1210.647236,0,0,0,1072.070771,5641.297871,1366.337732,1392.156441,3955.403016,4837.231821,1049.83409,0,0,6.043045808,71.76793358
48.85879,119.4922,393,56.35,30.45,43.40833333,18.44,317,N,Organic ,23,1,PULP,851.3026052,0,0,0,0,3457.543017,8.149848871,0,0,0,0,0,0,0,0,0,0,0,1277.150918,0,0,59.78380118,0
48.85879,119.4922,393,56.35,30.45,43.40833333,18.44,317,N,Organic ,23,2,PULP,867.381317,0,0,0,0,5378.138704,25.16142677,346.442041,0,936.2323626,0,0,0,0,0,0,0,104.6985802,0,0,0,108.6258883,0
48.85879,119.4922,393,56.35,30.45,43.40833333,18.44,317,N,Organic ,23,3,PULP,844.1132638,0,0,0,0,0,0,0,0,0,0,0,0,0,0,0,0,0,0,0,0,0,0
48.85879,119.4922,393,56.35,30.45,43.40833333,18.44,317,N,Organic ,23,4,PULP,835.809149,0,0,0,0,4612.801264,23.79880037,0,0,0,0,0,0,0,0,0,0,0,1594.906498,0,0,68.52351883,0
48.85879,119.4922,393,56.35,30.45,43.40833333,18.44,317,N,Organic ,23,5,PULP,851.3026052,0,0,0,0,3488.589278,15.35791063,0,0,0,0,0,0,0,0,0,0,0,961.055902,0,0,61.31417627,0
48.85879,119.4922,393,56.35,30.45,43.40833333,18.44,317,N,Organic ,23,1,SEED,826.8613139,0,0,0,0,11068.60059,5.749311404,1898.829525,0,1469.004604,0,0,0,0,0,170.0897326,0,0,56003.26569,0,0.004585711,0,52.62072984
48.85879,119.4922,393,56.35,30.45,43.40833333,18.44,317,N,Organic ,23,2,SEED,766.0955816,0,0,0,0,6723.283542,0,1159.941896,0,953.1315244,0,0,0,0,0,0,0,301.8283105,38895.19697,0,0,0,34.04622086
48.85879,119.4922,393,56.35,30.45,43.40833333,18.44,317,N,Organic ,23,3,SEED,862.97613,0,0,0,0,9807.905908,0,1482.151843,0,1324.012877,0,0,0,0,0,163.6069275,0,0,51821.13079,0,1.820916149,0,41.97262209
48.85879,119.4922,393,56.35,30.45,43.40833333,18.44,317,N,Organic ,23,4,SEED,837.4568753,0,0,0,0,11147.8371,0,3075.040317,331.0798249,1872.093661,0,0,0,0,0,267.1977859,0,249.9495516,58810.74093,0,44.84810803,0,60.27876009
48.85879,119.4922,393,56.35,30.45,43.40833333,18.44,317,N,Organic ,23,5,SEED,735.9029883,0,0,0,0,0,0,0,0,0,0,0,0,0,0,0,0,0,3328.522828,0,310.4201951,0,0
48.85879,119.4922,393,56.35,30.45,43.40833333,18.44,317,N,Organic ,23,1,SKIN,824.4541485,1256.743505,0,2012.878646,0,3746.801283,0,10288.08344,416.6244912,9367.310483,0,0,237.8266049,7440.745011,1739.471859,1960.88755,4498.604978,6931.316671,1369.704854,0,0,34.24116516,167.695507
48.85879,119.4922,393,56.35,30.45,43.40833333,18.44,317,N,Organic ,23,2,SKIN,835.809149,1675.969404,0,0,0,4356.79988,0,6476.162,681.9527722,9477.575768,0,0,0,5859.624861,1594.946932,2261.384248,4569.751731,9048.169351,1394.577954,0,0,43.37771511,143.8158134
48.85879,119.4922,393,56.35,30.45,43.40833333,18.44,317,N,Organic ,23,3,SKIN,855.5891239,1240.353157,0,0,0,3287.599427,0,5758.698272,324.9652015,6461.15633,0,0,107.1321638,6629.329383,1755.823836,2661.811995,5145.241157,9842.454625,1430.026323,0,0,31.91909097,108.915997
48.85879,119.4922,393,56.35,30.45,43.40833333,18.44,317,N,Organic ,23,4,SKIN,829.2825769,1809.65868,0,0,0,6278.592755,82.1153279,15368.9102,955.7387833,500.5814472,0,0,0,1706.437089,1379.786197,1767.137083,3757.006292,6501.315363,1597.853589,0,0,63.6842193,215.9674202
48.85879,119.4922,393,56.35,30.45,43.40833333,18.44,317,N,Organic ,23,5,SKIN,816.1383285,1157.105843,0,1403.212498,0,3281.530649,0,5552.368915,0,696.6022972,0,0,4463.965047,431.2488387,1864.716031,57.9620398,2639.042131,4434.210944,1083.58221,0,0,25.47424514,93.32874243
48.72351,118.1218,493,58.15833333,33.90833333,46.04166667,15.81,402,P,Organic ,24,1,PULP,850.8763145,0,0,0,0,7861.277271,43.81001377,615.0250683,0,1116.725911,0,0,0,0,0,0,0,0,1009.116697,0,0,114.3912287,14.59477331
48.72351,118.1218,493,58.15833333,33.90833333,46.04166667,15.81,402,P,Organic ,24,2,PULP,834.5776031,0,0,0,0,12864.50482,68.09599416,1135.803211,0,1296.898111,0,0,0,0,0,0,0,0,1445.048907,0,0,163.273478,18.58511862
48.72351,118.1218,493,58.15833333,33.90833333,46.04166667,15.81,402,P,Organic ,24,3,PULP,858.1818182,799.5971112,0,0,0,12321.16572,103.2427011,1575.796066,0,2389.704589,0,0,0,0,0,0,0,98.6178736,1266.611638,0,0,209.4972365,28.86603889
48.72351,118.1218,493,58.15833333,33.90833333,46.04166667,15.81,402,P,Organic ,24,4,PULP,856.0201511,0,0,0,0,11589.34405,44.16121294,708.9106138,0,1055.195028,0,0,0,0,0,0,0,0,1220.838044,0,0,183.2953931,17.06983213
48.72351,118.1218,493,58.15833333,33.90833333,46.04166667,15.81,402,P,Organic ,24,5,PULP,844.9527598,0,0,0,0,1043.866599,72.25956495,0,0,0,0,0,0,0,0,0,0,0,0,0,0,31.37108022,0
48.72351,118.1218,493,58.15833333,33.90833333,46.04166667,15.81,402,P,Organic ,24,1,SEED,828.4739152,0,0,0,0,15632.83833,56.24767999,1077.297013,0,686.7760272,0,0,0,0,0,294.7035851,0,68.10672857,75869.05812,0,15.25628056,13.87579137,39.10747199
48.72351,118.1218,493,58.15833333,33.90833333,46.04166667,15.81,402,P,Organic ,24,2,SEED,850.4504505,0,548.7950242,0,0,19858.70957,68.58848207,1068.943947,0,2208.471527,0,0,0,0,0,345.887628,0,309.8924586,75724.70109,0,22.57118611,0,75.6192768
48.72351,118.1218,493,58.15833333,33.90833333,46.04166667,15.81,402,P,Organic ,24,3,SEED,850.0250125,0,829.8803888,0,0,25864.66914,120.807443,8084.919681,436.728182,4879.408803,0,0,0,0,0,327.0401575,0,246.9460094,90845.66643,0,12.69808262,0,106.5744851
48.72351,118.1218,493,58.15833333,33.90833333,46.04166667,15.81,402,P,Organic ,24,4,SEED,860.3544304,0,0,0,0,21103.87606,46.29222156,1271.464997,0,2916.498264,0,0,0,0,0,306.3193083,0,268.1795715,85804.7063,0,38.80558914,8.201140327,100.4225785
48.72351,118.1218,493,58.15833333,33.90833333,46.04166667,15.81,402,P,Organic ,24,5,SEED,816.1383285,0,0,0,0,16147.70151,29.15728217,4173.421087,0,570.8767386,0,0,0,54.3484802,0,312.581627,0,233.8674005,66633.29113,0,23.46524621,0,81.65771776
48.72351,118.1218,493,58.15833333,33.90833333,46.04166667,15.81,402,P,Organic ,24,1,SKIN,832.533072,2147.468591,0,0,0,6223.129199,0,10359.27169,784.4317526,12759.99762,0,0,437.9960209,25132.93685,3777.407304,7281.788284,13956.33553,23839.48159,5275.513768,0,0,92.44749201,179.3642297
48.72351,118.1218,493,58.15833333,33.90833333,46.04166667,15.81,402,P,Organic ,24,2,SKIN,856.0201511,1962.032793,0,0,0,8884.92277,0,6962.782161,746.71287,10451.56448,0,0,1273.87726,42867.16317,5975.709851,8755.194511,16879.05458,31592.42537,6522.406468,0,0,113.7096934,149.119314
48.72351,118.1218,493,58.15833333,33.90833333,46.04166667,15.81,402,P,Organic ,24,3,SKIN,857.7486118,4910.018756,0,4311.453904,521.7284708,12057.39721,1.089576438,18432.80513,1320.586914,18459.98454,0,0,736.0536798,30799.07683,5702.490149,10452.7915,19956.20359,29646.26137,12333.9364,53.53228973,0,178.767189,261.8322639
48.72351,118.1218,493,58.15833333,33.90833333,46.04166667,15.81,402,P,Organic ,24,4,SKIN,836.2204724,2378.623185,0,0,0,7503.933624,0,8322.044187,1010.798261,13582.50622,0,0,245.1708396,14340.59077,2950.225288,5296.05317,10557.7116,16526.06205,5072.278907,0,0,81.23368351,168.1715548
48.72351,118.1218,493,58.15833333,33.90833333,46.04166667,15.81,402,P,Organic ,24,5,SKIN,837.4568753,1469.626686,0,0,1215.63514,5071.363098,0,7990.280122,540.7156896,8837.36315,0,0,33278.54308,2837.502989,8286.818806,1026.712456,2347.03103,26295.34972,0,0,0,68.17614626,151.0540201
